-- MySQL dump 10.13  Distrib 8.0.28, for Linux (x86_64)
--
-- Host: localhost    Database: docker
-- ------------------------------------------------------
-- Server version	8.0.28

/*!40101 SET @OLD_CHARACTER_SET_CLIENT=@@CHARACTER_SET_CLIENT */;
/*!40101 SET @OLD_CHARACTER_SET_RESULTS=@@CHARACTER_SET_RESULTS */;
/*!40101 SET @OLD_COLLATION_CONNECTION=@@COLLATION_CONNECTION */;
/*!50503 SET NAMES utf8mb4 */;
/*!40103 SET @OLD_TIME_ZONE=@@TIME_ZONE */;
/*!40103 SET TIME_ZONE='+00:00' */;
/*!40014 SET @OLD_UNIQUE_CHECKS=@@UNIQUE_CHECKS, UNIQUE_CHECKS=0 */;
/*!40014 SET @OLD_FOREIGN_KEY_CHECKS=@@FOREIGN_KEY_CHECKS, FOREIGN_KEY_CHECKS=0 */;
/*!40101 SET @OLD_SQL_MODE=@@SQL_MODE, SQL_MODE='NO_AUTO_VALUE_ON_ZERO' */;
/*!40111 SET @OLD_SQL_NOTES=@@SQL_NOTES, SQL_NOTES=0 */;

--
-- Table structure for table `account_review_feed_pulls`
--

DROP TABLE IF EXISTS `account_review_feed_pulls`;
/*!40101 SET @saved_cs_client     = @@character_set_client */;
/*!50503 SET character_set_client = utf8mb4 */;
CREATE TABLE `account_review_feed_pulls` (
  `id` int NOT NULL AUTO_INCREMENT,
  `account_review_feed_id` int NOT NULL,
  `account_review_pull_id` int NOT NULL,
  `status` int NOT NULL,
  `created` datetime NOT NULL,
  `modified` datetime NOT NULL,
  `deleted` int NOT NULL DEFAULT '0',
  `deleted_date` datetime DEFAULT NULL,
  PRIMARY KEY (`id`),
  KEY `account_review_pull_id` (`account_review_pull_id`),
  KEY `account_review_feed_id` (`account_review_feed_id`),
  CONSTRAINT `account_review_feed_pulls_ibfk_1` FOREIGN KEY (`account_review_pull_id`) REFERENCES `account_review_pulls` (`id`) ON DELETE CASCADE ON UPDATE CASCADE,
  CONSTRAINT `account_review_feed_pulls_ibfk_2` FOREIGN KEY (`account_review_feed_id`) REFERENCES `account_review_feeds` (`id`) ON DELETE CASCADE ON UPDATE CASCADE
) ENGINE=InnoDB DEFAULT CHARSET=utf8mb4 COLLATE=utf8mb4_unicode_ci;
/*!40101 SET character_set_client = @saved_cs_client */;

--
-- Dumping data for table `account_review_feed_pulls`
--

LOCK TABLES `account_review_feed_pulls` WRITE;
/*!40000 ALTER TABLE `account_review_feed_pulls` DISABLE KEYS */;
/*!40000 ALTER TABLE `account_review_feed_pulls` ENABLE KEYS */;
UNLOCK TABLES;

--
-- Table structure for table `account_review_feed_row_roles`
--

DROP TABLE IF EXISTS `account_review_feed_row_roles`;
/*!40101 SET @saved_cs_client     = @@character_set_client */;
/*!50503 SET character_set_client = utf8mb4 */;
CREATE TABLE `account_review_feed_row_roles` (
  `id` int NOT NULL AUTO_INCREMENT,
  `account_review_feed_row_id` int NOT NULL,
  `name` varchar(255) COLLATE utf8mb4_unicode_ci NOT NULL DEFAULT '',
  `created` datetime NOT NULL,
  PRIMARY KEY (`id`),
  KEY `account_review_feed_row_id` (`account_review_feed_row_id`),
  CONSTRAINT `account_review_feed_row_roles_ibfk_1` FOREIGN KEY (`account_review_feed_row_id`) REFERENCES `account_review_feed_rows` (`id`) ON DELETE CASCADE ON UPDATE CASCADE
) ENGINE=InnoDB DEFAULT CHARSET=utf8mb4 COLLATE=utf8mb4_unicode_ci;
/*!40101 SET character_set_client = @saved_cs_client */;

--
-- Dumping data for table `account_review_feed_row_roles`
--

LOCK TABLES `account_review_feed_row_roles` WRITE;
/*!40000 ALTER TABLE `account_review_feed_row_roles` DISABLE KEYS */;
/*!40000 ALTER TABLE `account_review_feed_row_roles` ENABLE KEYS */;
UNLOCK TABLES;

--
-- Table structure for table `account_review_feed_rows`
--

DROP TABLE IF EXISTS `account_review_feed_rows`;
/*!40101 SET @saved_cs_client     = @@character_set_client */;
/*!50503 SET character_set_client = utf8mb4 */;
CREATE TABLE `account_review_feed_rows` (
  `id` int NOT NULL AUTO_INCREMENT,
  `account_review_feed_id` int NOT NULL,
  `account_review_feed_pull_id` int NOT NULL,
  `user` varchar(255) COLLATE utf8mb4_unicode_ci NOT NULL DEFAULT '',
  `description` varchar(255) COLLATE utf8mb4_unicode_ci NOT NULL DEFAULT '',
  `created` datetime NOT NULL,
  PRIMARY KEY (`id`),
  KEY `account_review_feed_pull_id` (`account_review_feed_pull_id`),
  KEY `account_review_feed_id` (`account_review_feed_id`),
  CONSTRAINT `account_review_feed_rows_ibfk_1` FOREIGN KEY (`account_review_feed_pull_id`) REFERENCES `account_review_feed_pulls` (`id`) ON DELETE CASCADE ON UPDATE CASCADE,
  CONSTRAINT `account_review_feed_rows_ibfk_2` FOREIGN KEY (`account_review_feed_id`) REFERENCES `account_review_feeds` (`id`) ON DELETE CASCADE ON UPDATE CASCADE
) ENGINE=InnoDB DEFAULT CHARSET=utf8mb4 COLLATE=utf8mb4_unicode_ci;
/*!40101 SET character_set_client = @saved_cs_client */;

--
-- Dumping data for table `account_review_feed_rows`
--

LOCK TABLES `account_review_feed_rows` WRITE;
/*!40000 ALTER TABLE `account_review_feed_rows` DISABLE KEYS */;
/*!40000 ALTER TABLE `account_review_feed_rows` ENABLE KEYS */;
UNLOCK TABLES;

--
-- Table structure for table `account_review_feedback_roles`
--

DROP TABLE IF EXISTS `account_review_feedback_roles`;
/*!40101 SET @saved_cs_client     = @@character_set_client */;
/*!50503 SET character_set_client = utf8mb4 */;
CREATE TABLE `account_review_feedback_roles` (
  `id` int NOT NULL AUTO_INCREMENT,
  `account_review_feedback_id` int NOT NULL,
  `type` int DEFAULT NULL,
  `name` varchar(255) COLLATE utf8mb4_unicode_ci NOT NULL DEFAULT '',
  `created` datetime NOT NULL,
  PRIMARY KEY (`id`),
  KEY `account_review_feedback_id` (`account_review_feedback_id`),
  CONSTRAINT `account_review_feedback_roles_ibfk_1` FOREIGN KEY (`account_review_feedback_id`) REFERENCES `account_review_feedbacks` (`id`) ON DELETE CASCADE ON UPDATE CASCADE
) ENGINE=InnoDB DEFAULT CHARSET=utf8mb4 COLLATE=utf8mb4_unicode_ci;
/*!40101 SET character_set_client = @saved_cs_client */;

--
-- Dumping data for table `account_review_feedback_roles`
--

LOCK TABLES `account_review_feedback_roles` WRITE;
/*!40000 ALTER TABLE `account_review_feedback_roles` DISABLE KEYS */;
/*!40000 ALTER TABLE `account_review_feedback_roles` ENABLE KEYS */;
UNLOCK TABLES;

--
-- Table structure for table `account_review_feedbacks`
--

DROP TABLE IF EXISTS `account_review_feedbacks`;
/*!40101 SET @saved_cs_client     = @@character_set_client */;
/*!50503 SET character_set_client = utf8mb4 */;
CREATE TABLE `account_review_feedbacks` (
  `id` int NOT NULL AUTO_INCREMENT,
  `account_review_pull_id` int NOT NULL,
  `type` int NOT NULL,
  `user` varchar(255) COLLATE utf8mb4_unicode_ci NOT NULL DEFAULT '',
  `description` varchar(255) COLLATE utf8mb4_unicode_ci NOT NULL DEFAULT '',
  `answer` int DEFAULT NULL,
  `locked` int NOT NULL DEFAULT '0',
  `user_id` int DEFAULT NULL,
  `created` datetime NOT NULL,
  `modified` datetime NOT NULL,
  `edited` datetime DEFAULT NULL,
  `deleted` int NOT NULL DEFAULT '0',
  `deleted_date` datetime DEFAULT NULL,
  PRIMARY KEY (`id`),
  KEY `user_id` (`user_id`),
  KEY `account_review_pull_id` (`account_review_pull_id`),
  CONSTRAINT `account_review_feedbacks_ibfk_1` FOREIGN KEY (`user_id`) REFERENCES `users` (`id`) ON DELETE SET NULL ON UPDATE CASCADE,
  CONSTRAINT `account_review_feedbacks_ibfk_2` FOREIGN KEY (`account_review_pull_id`) REFERENCES `account_review_pulls` (`id`) ON DELETE CASCADE ON UPDATE CASCADE
) ENGINE=InnoDB DEFAULT CHARSET=utf8mb4 COLLATE=utf8mb4_unicode_ci;
/*!40101 SET character_set_client = @saved_cs_client */;

--
-- Dumping data for table `account_review_feedbacks`
--

LOCK TABLES `account_review_feedbacks` WRITE;
/*!40000 ALTER TABLE `account_review_feedbacks` DISABLE KEYS */;
/*!40000 ALTER TABLE `account_review_feedbacks` ENABLE KEYS */;
UNLOCK TABLES;

--
-- Table structure for table `account_review_feeds`
--

DROP TABLE IF EXISTS `account_review_feeds`;
/*!40101 SET @saved_cs_client     = @@character_set_client */;
/*!50503 SET character_set_client = utf8mb4 */;
CREATE TABLE `account_review_feeds` (
  `id` int NOT NULL AUTO_INCREMENT,
  `title` varchar(255) COLLATE utf8mb4_unicode_ci NOT NULL DEFAULT '',
  `description` text COLLATE utf8mb4_unicode_ci NOT NULL,
  `type` int NOT NULL,
  `path` text COLLATE utf8mb4_unicode_ci NOT NULL,
  `local_file` text COLLATE utf8mb4_unicode_ci,
  `created` datetime NOT NULL,
  `modified` datetime NOT NULL,
  `deleted` int NOT NULL DEFAULT '0',
  `deleted_date` datetime DEFAULT NULL,
  PRIMARY KEY (`id`)
) ENGINE=InnoDB DEFAULT CHARSET=utf8mb4 COLLATE=utf8mb4_unicode_ci;
/*!40101 SET character_set_client = @saved_cs_client */;

--
-- Dumping data for table `account_review_feeds`
--

LOCK TABLES `account_review_feeds` WRITE;
/*!40000 ALTER TABLE `account_review_feeds` DISABLE KEYS */;
/*!40000 ALTER TABLE `account_review_feeds` ENABLE KEYS */;
UNLOCK TABLES;

--
-- Table structure for table `account_review_findings`
--

DROP TABLE IF EXISTS `account_review_findings`;
/*!40101 SET @saved_cs_client     = @@character_set_client */;
/*!50503 SET character_set_client = utf8mb4 */;
CREATE TABLE `account_review_findings` (
  `id` int NOT NULL AUTO_INCREMENT,
  `account_review_pull_id` int NOT NULL,
  `title` varchar(255) COLLATE utf8mb4_unicode_ci NOT NULL DEFAULT '',
  `description` text COLLATE utf8mb4_unicode_ci NOT NULL,
  `deadline` date NOT NULL,
  `close_date` date DEFAULT NULL,
  `auto_close_date` int NOT NULL DEFAULT '1',
  `status` int NOT NULL,
  `expired` int NOT NULL DEFAULT '0',
  `created` datetime NOT NULL,
  `modified` datetime NOT NULL,
  `edited` datetime DEFAULT NULL,
  `deleted` int NOT NULL DEFAULT '0',
  `deleted_date` datetime DEFAULT NULL,
  PRIMARY KEY (`id`),
  KEY `account_review_pull_id` (`account_review_pull_id`),
  CONSTRAINT `account_review_findings_ibfk_1` FOREIGN KEY (`account_review_pull_id`) REFERENCES `account_review_pulls` (`id`) ON DELETE CASCADE ON UPDATE CASCADE
) ENGINE=InnoDB DEFAULT CHARSET=utf8mb4 COLLATE=utf8mb4_unicode_ci;
/*!40101 SET character_set_client = @saved_cs_client */;

--
-- Dumping data for table `account_review_findings`
--

LOCK TABLES `account_review_findings` WRITE;
/*!40000 ALTER TABLE `account_review_findings` DISABLE KEYS */;
/*!40000 ALTER TABLE `account_review_findings` ENABLE KEYS */;
UNLOCK TABLES;

--
-- Table structure for table `account_review_findings_feedbacks`
--

DROP TABLE IF EXISTS `account_review_findings_feedbacks`;
/*!40101 SET @saved_cs_client     = @@character_set_client */;
/*!50503 SET character_set_client = utf8mb4 */;
CREATE TABLE `account_review_findings_feedbacks` (
  `id` int NOT NULL AUTO_INCREMENT,
  `account_review_finding_id` int NOT NULL,
  `account_review_feedback_id` int NOT NULL,
  PRIMARY KEY (`id`),
  KEY `account_review_finding_id` (`account_review_finding_id`),
  KEY `account_review_feedback_id` (`account_review_feedback_id`),
  CONSTRAINT `account_review_findings_feedbacks_ibfk_1` FOREIGN KEY (`account_review_finding_id`) REFERENCES `account_review_findings` (`id`) ON DELETE CASCADE ON UPDATE CASCADE,
  CONSTRAINT `account_review_findings_feedbacks_ibfk_2` FOREIGN KEY (`account_review_feedback_id`) REFERENCES `account_review_feedbacks` (`id`) ON DELETE CASCADE ON UPDATE CASCADE
) ENGINE=InnoDB DEFAULT CHARSET=utf8mb4 COLLATE=utf8mb4_unicode_ci;
/*!40101 SET character_set_client = @saved_cs_client */;

--
-- Dumping data for table `account_review_findings_feedbacks`
--

LOCK TABLES `account_review_findings_feedbacks` WRITE;
/*!40000 ALTER TABLE `account_review_findings_feedbacks` DISABLE KEYS */;
/*!40000 ALTER TABLE `account_review_findings_feedbacks` ENABLE KEYS */;
UNLOCK TABLES;

--
-- Table structure for table `account_review_pulls`
--

DROP TABLE IF EXISTS `account_review_pulls`;
/*!40101 SET @saved_cs_client     = @@character_set_client */;
/*!50503 SET character_set_client = utf8mb4 */;
CREATE TABLE `account_review_pulls` (
  `id` int NOT NULL AUTO_INCREMENT,
  `hash` varchar(255) COLLATE utf8mb4_unicode_ci NOT NULL DEFAULT '',
  `account_review_id` int NOT NULL,
  `status` int NOT NULL,
  `submitted` int NOT NULL DEFAULT '0',
  `submit_date` datetime DEFAULT NULL,
  `count_check` int NOT NULL DEFAULT '0',
  `count_added` int NOT NULL DEFAULT '0',
  `count_deleted` int NOT NULL DEFAULT '0',
  `count_current_check` int NOT NULL DEFAULT '0',
  `count_former_check` int NOT NULL DEFAULT '0',
  `count_role_change` int NOT NULL DEFAULT '0',
  `created` datetime NOT NULL,
  `modified` datetime NOT NULL,
  `edited` datetime DEFAULT NULL,
  `deleted` int NOT NULL DEFAULT '0',
  `deleted_date` datetime DEFAULT NULL,
  PRIMARY KEY (`id`),
  KEY `account_review_id` (`account_review_id`),
  CONSTRAINT `account_review_pulls_ibfk_1` FOREIGN KEY (`account_review_id`) REFERENCES `account_reviews` (`id`) ON DELETE CASCADE ON UPDATE CASCADE
) ENGINE=InnoDB DEFAULT CHARSET=utf8mb4 COLLATE=utf8mb4_unicode_ci;
/*!40101 SET character_set_client = @saved_cs_client */;

--
-- Dumping data for table `account_review_pulls`
--

LOCK TABLES `account_review_pulls` WRITE;
/*!40000 ALTER TABLE `account_review_pulls` DISABLE KEYS */;
/*!40000 ALTER TABLE `account_review_pulls` ENABLE KEYS */;
UNLOCK TABLES;

--
-- Table structure for table `account_reviews`
--

DROP TABLE IF EXISTS `account_reviews`;
/*!40101 SET @saved_cs_client     = @@character_set_client */;
/*!50503 SET character_set_client = utf8mb4 */;
CREATE TABLE `account_reviews` (
  `id` int NOT NULL AUTO_INCREMENT,
  `hash` varchar(255) COLLATE utf8mb4_unicode_ci NOT NULL DEFAULT '',
  `title` varchar(255) COLLATE utf8mb4_unicode_ci NOT NULL DEFAULT '',
  `description` text COLLATE utf8mb4_unicode_ci NOT NULL,
  `type` int NOT NULL,
  `frequency` int NOT NULL,
  `frequency_type` int NOT NULL,
  `comparison_type` int NOT NULL,
  `account_review_feed_id` int DEFAULT NULL,
  `comparison_account_review_feed_id` int DEFAULT NULL,
  `portal_title` varchar(255) COLLATE utf8mb4_unicode_ci NOT NULL DEFAULT '',
  `portal_description` text COLLATE utf8mb4_unicode_ci NOT NULL,
  `incomplete_submit` int NOT NULL DEFAULT '0',
  `auto_submit_empty` int NOT NULL DEFAULT '1',
  `status` int NOT NULL DEFAULT '0',
  `created` datetime NOT NULL,
  `modified` datetime NOT NULL,
  `edited` datetime DEFAULT NULL,
  `deleted` int NOT NULL DEFAULT '0',
  `deleted_date` datetime DEFAULT NULL,
  PRIMARY KEY (`id`),
  KEY `comparison_account_review_feed_id` (`comparison_account_review_feed_id`),
  KEY `account_review_feed_id` (`account_review_feed_id`),
  CONSTRAINT `account_reviews_ibfk_1` FOREIGN KEY (`comparison_account_review_feed_id`) REFERENCES `account_review_feeds` (`id`) ON DELETE SET NULL ON UPDATE CASCADE,
  CONSTRAINT `account_reviews_ibfk_2` FOREIGN KEY (`account_review_feed_id`) REFERENCES `account_review_feeds` (`id`) ON DELETE SET NULL ON UPDATE CASCADE
) ENGINE=InnoDB DEFAULT CHARSET=utf8mb4 COLLATE=utf8mb4_unicode_ci;
/*!40101 SET character_set_client = @saved_cs_client */;

--
-- Dumping data for table `account_reviews`
--

LOCK TABLES `account_reviews` WRITE;
/*!40000 ALTER TABLE `account_reviews` DISABLE KEYS */;
/*!40000 ALTER TABLE `account_reviews` ENABLE KEYS */;
UNLOCK TABLES;

--
-- Table structure for table `account_reviews_assets`
--

DROP TABLE IF EXISTS `account_reviews_assets`;
/*!40101 SET @saved_cs_client     = @@character_set_client */;
/*!50503 SET character_set_client = utf8mb4 */;
CREATE TABLE `account_reviews_assets` (
  `id` int NOT NULL AUTO_INCREMENT,
  `account_review_id` int NOT NULL,
  `asset_id` int NOT NULL,
  PRIMARY KEY (`id`),
  KEY `asset_id` (`asset_id`),
  KEY `account_review_id` (`account_review_id`),
  CONSTRAINT `account_reviews_assets_ibfk_1` FOREIGN KEY (`asset_id`) REFERENCES `assets` (`id`) ON DELETE CASCADE ON UPDATE CASCADE,
  CONSTRAINT `account_reviews_assets_ibfk_2` FOREIGN KEY (`account_review_id`) REFERENCES `account_reviews` (`id`) ON DELETE CASCADE ON UPDATE CASCADE
) ENGINE=InnoDB DEFAULT CHARSET=utf8mb4 COLLATE=utf8mb4_unicode_ci;
/*!40101 SET character_set_client = @saved_cs_client */;

--
-- Dumping data for table `account_reviews_assets`
--

LOCK TABLES `account_reviews_assets` WRITE;
/*!40000 ALTER TABLE `account_reviews_assets` DISABLE KEYS */;
/*!40000 ALTER TABLE `account_reviews_assets` ENABLE KEYS */;
UNLOCK TABLES;

--
-- Table structure for table `acos`
--

DROP TABLE IF EXISTS `acos`;
/*!40101 SET @saved_cs_client     = @@character_set_client */;
/*!50503 SET character_set_client = utf8mb4 */;
CREATE TABLE `acos` (
  `id` int NOT NULL AUTO_INCREMENT,
  `parent_id` int DEFAULT NULL,
  `model` varchar(255) COLLATE utf8mb4_unicode_ci DEFAULT NULL,
  `foreign_key` int DEFAULT NULL,
  `alias` varchar(255) COLLATE utf8mb4_unicode_ci DEFAULT NULL,
  `lft` int DEFAULT NULL,
  `rght` int DEFAULT NULL,
  PRIMARY KEY (`id`),
  KEY `alias` (`alias`),
  KEY `model` (`model`)
) ENGINE=InnoDB DEFAULT CHARSET=utf8mb4 COLLATE=utf8mb4_unicode_ci;
/*!40101 SET character_set_client = @saved_cs_client */;

--
-- Dumping data for table `acos`
--

LOCK TABLES `acos` WRITE;
/*!40000 ALTER TABLE `acos` DISABLE KEYS */;
/*!40000 ALTER TABLE `acos` ENABLE KEYS */;
UNLOCK TABLES;

--
-- Table structure for table `advanced_filter_cron_result_items`
--

DROP TABLE IF EXISTS `advanced_filter_cron_result_items`;
/*!40101 SET @saved_cs_client     = @@character_set_client */;
/*!50503 SET character_set_client = utf8mb4 */;
CREATE TABLE `advanced_filter_cron_result_items` (
  `id` int NOT NULL AUTO_INCREMENT,
  `advanced_filter_cron_id` int NOT NULL,
  `data` text COLLATE utf8mb4_unicode_ci NOT NULL,
  `created` datetime NOT NULL,
  PRIMARY KEY (`id`),
  KEY `advanced_filter_cron_id` (`advanced_filter_cron_id`),
  CONSTRAINT `advanced_filter_cron_result_items_ibfk_1` FOREIGN KEY (`advanced_filter_cron_id`) REFERENCES `advanced_filter_crons` (`id`) ON DELETE CASCADE ON UPDATE CASCADE
) ENGINE=InnoDB DEFAULT CHARSET=utf8mb4 COLLATE=utf8mb4_unicode_ci;
/*!40101 SET character_set_client = @saved_cs_client */;

--
-- Dumping data for table `advanced_filter_cron_result_items`
--

LOCK TABLES `advanced_filter_cron_result_items` WRITE;
/*!40000 ALTER TABLE `advanced_filter_cron_result_items` DISABLE KEYS */;
/*!40000 ALTER TABLE `advanced_filter_cron_result_items` ENABLE KEYS */;
UNLOCK TABLES;

--
-- Table structure for table `advanced_filter_crons`
--

DROP TABLE IF EXISTS `advanced_filter_crons`;
/*!40101 SET @saved_cs_client     = @@character_set_client */;
/*!50503 SET character_set_client = utf8mb4 */;
CREATE TABLE `advanced_filter_crons` (
  `id` int NOT NULL AUTO_INCREMENT,
  `advanced_filter_id` int NOT NULL,
  `cron_id` int DEFAULT NULL,
  `type` int DEFAULT NULL,
  `result` int DEFAULT NULL,
  `execution_time` float NOT NULL,
  `created` datetime NOT NULL,
  PRIMARY KEY (`id`),
  KEY `cron_id` (`cron_id`),
  KEY `advanced_filter_id` (`advanced_filter_id`),
  CONSTRAINT `advanced_filter_crons_ibfk_1` FOREIGN KEY (`cron_id`) REFERENCES `cron` (`id`) ON DELETE CASCADE ON UPDATE CASCADE,
  CONSTRAINT `advanced_filter_crons_ibfk_2` FOREIGN KEY (`advanced_filter_id`) REFERENCES `advanced_filters` (`id`) ON DELETE CASCADE ON UPDATE CASCADE
) ENGINE=InnoDB DEFAULT CHARSET=utf8mb4 COLLATE=utf8mb4_unicode_ci;
/*!40101 SET character_set_client = @saved_cs_client */;

--
-- Dumping data for table `advanced_filter_crons`
--

LOCK TABLES `advanced_filter_crons` WRITE;
/*!40000 ALTER TABLE `advanced_filter_crons` DISABLE KEYS */;
/*!40000 ALTER TABLE `advanced_filter_crons` ENABLE KEYS */;
UNLOCK TABLES;

--
-- Table structure for table `advanced_filter_user_params`
--

DROP TABLE IF EXISTS `advanced_filter_user_params`;
/*!40101 SET @saved_cs_client     = @@character_set_client */;
/*!50503 SET character_set_client = utf8mb4 */;
CREATE TABLE `advanced_filter_user_params` (
  `id` int NOT NULL AUTO_INCREMENT,
  `advanced_filter_id` int NOT NULL,
  `user_id` int NOT NULL,
  `type` int NOT NULL DEFAULT '0',
  `param` varchar(255) COLLATE utf8mb4_unicode_ci NOT NULL DEFAULT '',
  `value` text COLLATE utf8mb4_unicode_ci,
  `created` datetime NOT NULL,
  PRIMARY KEY (`id`),
  KEY `user_id` (`user_id`),
  KEY `advanced_filter_id` (`advanced_filter_id`),
  CONSTRAINT `advanced_filter_user_params_ibfk_1` FOREIGN KEY (`user_id`) REFERENCES `users` (`id`) ON DELETE CASCADE ON UPDATE CASCADE,
  CONSTRAINT `advanced_filter_user_params_ibfk_2` FOREIGN KEY (`advanced_filter_id`) REFERENCES `advanced_filters` (`id`) ON DELETE CASCADE ON UPDATE CASCADE
) ENGINE=InnoDB DEFAULT CHARSET=utf8mb4 COLLATE=utf8mb4_unicode_ci;
/*!40101 SET character_set_client = @saved_cs_client */;

--
-- Dumping data for table `advanced_filter_user_params`
--

LOCK TABLES `advanced_filter_user_params` WRITE;
/*!40000 ALTER TABLE `advanced_filter_user_params` DISABLE KEYS */;
/*!40000 ALTER TABLE `advanced_filter_user_params` ENABLE KEYS */;
UNLOCK TABLES;

--
-- Table structure for table `advanced_filter_user_settings`
--

DROP TABLE IF EXISTS `advanced_filter_user_settings`;
/*!40101 SET @saved_cs_client     = @@character_set_client */;
/*!50503 SET character_set_client = utf8mb4 */;
CREATE TABLE `advanced_filter_user_settings` (
  `id` int NOT NULL AUTO_INCREMENT,
  `advanced_filter_id` int NOT NULL,
  `user_id` int NOT NULL,
  `vertical_scroll` int NOT NULL DEFAULT '0',
  `default_index` int NOT NULL DEFAULT '0',
  `limit` int NOT NULL DEFAULT '10',
  `created` datetime NOT NULL,
  `modified` datetime NOT NULL,
  PRIMARY KEY (`id`),
  KEY `user_id` (`user_id`),
  KEY `advanced_filter_id` (`advanced_filter_id`),
  CONSTRAINT `advanced_filter_user_settings_ibfk_1` FOREIGN KEY (`user_id`) REFERENCES `users` (`id`) ON DELETE CASCADE ON UPDATE CASCADE,
  CONSTRAINT `advanced_filter_user_settings_ibfk_2` FOREIGN KEY (`advanced_filter_id`) REFERENCES `advanced_filters` (`id`) ON DELETE CASCADE ON UPDATE CASCADE
) ENGINE=InnoDB AUTO_INCREMENT=292 DEFAULT CHARSET=utf8mb4 COLLATE=utf8mb4_unicode_ci;
/*!40101 SET character_set_client = @saved_cs_client */;

--
-- Dumping data for table `advanced_filter_user_settings`
--

LOCK TABLES `advanced_filter_user_settings` WRITE;
/*!40000 ALTER TABLE `advanced_filter_user_settings` DISABLE KEYS */;
INSERT INTO `advanced_filter_user_settings` VALUES (1,1,1,0,1,10,'2023-01-18 10:50:49','2023-01-18 10:50:49'),(2,2,1,0,0,10,'2023-01-18 10:50:49','2023-01-18 10:50:49'),(3,3,1,0,0,10,'2023-01-18 10:50:49','2023-01-18 10:50:49'),(4,4,1,0,0,10,'2023-01-18 10:50:49','2023-01-18 10:50:49'),(5,5,1,0,0,10,'2023-01-18 10:50:49','2023-01-18 10:50:49'),(6,6,1,0,1,10,'2023-01-18 10:50:49','2023-01-18 10:50:49'),(7,7,1,0,1,10,'2023-01-18 10:50:49','2023-01-18 10:50:49'),(8,8,1,0,1,10,'2023-01-18 10:50:49','2023-01-18 10:50:49'),(9,9,1,0,1,10,'2023-01-18 10:50:49','2023-01-18 10:50:49'),(10,10,1,0,1,10,'2023-01-18 10:50:49','2023-01-18 10:50:49'),(11,11,1,0,1,10,'2023-01-18 10:50:49','2023-01-18 10:50:49'),(12,12,1,0,0,10,'2023-01-18 10:50:49','2023-01-18 10:50:49'),(13,13,1,0,0,10,'2023-01-18 10:50:49','2023-01-18 10:50:49'),(14,14,1,0,0,10,'2023-01-18 10:50:49','2023-01-18 10:50:49'),(15,15,1,0,0,10,'2023-01-18 10:50:49','2023-01-18 10:50:49'),(16,16,1,0,1,10,'2023-01-18 10:50:50','2023-01-18 10:50:50'),(17,17,1,0,0,10,'2023-01-18 10:50:50','2023-01-18 10:50:50'),(18,18,1,0,0,10,'2023-01-18 10:50:50','2023-01-18 10:50:50'),(19,19,1,0,0,10,'2023-01-18 10:50:50','2023-01-18 10:50:50'),(20,20,1,0,0,10,'2023-01-18 10:50:50','2023-01-18 10:50:50'),(21,21,1,0,0,10,'2023-01-18 10:50:50','2023-01-18 10:50:50'),(22,22,1,0,0,10,'2023-01-18 10:50:50','2023-01-18 10:50:50'),(23,23,1,0,0,10,'2023-01-18 10:50:50','2023-01-18 10:50:50'),(24,24,1,0,0,10,'2023-01-18 10:50:50','2023-01-18 10:50:50'),(25,25,1,0,0,10,'2023-01-18 10:50:50','2023-01-18 10:50:50'),(26,26,1,0,1,10,'2023-01-18 10:50:50','2023-01-18 10:50:50'),(27,27,1,0,0,10,'2023-01-18 10:50:50','2023-01-18 10:50:50'),(28,28,1,0,0,10,'2023-01-18 10:50:50','2023-01-18 10:50:50'),(29,29,1,0,0,10,'2023-01-18 10:50:50','2023-01-18 10:50:50'),(30,30,1,0,0,10,'2023-01-18 10:50:50','2023-01-18 10:50:50'),(31,31,1,0,1,10,'2023-01-18 10:50:50','2023-01-18 10:50:50'),(32,32,1,0,1,10,'2023-01-18 10:50:50','2023-01-18 10:50:50'),(33,33,1,0,1,10,'2023-01-18 10:50:50','2023-01-18 10:50:50'),(34,34,1,0,1,10,'2023-01-18 10:50:50','2023-01-18 10:50:50'),(35,35,1,0,1,10,'2023-01-18 10:50:50','2023-01-18 10:50:50'),(36,36,1,0,0,10,'2023-01-18 10:50:50','2023-01-18 10:50:50'),(37,37,1,0,0,10,'2023-01-18 10:50:50','2023-01-18 10:50:50'),(38,38,1,0,0,10,'2023-01-18 10:50:50','2023-01-18 10:50:50'),(39,39,1,0,0,10,'2023-01-18 10:50:50','2023-01-18 10:50:50'),(40,40,1,0,1,10,'2023-01-18 10:50:50','2023-01-18 10:50:50'),(41,41,1,0,1,10,'2023-01-18 10:50:50','2023-01-18 10:50:50'),(42,42,1,0,1,10,'2023-01-18 10:50:50','2023-01-18 10:50:50'),(43,43,1,0,1,10,'2023-01-18 10:50:50','2023-01-18 10:50:50'),(44,44,1,0,1,10,'2023-01-18 10:50:50','2023-01-18 10:50:50'),(45,45,1,0,1,10,'2023-01-18 10:50:50','2023-01-18 10:50:50'),(46,46,1,0,0,10,'2023-01-18 10:50:50','2023-01-18 10:50:50'),(47,47,1,0,0,10,'2023-01-18 10:50:50','2023-01-18 10:50:50'),(48,48,1,0,0,10,'2023-01-18 10:50:50','2023-01-18 10:50:50'),(49,49,1,0,0,10,'2023-01-18 10:50:50','2023-01-18 10:50:50'),(50,50,1,0,1,10,'2023-01-18 10:50:50','2023-01-18 10:50:50'),(51,51,1,0,0,10,'2023-01-18 10:50:50','2023-01-18 10:50:50'),(52,52,1,0,0,10,'2023-01-18 10:50:50','2023-01-18 10:50:50'),(53,53,1,0,0,10,'2023-01-18 10:50:50','2023-01-18 10:50:50'),(54,54,1,0,0,10,'2023-01-18 10:50:50','2023-01-18 10:50:50'),(55,55,1,0,1,10,'2023-01-18 10:50:50','2023-01-18 10:50:50'),(56,56,1,0,1,10,'2023-01-18 10:50:50','2023-01-18 10:50:50'),(57,57,1,0,0,10,'2023-01-18 10:50:50','2023-01-18 10:50:50'),(58,58,1,0,0,10,'2023-01-18 10:50:50','2023-01-18 10:50:50'),(59,59,1,0,0,10,'2023-01-18 10:50:50','2023-01-18 10:50:50'),(60,60,1,0,0,10,'2023-01-18 10:50:50','2023-01-18 10:50:50'),(61,61,1,0,1,10,'2023-01-18 10:50:50','2023-01-18 10:50:50'),(62,62,1,0,1,10,'2023-01-18 10:50:50','2023-01-18 10:50:50'),(63,63,1,0,0,10,'2023-01-18 10:50:50','2023-01-18 10:50:50'),(64,64,1,0,0,10,'2023-01-18 10:50:51','2023-01-18 10:50:51'),(65,65,1,0,0,10,'2023-01-18 10:50:51','2023-01-18 10:50:51'),(66,66,1,0,0,10,'2023-01-18 10:50:51','2023-01-18 10:50:51'),(67,67,1,0,1,10,'2023-01-18 10:50:51','2023-01-18 10:50:51'),(68,68,1,0,1,10,'2023-01-18 10:50:51','2023-01-18 10:50:51'),(69,69,1,0,0,10,'2023-01-18 10:50:51','2023-01-18 10:50:51'),(70,70,1,0,0,10,'2023-01-18 10:50:51','2023-01-18 10:50:51'),(71,71,1,0,0,10,'2023-01-18 10:50:51','2023-01-18 10:50:51'),(72,72,1,0,0,10,'2023-01-18 10:50:51','2023-01-18 10:50:51'),(73,73,1,0,1,10,'2023-01-18 10:50:51','2023-01-18 10:50:51'),(74,74,1,0,1,10,'2023-01-18 10:50:51','2023-01-18 10:50:51'),(75,75,1,0,0,10,'2023-01-18 10:50:51','2023-01-18 10:50:51'),(76,76,1,0,0,10,'2023-01-18 10:50:51','2023-01-18 10:50:51'),(77,77,1,0,0,10,'2023-01-18 10:50:51','2023-01-18 10:50:51'),(78,78,1,0,0,10,'2023-01-18 10:50:51','2023-01-18 10:50:51'),(79,79,1,0,1,10,'2023-01-18 10:50:51','2023-01-18 10:50:51'),(80,80,1,0,1,10,'2023-01-18 10:50:51','2023-01-18 10:50:51'),(81,81,1,0,0,10,'2023-01-18 10:50:51','2023-01-18 10:50:51'),(82,82,1,0,0,10,'2023-01-18 10:50:51','2023-01-18 10:50:51'),(83,83,1,0,0,10,'2023-01-18 10:50:51','2023-01-18 10:50:51'),(84,84,1,0,0,10,'2023-01-18 10:50:51','2023-01-18 10:50:51'),(85,85,1,0,1,10,'2023-01-18 10:50:51','2023-01-18 10:50:51'),(86,86,1,0,1,10,'2023-01-18 10:50:51','2023-01-18 10:50:51'),(87,87,1,0,0,10,'2023-01-18 10:50:51','2023-01-18 10:50:51'),(88,88,1,0,0,10,'2023-01-18 10:50:51','2023-01-18 10:50:51'),(89,89,1,0,0,10,'2023-01-18 10:50:51','2023-01-18 10:50:51'),(90,90,1,0,0,10,'2023-01-18 10:50:51','2023-01-18 10:50:51'),(91,91,1,0,1,10,'2023-01-18 10:50:51','2023-01-18 10:50:51'),(92,92,1,0,1,10,'2023-01-18 10:50:51','2023-01-18 10:50:51'),(93,93,1,0,0,10,'2023-01-18 10:50:51','2023-01-18 10:50:51'),(94,94,1,0,0,10,'2023-01-18 10:50:51','2023-01-18 10:50:51'),(95,95,1,0,0,10,'2023-01-18 10:50:51','2023-01-18 10:50:51'),(96,96,1,0,0,10,'2023-01-18 10:50:51','2023-01-18 10:50:51'),(97,97,1,0,1,10,'2023-01-18 10:50:51','2023-01-18 10:50:51'),(98,98,1,0,1,10,'2023-01-18 10:50:51','2023-01-18 10:50:51'),(99,99,1,0,0,10,'2023-01-18 10:50:51','2023-01-18 10:50:51'),(100,100,1,0,0,10,'2023-01-18 10:50:51','2023-01-18 10:50:51'),(101,101,1,0,0,10,'2023-01-18 10:50:51','2023-01-18 10:50:51'),(102,102,1,0,0,10,'2023-01-18 10:50:51','2023-01-18 10:50:51'),(103,103,1,0,1,10,'2023-01-18 10:50:51','2023-01-18 10:50:51'),(104,104,1,0,1,10,'2023-01-18 10:50:51','2023-01-18 10:50:51'),(105,105,1,0,0,10,'2023-01-18 10:50:51','2023-01-18 10:50:51'),(106,106,1,0,0,10,'2023-01-18 10:50:51','2023-01-18 10:50:51'),(107,107,1,0,0,10,'2023-01-18 10:50:51','2023-01-18 10:50:51'),(108,108,1,0,0,10,'2023-01-18 10:50:51','2023-01-18 10:50:51'),(109,109,1,0,1,10,'2023-01-18 10:50:51','2023-01-18 10:50:51'),(110,110,1,0,1,10,'2023-01-18 10:50:51','2023-01-18 10:50:51'),(111,111,1,0,0,10,'2023-01-18 10:50:51','2023-01-18 10:50:51'),(112,112,1,0,0,10,'2023-01-18 10:50:51','2023-01-18 10:50:51'),(113,113,1,0,0,10,'2023-01-18 10:50:51','2023-01-18 10:50:51'),(114,114,1,0,0,10,'2023-01-18 10:50:51','2023-01-18 10:50:51'),(115,115,1,0,1,10,'2023-01-18 10:50:51','2023-01-18 10:50:51'),(116,116,1,0,1,10,'2023-01-18 10:50:51','2023-01-18 10:50:51'),(117,117,1,0,1,10,'2023-01-18 10:50:51','2023-01-18 10:50:51'),(118,118,1,0,0,10,'2023-01-18 10:50:51','2023-01-18 10:50:51'),(119,119,1,0,0,10,'2023-01-18 10:50:51','2023-01-18 10:50:51'),(120,120,1,0,0,10,'2023-01-18 10:50:51','2023-01-18 10:50:51'),(121,121,1,0,0,10,'2023-01-18 10:50:51','2023-01-18 10:50:51'),(122,122,1,0,1,10,'2023-01-18 10:50:51','2023-01-18 10:50:51'),(123,123,1,0,1,10,'2023-01-18 10:50:52','2023-01-18 10:50:52'),(124,124,1,0,1,10,'2023-01-18 10:50:52','2023-01-18 10:50:52'),(125,125,1,0,0,10,'2023-01-18 10:50:52','2023-01-18 10:50:52'),(126,126,1,0,0,10,'2023-01-18 10:50:52','2023-01-18 10:50:52'),(127,127,1,0,0,10,'2023-01-18 10:50:52','2023-01-18 10:50:52'),(128,128,1,0,0,10,'2023-01-18 10:50:52','2023-01-18 10:50:52'),(129,129,1,0,1,10,'2023-01-18 10:50:52','2023-01-18 10:50:52'),(130,130,1,0,1,10,'2023-01-18 10:50:52','2023-01-18 10:50:52'),(131,131,1,0,1,10,'2023-01-18 10:50:52','2023-01-18 10:50:52'),(132,132,1,0,0,10,'2023-01-18 10:50:52','2023-01-18 10:50:52'),(133,133,1,0,0,10,'2023-01-18 10:50:52','2023-01-18 10:50:52'),(134,134,1,0,0,10,'2023-01-18 10:50:52','2023-01-18 10:50:52'),(135,135,1,0,0,10,'2023-01-18 10:50:52','2023-01-18 10:50:52'),(136,136,1,0,1,10,'2023-01-18 10:50:52','2023-01-18 10:50:52'),(137,137,1,0,1,10,'2023-01-18 10:50:52','2023-01-18 10:50:52'),(138,138,1,0,1,10,'2023-01-18 10:50:52','2023-01-18 10:50:52'),(139,139,1,0,0,10,'2023-01-18 10:50:52','2023-01-18 10:50:52'),(140,140,1,0,0,10,'2023-01-18 10:50:52','2023-01-18 10:50:52'),(141,141,1,0,0,10,'2023-01-18 10:50:52','2023-01-18 10:50:52'),(142,142,1,0,0,10,'2023-01-18 10:50:52','2023-01-18 10:50:52'),(143,143,1,0,1,10,'2023-01-18 10:50:52','2023-01-18 10:50:52'),(144,144,1,0,0,10,'2023-01-18 10:50:52','2023-01-18 10:50:52'),(145,145,1,0,0,10,'2023-01-18 10:50:52','2023-01-18 10:50:52'),(146,146,1,0,0,10,'2023-01-18 10:50:52','2023-01-18 10:50:52'),(147,147,1,0,0,10,'2023-01-18 10:50:52','2023-01-18 10:50:52'),(148,148,1,0,1,10,'2023-01-18 10:50:52','2023-01-18 10:50:52'),(149,149,1,0,1,10,'2023-01-18 10:50:52','2023-01-18 10:50:52'),(150,150,1,0,0,10,'2023-01-18 10:50:52','2023-01-18 10:50:52'),(151,151,1,0,0,10,'2023-01-18 10:50:52','2023-01-18 10:50:52'),(152,152,1,0,0,10,'2023-01-18 10:50:52','2023-01-18 10:50:52'),(153,153,1,0,0,10,'2023-01-18 10:50:52','2023-01-18 10:50:52'),(154,154,1,0,1,10,'2023-01-18 10:50:52','2023-01-18 10:50:52'),(155,155,1,0,1,10,'2023-01-18 10:50:52','2023-01-18 10:50:52'),(156,156,1,0,1,10,'2023-01-18 10:50:52','2023-01-18 10:50:52'),(157,157,1,0,1,10,'2023-01-18 10:50:52','2023-01-18 10:50:52'),(158,158,1,0,1,10,'2023-01-18 10:50:52','2023-01-18 10:50:52'),(159,159,1,0,1,10,'2023-01-18 10:50:52','2023-01-18 10:50:52'),(160,160,1,0,0,10,'2023-01-18 10:50:52','2023-01-18 10:50:52'),(161,161,1,0,1,10,'2023-01-18 10:50:52','2023-01-18 10:50:52'),(162,162,1,0,1,10,'2023-01-18 10:50:52','2023-01-18 10:50:52'),(163,163,1,0,0,10,'2023-01-18 10:50:52','2023-01-18 10:50:52'),(164,164,1,0,0,10,'2023-01-18 10:50:52','2023-01-18 10:50:52'),(165,165,1,0,0,10,'2023-01-18 10:50:52','2023-01-18 10:50:52'),(166,166,1,0,0,10,'2023-01-18 10:50:52','2023-01-18 10:50:52'),(167,167,1,0,0,10,'2023-01-18 10:50:52','2023-01-18 10:50:52'),(168,168,1,0,0,10,'2023-01-18 10:50:52','2023-01-18 10:50:52'),(169,169,1,0,1,10,'2023-01-18 10:50:52','2023-01-18 10:50:52'),(170,170,1,0,0,10,'2023-01-18 10:50:52','2023-01-18 10:50:52'),(171,171,1,0,0,10,'2023-01-18 10:50:52','2023-01-18 10:50:52'),(172,172,1,0,0,10,'2023-01-18 10:50:52','2023-01-18 10:50:52'),(173,173,1,0,0,10,'2023-01-18 10:50:52','2023-01-18 10:50:52'),(174,174,1,0,1,10,'2023-01-18 10:50:52','2023-01-18 10:50:52'),(175,175,1,0,0,10,'2023-01-18 10:50:53','2023-01-18 10:50:53'),(176,176,1,0,1,10,'2023-01-18 10:50:53','2023-01-18 10:50:53'),(177,177,1,0,0,10,'2023-01-18 10:50:53','2023-01-18 10:50:53'),(178,178,1,0,0,10,'2023-01-18 10:50:53','2023-01-18 10:50:53'),(179,179,1,0,0,10,'2023-01-18 10:50:53','2023-01-18 10:50:53'),(180,180,1,0,0,10,'2023-01-18 10:50:53','2023-01-18 10:50:53'),(181,181,1,0,0,10,'2023-01-18 10:50:53','2023-01-18 10:50:53'),(182,182,1,0,0,10,'2023-01-18 10:50:53','2023-01-18 10:50:53'),(183,183,1,0,0,10,'2023-01-18 10:50:53','2023-01-18 10:50:53'),(184,184,1,0,1,10,'2023-01-18 10:50:53','2023-01-18 10:50:53'),(185,185,1,0,1,10,'2023-01-18 10:50:53','2023-01-18 10:50:53'),(186,186,1,0,1,10,'2023-01-18 10:50:53','2023-01-18 10:50:53'),(187,187,1,0,0,10,'2023-01-18 10:50:53','2023-01-18 10:50:53'),(188,188,1,0,0,10,'2023-01-18 10:50:53','2023-01-18 10:50:53'),(189,189,1,0,0,10,'2023-01-18 10:50:53','2023-01-18 10:50:53'),(190,190,1,0,0,10,'2023-01-18 10:50:53','2023-01-18 10:50:53'),(191,191,1,0,1,10,'2023-01-18 10:50:53','2023-01-18 10:50:53'),(192,192,1,0,0,10,'2023-01-18 10:50:53','2023-01-18 10:50:53'),(193,193,1,0,0,10,'2023-01-18 10:50:53','2023-01-18 10:50:53'),(194,194,1,0,0,10,'2023-01-18 10:50:53','2023-01-18 10:50:53'),(195,195,1,0,0,10,'2023-01-18 10:50:53','2023-01-18 10:50:53'),(196,196,1,0,0,10,'2023-01-18 10:50:53','2023-01-18 10:50:53'),(197,197,1,0,0,10,'2023-01-18 10:50:53','2023-01-18 10:50:53'),(198,198,1,0,0,10,'2023-01-18 10:50:53','2023-01-18 10:50:53'),(199,199,1,0,1,10,'2023-01-18 10:50:53','2023-01-18 10:50:53'),(200,200,1,0,0,10,'2023-01-18 10:50:53','2023-01-18 10:50:53'),(201,201,1,0,0,10,'2023-01-18 10:50:53','2023-01-18 10:50:53'),(202,202,1,0,0,10,'2023-01-18 10:50:53','2023-01-18 10:50:53'),(203,203,1,0,0,10,'2023-01-18 10:50:53','2023-01-18 10:50:53'),(204,204,1,0,1,10,'2023-01-18 10:50:53','2023-01-18 10:50:53'),(205,205,1,0,0,10,'2023-01-18 10:50:53','2023-01-18 10:50:53'),(206,206,1,0,0,10,'2023-01-18 10:50:53','2023-01-18 10:50:53'),(207,207,1,0,0,10,'2023-01-18 10:50:53','2023-01-18 10:50:53'),(208,208,1,0,0,10,'2023-01-18 10:50:53','2023-01-18 10:50:53'),(209,209,1,0,1,10,'2023-01-18 10:50:53','2023-01-18 10:50:53'),(210,210,1,0,0,10,'2023-01-18 10:50:53','2023-01-18 10:50:53'),(211,211,1,0,0,10,'2023-01-18 10:50:53','2023-01-18 10:50:53'),(212,212,1,0,0,10,'2023-01-18 10:50:53','2023-01-18 10:50:53'),(213,213,1,0,0,10,'2023-01-18 10:50:53','2023-01-18 10:50:53'),(214,214,1,0,1,10,'2023-01-18 10:50:53','2023-01-18 10:50:53'),(215,215,1,0,0,10,'2023-01-18 10:50:53','2023-01-18 10:50:53'),(216,216,1,0,0,10,'2023-01-18 10:50:53','2023-01-18 10:50:53'),(217,217,1,0,0,10,'2023-01-18 10:50:53','2023-01-18 10:50:53'),(218,218,1,0,0,10,'2023-01-18 10:50:53','2023-01-18 10:50:53'),(219,219,1,0,1,10,'2023-01-18 10:50:53','2023-01-18 10:50:53'),(220,220,1,0,1,10,'2023-01-18 10:50:53','2023-01-18 10:50:53'),(221,221,1,0,0,10,'2023-01-18 10:50:53','2023-01-18 10:50:53'),(222,222,1,0,0,10,'2023-01-18 10:50:53','2023-01-18 10:50:53'),(223,223,1,0,0,10,'2023-01-18 10:50:53','2023-01-18 10:50:53'),(224,224,1,0,0,10,'2023-01-18 10:50:53','2023-01-18 10:50:53'),(225,225,1,0,1,10,'2023-01-18 10:50:53','2023-01-18 10:50:53'),(226,226,1,0,0,10,'2023-01-18 10:50:53','2023-01-18 10:50:53'),(227,227,1,0,0,10,'2023-01-18 10:50:53','2023-01-18 10:50:53'),(228,228,1,0,0,10,'2023-01-18 10:50:53','2023-01-18 10:50:53'),(229,229,1,0,0,10,'2023-01-18 10:50:53','2023-01-18 10:50:53'),(230,230,1,0,1,10,'2023-01-18 10:50:53','2023-01-18 10:50:53'),(231,231,1,0,0,10,'2023-01-18 10:50:53','2023-01-18 10:50:53'),(232,232,1,0,0,10,'2023-01-18 10:50:53','2023-01-18 10:50:53'),(233,233,1,0,0,10,'2023-01-18 10:50:53','2023-01-18 10:50:53'),(234,234,1,0,0,10,'2023-01-18 10:50:53','2023-01-18 10:50:53'),(235,235,1,0,1,10,'2023-01-18 10:50:53','2023-01-18 10:50:53'),(236,236,1,0,0,10,'2023-01-18 10:50:53','2023-01-18 10:50:53'),(237,237,1,0,0,10,'2023-01-18 10:50:53','2023-01-18 10:50:53'),(238,238,1,0,0,10,'2023-01-18 10:50:53','2023-01-18 10:50:53'),(239,239,1,0,0,10,'2023-01-18 10:50:53','2023-01-18 10:50:53'),(240,240,1,0,1,10,'2023-01-18 10:50:53','2023-01-18 10:50:53'),(241,241,1,0,0,10,'2023-01-18 10:50:53','2023-01-18 10:50:53'),(242,242,1,0,0,10,'2023-01-18 10:50:53','2023-01-18 10:50:53'),(243,243,1,0,0,10,'2023-01-18 10:50:53','2023-01-18 10:50:53'),(244,244,1,0,0,10,'2023-01-18 10:50:53','2023-01-18 10:50:53'),(245,245,1,0,1,10,'2023-01-18 10:50:53','2023-01-18 10:50:53'),(246,246,1,0,0,10,'2023-01-18 10:50:53','2023-01-18 10:50:53'),(247,247,1,0,0,10,'2023-01-18 10:50:53','2023-01-18 10:50:53'),(248,248,1,0,0,10,'2023-01-18 10:50:53','2023-01-18 10:50:53'),(249,249,1,0,0,10,'2023-01-18 10:50:54','2023-01-18 10:50:54'),(250,250,1,0,1,10,'2023-01-18 10:50:54','2023-01-18 10:50:54'),(251,251,1,0,0,10,'2023-01-18 10:50:54','2023-01-18 10:50:54'),(252,252,1,0,0,10,'2023-01-18 10:50:54','2023-01-18 10:50:54'),(253,253,1,0,0,10,'2023-01-18 10:50:54','2023-01-18 10:50:54'),(254,254,1,0,0,10,'2023-01-18 10:50:54','2023-01-18 10:50:54'),(255,255,1,0,1,10,'2023-01-18 10:50:54','2023-01-18 10:50:54'),(256,256,1,0,0,10,'2023-01-18 10:50:54','2023-01-18 10:50:54'),(257,257,1,0,0,10,'2023-01-18 10:50:54','2023-01-18 10:50:54'),(258,258,1,0,0,10,'2023-01-18 10:50:54','2023-01-18 10:50:54'),(259,259,1,0,0,10,'2023-01-18 10:50:54','2023-01-18 10:50:54'),(260,260,1,0,1,10,'2023-01-18 10:50:54','2023-01-18 10:50:54'),(261,261,1,0,0,10,'2023-01-18 10:50:54','2023-01-18 10:50:54'),(262,262,1,0,0,10,'2023-01-18 10:50:54','2023-01-18 10:50:54'),(263,263,1,0,0,10,'2023-01-18 10:50:54','2023-01-18 10:50:54'),(264,264,1,0,0,10,'2023-01-18 10:50:54','2023-01-18 10:50:54'),(265,265,1,0,1,10,'2023-01-18 10:50:54','2023-01-18 10:50:54'),(266,266,1,0,0,10,'2023-01-18 10:50:54','2023-01-18 10:50:54'),(267,267,1,0,0,10,'2023-01-18 10:50:54','2023-01-18 10:50:54'),(268,268,1,0,0,10,'2023-01-18 10:50:54','2023-01-18 10:50:54'),(269,269,1,0,0,10,'2023-01-18 10:50:54','2023-01-18 10:50:54'),(270,270,1,0,1,10,'2023-01-18 10:50:54','2023-01-18 10:50:54'),(271,271,1,0,0,10,'2023-01-18 10:50:54','2023-01-18 10:50:54'),(272,272,1,0,0,10,'2023-01-18 10:50:54','2023-01-18 10:50:54'),(273,273,1,0,0,10,'2023-01-18 10:50:54','2023-01-18 10:50:54'),(274,274,1,0,0,10,'2023-01-18 10:50:54','2023-01-18 10:50:54'),(275,275,1,0,1,10,'2023-01-18 10:50:54','2023-01-18 10:50:54'),(276,276,1,0,1,10,'2023-01-18 10:50:54','2023-01-18 10:50:54'),(277,277,1,0,0,10,'2023-01-18 10:50:54','2023-01-18 10:50:54'),(278,278,1,0,0,10,'2023-01-18 10:50:54','2023-01-18 10:50:54'),(279,279,1,0,0,10,'2023-01-18 10:50:54','2023-01-18 10:50:54'),(280,280,1,0,0,10,'2023-01-18 10:50:54','2023-01-18 10:50:54'),(281,281,1,0,1,10,'2023-01-18 10:50:54','2023-01-18 10:50:54'),(282,282,1,0,0,10,'2023-01-18 10:50:54','2023-01-18 10:50:54'),(283,283,1,0,0,10,'2023-01-18 10:50:54','2023-01-18 10:50:54'),(284,284,1,0,0,10,'2023-01-18 10:50:54','2023-01-18 10:50:54'),(285,285,1,0,0,10,'2023-01-18 10:50:54','2023-01-18 10:50:54'),(286,286,1,0,1,10,'2023-01-18 10:50:54','2023-01-18 10:50:54'),(287,287,1,0,1,10,'2023-01-18 10:50:54','2023-01-18 10:50:54'),(288,288,1,0,1,10,'2023-01-18 10:50:54','2023-01-18 10:50:54'),(289,289,1,0,1,10,'2023-01-18 10:50:54','2023-01-18 10:50:54'),(290,290,1,0,1,10,'2023-01-18 10:59:01','2023-01-18 10:59:01'),(291,291,1,0,1,10,'2023-01-18 10:59:01','2023-01-18 10:59:01');
/*!40000 ALTER TABLE `advanced_filter_user_settings` ENABLE KEYS */;
UNLOCK TABLES;

--
-- Table structure for table `advanced_filter_values`
--

DROP TABLE IF EXISTS `advanced_filter_values`;
/*!40101 SET @saved_cs_client     = @@character_set_client */;
/*!50503 SET character_set_client = utf8mb4 */;
CREATE TABLE `advanced_filter_values` (
  `id` int NOT NULL AUTO_INCREMENT,
  `advanced_filter_id` int NOT NULL,
  `field` varchar(255) COLLATE utf8mb4_unicode_ci NOT NULL,
  `value` text COLLATE utf8mb4_unicode_ci NOT NULL,
  `many` int unsigned NOT NULL DEFAULT '0',
  PRIMARY KEY (`id`),
  KEY `advanced_filter_id` (`advanced_filter_id`),
  CONSTRAINT `advanced_filter_values_ibfk_1` FOREIGN KEY (`advanced_filter_id`) REFERENCES `advanced_filters` (`id`) ON DELETE CASCADE ON UPDATE CASCADE
) ENGINE=InnoDB AUTO_INCREMENT=4059 DEFAULT CHARSET=utf8mb4 COLLATE=utf8mb4_unicode_ci;
/*!40101 SET character_set_client = @saved_cs_client */;

--
-- Dumping data for table `advanced_filter_values`
--

LOCK TABLES `advanced_filter_values` WRITE;
/*!40000 ALTER TABLE `advanced_filter_values` DISABLE KEYS */;
INSERT INTO `advanced_filter_values` VALUES (1,1,'advanced_filter','1',0),(2,1,'name__show','1',0),(3,1,'description__show','1',0),(4,1,'LegalAdvisor__show','1',0),(5,1,'risk_magnifier__show','1',0),(6,1,'_limit','-1',0),(7,1,'_order_column','created',0),(8,1,'_order_direction','DESC',0),(9,2,'advanced_filter','1',0),(10,2,'name__show','1',0),(11,2,'description__show','0',0),(12,2,'LegalAdvisor__show','0',0),(13,2,'risk_magnifier__show','0',0),(14,2,'_limit','-1',0),(15,2,'_order_column','name',0),(16,2,'_order_direction','ASC',0),(17,2,'last_comment','_minus_1_days_',0),(18,2,'last_comment__comp_type','1',0),(19,2,'last_comment__use_calendar','0',0),(20,2,'comment_message__show','1',0),(21,3,'advanced_filter','1',0),(22,3,'name__show','1',0),(23,3,'description__show','0',0),(24,3,'LegalAdvisor__show','0',0),(25,3,'risk_magnifier__show','0',0),(26,3,'_limit','-1',0),(27,3,'_order_column','name',0),(28,3,'_order_direction','ASC',0),(29,3,'last_attachment','_minus_1_days_',0),(30,3,'last_attachment__comp_type','1',0),(31,3,'last_attachment__use_calendar','0',0),(32,3,'attachment_filename__show','1',0),(33,4,'advanced_filter','1',0),(34,4,'name__show','1',0),(35,4,'description__show','0',0),(36,4,'LegalAdvisor__show','0',0),(37,4,'risk_magnifier__show','0',0),(38,4,'_limit','-1',0),(39,4,'_order_column','name',0),(40,4,'_order_direction','ASC',0),(41,4,'created','_minus_1_days_',0),(42,4,'created__comp_type','1',0),(43,5,'advanced_filter','1',0),(44,5,'name__show','1',0),(45,5,'description__show','0',0),(46,5,'LegalAdvisor__show','0',0),(47,5,'risk_magnifier__show','0',0),(48,5,'_limit','-1',0),(49,5,'_order_column','name',0),(50,5,'_order_direction','ASC',0),(51,5,'modified','_minus_1_days_',0),(52,5,'modified__comp_type','1',0),(53,6,'advanced_filter','1',0),(54,6,'Webhook-model__show','1',0),(55,6,'Webhook-foreign_key__show','1',0),(56,6,'status__show','1',0),(57,6,'method__show','1',0),(58,6,'url__show','1',0),(59,6,'timeout__show','1',0),(60,6,'execution_time__show','1',0),(61,6,'headers_safe__show','1',0),(62,6,'content_safe__show','1',0),(63,6,'response_code__show','1',0),(64,6,'response_headers_safe__show','1',0),(65,6,'response_content_safe__show','1',0),(66,6,'error__show','1',0),(67,6,'created__show','1',0),(68,6,'_limit','-1',0),(69,6,'_order_column','created',0),(70,6,'_order_direction','DESC',0),(71,7,'advanced_filter','1',0),(72,7,'Webhook-model__show','1',0),(73,7,'Webhook-foreign_key__show','1',0),(74,7,'status__show','1',0),(75,7,'method__show','1',0),(76,7,'url__show','1',0),(77,7,'timeout__show','1',0),(78,7,'execution_time__show','1',0),(79,7,'headers_safe__show','1',0),(80,7,'content_safe__show','1',0),(81,7,'response_code__show','1',0),(82,7,'response_headers_safe__show','1',0),(83,7,'response_content_safe__show','1',0),(84,7,'error__show','1',0),(85,7,'created__show','1',0),(86,7,'_limit','-1',0),(87,7,'_order_column','created',0),(88,7,'_order_direction','DESC',0),(89,7,'status','4',0),(90,7,'status__comp_type','5',0),(91,8,'advanced_filter','1',0),(92,8,'Webhook-model__show','1',0),(93,8,'Webhook-foreign_key__show','1',0),(94,8,'status__show','1',0),(95,8,'method__show','1',0),(96,8,'url__show','1',0),(97,8,'timeout__show','1',0),(98,8,'execution_time__show','1',0),(99,8,'headers_safe__show','1',0),(100,8,'content_safe__show','1',0),(101,8,'response_code__show','1',0),(102,8,'response_headers_safe__show','1',0),(103,8,'response_content_safe__show','1',0),(104,8,'error__show','1',0),(105,8,'created__show','1',0),(106,8,'_limit','-1',0),(107,8,'_order_column','created',0),(108,8,'_order_direction','DESC',0),(109,8,'status','3',0),(110,8,'status__comp_type','5',0),(111,9,'advanced_filter','1',0),(112,9,'queue_id__show','1',0),(113,9,'model__show','1',0),(114,9,'foreign_key__show','1',0),(115,9,'description__show','1',0),(116,9,'status__show','1',0),(117,9,'created__show','1',0),(118,9,'_limit','-1',0),(119,9,'_order_column','id',0),(120,9,'_order_direction','ASC',0),(121,9,'status','1',0),(122,10,'advanced_filter','1',0),(123,10,'queue_id__show','1',0),(124,10,'model__show','1',0),(125,10,'foreign_key__show','1',0),(126,10,'description__show','1',0),(127,10,'status__show','1',0),(128,10,'created__show','1',0),(129,10,'_limit','-1',0),(130,10,'_order_column','id',0),(131,10,'_order_direction','ASC',0),(132,10,'status','0',0),(133,11,'advanced_filter','1',0),(134,11,'name__show','1',0),(135,11,'description__show','1',0),(136,11,'third_party_type_id__show','1',0),(137,11,'Sponsor__show','1',0),(138,11,'Legal__show','1',0),(139,11,'_limit','-1',0),(140,11,'_order_column','created',0),(141,11,'_order_direction','DESC',0),(142,12,'advanced_filter','1',0),(143,12,'name__show','1',0),(144,12,'description__show','0',0),(145,12,'third_party_type_id__show','0',0),(146,12,'Sponsor__show','0',0),(147,12,'Legal__show','0',0),(148,12,'_limit','-1',0),(149,12,'_order_column','name',0),(150,12,'_order_direction','ASC',0),(151,12,'last_comment','_minus_1_days_',0),(152,12,'last_comment__comp_type','1',0),(153,12,'last_comment__use_calendar','0',0),(154,12,'comment_message__show','1',0),(155,13,'advanced_filter','1',0),(156,13,'name__show','1',0),(157,13,'description__show','0',0),(158,13,'third_party_type_id__show','0',0),(159,13,'Sponsor__show','0',0),(160,13,'Legal__show','0',0),(161,13,'_limit','-1',0),(162,13,'_order_column','name',0),(163,13,'_order_direction','ASC',0),(164,13,'last_attachment','_minus_1_days_',0),(165,13,'last_attachment__comp_type','1',0),(166,13,'last_attachment__use_calendar','0',0),(167,13,'attachment_filename__show','1',0),(168,14,'advanced_filter','1',0),(169,14,'name__show','1',0),(170,14,'description__show','0',0),(171,14,'third_party_type_id__show','0',0),(172,14,'Sponsor__show','0',0),(173,14,'Legal__show','0',0),(174,14,'_limit','-1',0),(175,14,'_order_column','name',0),(176,14,'_order_direction','ASC',0),(177,14,'created','_minus_1_days_',0),(178,14,'created__comp_type','1',0),(179,15,'advanced_filter','1',0),(180,15,'name__show','1',0),(181,15,'description__show','0',0),(182,15,'third_party_type_id__show','0',0),(183,15,'Sponsor__show','0',0),(184,15,'Legal__show','0',0),(185,15,'_limit','-1',0),(186,15,'_order_column','name',0),(187,15,'_order_direction','ASC',0),(188,15,'modified','_minus_1_days_',0),(189,15,'modified__comp_type','1',0),(190,16,'advanced_filter','1',0),(191,16,'SecurityServiceAudits_count__show','1',0),(192,16,'SecurityServiceMaintenances_count__show','1',0),(193,16,'SecurityServiceIssues_count__show','1',0),(194,16,'name__show','1',0),(195,16,'objective__show','1',0),(196,16,'ServiceOwner__show','1',0),(197,16,'Collaborator__show','1',0),(198,16,'opex__show','1',0),(199,16,'capex__show','1',0),(200,16,'resource_utilization__show','1',0),(201,16,'_limit','-1',0),(202,16,'_order_column','created',0),(203,16,'_order_direction','DESC',0),(204,17,'advanced_filter','1',0),(205,17,'SecurityServiceAudits_count__show','0',0),(206,17,'SecurityServiceMaintenances_count__show','0',0),(207,17,'SecurityServiceIssues_count__show','0',0),(208,17,'name__show','1',0),(209,17,'objective__show','0',0),(210,17,'ServiceOwner__show','0',0),(211,17,'Collaborator__show','0',0),(212,17,'opex__show','0',0),(213,17,'capex__show','0',0),(214,17,'resource_utilization__show','0',0),(215,17,'_limit','-1',0),(216,17,'_order_column','name',0),(217,17,'_order_direction','ASC',0),(218,17,'last_comment','_minus_1_days_',0),(219,17,'last_comment__comp_type','1',0),(220,17,'last_comment__use_calendar','0',0),(221,17,'comment_message__show','1',0),(222,18,'advanced_filter','1',0),(223,18,'SecurityServiceAudits_count__show','0',0),(224,18,'SecurityServiceMaintenances_count__show','0',0),(225,18,'SecurityServiceIssues_count__show','0',0),(226,18,'name__show','1',0),(227,18,'objective__show','0',0),(228,18,'ServiceOwner__show','0',0),(229,18,'Collaborator__show','0',0),(230,18,'opex__show','0',0),(231,18,'capex__show','0',0),(232,18,'resource_utilization__show','0',0),(233,18,'_limit','-1',0),(234,18,'_order_column','name',0),(235,18,'_order_direction','ASC',0),(236,18,'last_attachment','_minus_1_days_',0),(237,18,'last_attachment__comp_type','1',0),(238,18,'last_attachment__use_calendar','0',0),(239,18,'attachment_filename__show','1',0),(240,19,'advanced_filter','1',0),(241,19,'SecurityServiceAudits_count__show','0',0),(242,19,'SecurityServiceMaintenances_count__show','0',0),(243,19,'SecurityServiceIssues_count__show','0',0),(244,19,'name__show','1',0),(245,19,'objective__show','0',0),(246,19,'ServiceOwner__show','0',0),(247,19,'Collaborator__show','0',0),(248,19,'opex__show','0',0),(249,19,'capex__show','0',0),(250,19,'resource_utilization__show','0',0),(251,19,'_limit','-1',0),(252,19,'_order_column','name',0),(253,19,'_order_direction','ASC',0),(254,19,'created','_minus_1_days_',0),(255,19,'created__comp_type','1',0),(256,20,'advanced_filter','1',0),(257,20,'SecurityServiceAudits_count__show','0',0),(258,20,'SecurityServiceMaintenances_count__show','0',0),(259,20,'SecurityServiceIssues_count__show','0',0),(260,20,'name__show','1',0),(261,20,'objective__show','0',0),(262,20,'ServiceOwner__show','0',0),(263,20,'Collaborator__show','0',0),(264,20,'opex__show','0',0),(265,20,'capex__show','0',0),(266,20,'resource_utilization__show','0',0),(267,20,'_limit','-1',0),(268,20,'_order_column','name',0),(269,20,'_order_direction','ASC',0),(270,20,'modified','_minus_1_days_',0),(271,20,'modified__comp_type','1',0),(272,21,'advanced_filter','1',0),(273,21,'SecurityServiceAudits_count__show','1',0),(274,21,'SecurityServiceMaintenances_count__show','1',0),(275,21,'SecurityServiceIssues_count__show','1',0),(276,21,'name__show','1',0),(277,21,'objective__show','1',0),(278,21,'ServiceOwner__show','1',0),(279,21,'Collaborator__show','1',0),(280,21,'opex__show','1',0),(281,21,'capex__show','1',0),(282,21,'resource_utilization__show','1',0),(283,21,'_limit','-1',0),(284,21,'_order_column','name',0),(285,21,'_order_direction','ASC',0),(286,21,'DynamicStatus_SecurityServiceIssue-open','1',0),(287,21,'DynamicStatus_SecurityServiceIssue-open__show','1',0),(288,22,'advanced_filter','1',0),(289,22,'SecurityServiceAudits_count__show','1',0),(290,22,'SecurityServiceMaintenances_count__show','1',0),(291,22,'SecurityServiceIssues_count__show','1',0),(292,22,'name__show','1',0),(293,22,'objective__show','1',0),(294,22,'ServiceOwner__show','1',0),(295,22,'Collaborator__show','1',0),(296,22,'opex__show','1',0),(297,22,'capex__show','1',0),(298,22,'resource_utilization__show','1',0),(299,22,'_limit','-1',0),(300,22,'_order_column','name',0),(301,22,'_order_direction','ASC',0),(302,22,'DynamicStatus_current_audit_expired','1',0),(303,22,'DynamicStatus_current_audit_expired__show','1',0),(304,23,'advanced_filter','1',0),(305,23,'SecurityServiceAudits_count__show','1',0),(306,23,'SecurityServiceMaintenances_count__show','1',0),(307,23,'SecurityServiceIssues_count__show','1',0),(308,23,'name__show','1',0),(309,23,'objective__show','1',0),(310,23,'ServiceOwner__show','1',0),(311,23,'Collaborator__show','1',0),(312,23,'opex__show','1',0),(313,23,'capex__show','1',0),(314,23,'resource_utilization__show','1',0),(315,23,'_limit','-1',0),(316,23,'_order_column','name',0),(317,23,'_order_direction','ASC',0),(318,23,'DynamicStatus_current_audit_failed','1',0),(319,23,'DynamicStatus_current_audit_failed__show','1',0),(320,24,'advanced_filter','1',0),(321,24,'SecurityServiceAudits_count__show','1',0),(322,24,'SecurityServiceMaintenances_count__show','1',0),(323,24,'SecurityServiceIssues_count__show','1',0),(324,24,'name__show','1',0),(325,24,'objective__show','1',0),(326,24,'ServiceOwner__show','1',0),(327,24,'Collaborator__show','1',0),(328,24,'opex__show','1',0),(329,24,'capex__show','1',0),(330,24,'resource_utilization__show','1',0),(331,24,'_limit','-1',0),(332,24,'_order_column','name',0),(333,24,'_order_direction','ASC',0),(334,24,'DynamicStatus_current_maintenance_expired','1',0),(335,24,'DynamicStatus_current_maintenance_expired__show','1',0),(336,25,'advanced_filter','1',0),(337,25,'SecurityServiceAudits_count__show','1',0),(338,25,'SecurityServiceMaintenances_count__show','1',0),(339,25,'SecurityServiceIssues_count__show','1',0),(340,25,'name__show','1',0),(341,25,'objective__show','1',0),(342,25,'ServiceOwner__show','1',0),(343,25,'Collaborator__show','1',0),(344,25,'opex__show','1',0),(345,25,'capex__show','1',0),(346,25,'resource_utilization__show','1',0),(347,25,'_limit','-1',0),(348,25,'_order_column','name',0),(349,25,'_order_direction','ASC',0),(350,25,'DynamicStatus_current_maintenance_failed','1',0),(351,25,'DynamicStatus_current_maintenance_failed__show','1',0),(352,26,'advanced_filter','1',0),(353,26,'security_service_id__show','1',0),(354,26,'task__show','1',0),(355,26,'planned_date__show','1',0),(356,26,'start_date__show','1',0),(357,26,'end_date__show','1',0),(358,26,'result__show','1',0),(359,26,'task_conclusion__show','1',0),(360,26,'MaintenanceOwner__show','1',0),(361,26,'_limit','-1',0),(362,26,'_order_column','created',0),(363,26,'_order_direction','DESC',0),(364,27,'advanced_filter','1',0),(365,27,'security_service_id__show','0',0),(366,27,'task__show','0',0),(367,27,'planned_date__show','1',0),(368,27,'start_date__show','0',0),(369,27,'end_date__show','0',0),(370,27,'result__show','0',0),(371,27,'task_conclusion__show','0',0),(372,27,'MaintenanceOwner__show','0',0),(373,27,'_limit','-1',0),(374,27,'_order_column','planned_date',0),(375,27,'_order_direction','ASC',0),(376,27,'last_comment','_minus_1_days_',0),(377,27,'last_comment__comp_type','1',0),(378,27,'last_comment__use_calendar','0',0),(379,27,'comment_message__show','1',0),(380,28,'advanced_filter','1',0),(381,28,'security_service_id__show','0',0),(382,28,'task__show','0',0),(383,28,'planned_date__show','1',0),(384,28,'start_date__show','0',0),(385,28,'end_date__show','0',0),(386,28,'result__show','0',0),(387,28,'task_conclusion__show','0',0),(388,28,'MaintenanceOwner__show','0',0),(389,28,'_limit','-1',0),(390,28,'_order_column','planned_date',0),(391,28,'_order_direction','ASC',0),(392,28,'last_attachment','_minus_1_days_',0),(393,28,'last_attachment__comp_type','1',0),(394,28,'last_attachment__use_calendar','0',0),(395,28,'attachment_filename__show','1',0),(396,29,'advanced_filter','1',0),(397,29,'security_service_id__show','0',0),(398,29,'task__show','0',0),(399,29,'planned_date__show','1',0),(400,29,'start_date__show','0',0),(401,29,'end_date__show','0',0),(402,29,'result__show','0',0),(403,29,'task_conclusion__show','0',0),(404,29,'MaintenanceOwner__show','0',0),(405,29,'_limit','-1',0),(406,29,'_order_column','planned_date',0),(407,29,'_order_direction','ASC',0),(408,29,'created','_minus_1_days_',0),(409,29,'created__comp_type','1',0),(410,30,'advanced_filter','1',0),(411,30,'security_service_id__show','0',0),(412,30,'task__show','0',0),(413,30,'planned_date__show','1',0),(414,30,'start_date__show','0',0),(415,30,'end_date__show','0',0),(416,30,'result__show','0',0),(417,30,'task_conclusion__show','0',0),(418,30,'MaintenanceOwner__show','0',0),(419,30,'_limit','-1',0),(420,30,'_order_column','planned_date',0),(421,30,'_order_direction','ASC',0),(422,30,'modified','_minus_1_days_',0),(423,30,'modified__comp_type','1',0),(424,31,'advanced_filter','1',0),(425,31,'security_service_id__show','1',0),(426,31,'task__show','1',0),(427,31,'planned_date__show','1',0),(428,31,'start_date__show','1',0),(429,31,'end_date__show','1',0),(430,31,'result__show','1',0),(431,31,'task_conclusion__show','1',0),(432,31,'MaintenanceOwner__show','1',0),(433,31,'_limit','-1',0),(434,31,'_order_column','planned_date',0),(435,31,'_order_direction','ASC',0),(436,31,'planned_date','_plus_14_days_',0),(437,31,'planned_date__comp_type','2',0),(438,31,'planned_date__use_calendar','0',0),(439,31,'result','_null_',0),(440,31,'result__comp_type','0',0),(441,32,'advanced_filter','1',0),(442,32,'security_service_id__show','1',0),(443,32,'task__show','1',0),(444,32,'planned_date__show','1',0),(445,32,'start_date__show','1',0),(446,32,'end_date__show','1',0),(447,32,'result__show','1',0),(448,32,'task_conclusion__show','1',0),(449,32,'MaintenanceOwner__show','1',0),(450,32,'_limit','-1',0),(451,32,'_order_column','planned_date',0),(452,32,'_order_direction','ASC',0),(453,32,'DynamicStatus_expired','1',0),(454,32,'DynamicStatus_expired__show','1',0),(455,33,'advanced_filter','1',0),(456,33,'security_service_id__show','1',0),(457,33,'task__show','1',0),(458,33,'planned_date__show','1',0),(459,33,'start_date__show','1',0),(460,33,'end_date__show','1',0),(461,33,'result__show','1',0),(462,33,'task_conclusion__show','1',0),(463,33,'MaintenanceOwner__show','1',0),(464,33,'_limit','-1',0),(465,33,'_order_column','planned_date',0),(466,33,'_order_direction','ASC',0),(467,33,'result','0',0),(468,33,'result__comp_type','0',0),(469,34,'advanced_filter','1',0),(470,34,'security_service_id__show','1',0),(471,34,'task__show','1',0),(472,34,'planned_date__show','1',0),(473,34,'start_date__show','1',0),(474,34,'end_date__show','1',0),(475,34,'result__show','1',0),(476,34,'task_conclusion__show','1',0),(477,34,'MaintenanceOwner__show','1',0),(478,34,'_limit','-1',0),(479,34,'_order_column','planned_date',0),(480,34,'_order_direction','ASC',0),(481,34,'result','1',0),(482,34,'result__comp_type','0',0),(483,35,'advanced_filter','1',0),(484,35,'security_service_id__show','1',0),(485,35,'audit_metric_description__show','1',0),(486,35,'audit_success_criteria__show','1',0),(487,35,'planned_date__show','1',0),(488,35,'start_date__show','1',0),(489,35,'end_date__show','1',0),(490,35,'result__show','1',0),(491,35,'result_description__show','1',0),(492,35,'AuditOwner__show','1',0),(493,35,'AuditEvidenceOwner__show','1',0),(494,35,'_limit','-1',0),(495,35,'_order_column','created',0),(496,35,'_order_direction','DESC',0),(497,36,'advanced_filter','1',0),(498,36,'security_service_id__show','0',0),(499,36,'audit_metric_description__show','0',0),(500,36,'audit_success_criteria__show','0',0),(501,36,'planned_date__show','1',0),(502,36,'start_date__show','0',0),(503,36,'end_date__show','0',0),(504,36,'result__show','0',0),(505,36,'result_description__show','0',0),(506,36,'AuditOwner__show','0',0),(507,36,'AuditEvidenceOwner__show','0',0),(508,36,'_limit','-1',0),(509,36,'_order_column','planned_date',0),(510,36,'_order_direction','ASC',0),(511,36,'last_comment','_minus_1_days_',0),(512,36,'last_comment__comp_type','1',0),(513,36,'last_comment__use_calendar','0',0),(514,36,'comment_message__show','1',0),(515,37,'advanced_filter','1',0),(516,37,'security_service_id__show','0',0),(517,37,'audit_metric_description__show','0',0),(518,37,'audit_success_criteria__show','0',0),(519,37,'planned_date__show','1',0),(520,37,'start_date__show','0',0),(521,37,'end_date__show','0',0),(522,37,'result__show','0',0),(523,37,'result_description__show','0',0),(524,37,'AuditOwner__show','0',0),(525,37,'AuditEvidenceOwner__show','0',0),(526,37,'_limit','-1',0),(527,37,'_order_column','planned_date',0),(528,37,'_order_direction','ASC',0),(529,37,'last_attachment','_minus_1_days_',0),(530,37,'last_attachment__comp_type','1',0),(531,37,'last_attachment__use_calendar','0',0),(532,37,'attachment_filename__show','1',0),(533,38,'advanced_filter','1',0),(534,38,'security_service_id__show','0',0),(535,38,'audit_metric_description__show','0',0),(536,38,'audit_success_criteria__show','0',0),(537,38,'planned_date__show','1',0),(538,38,'start_date__show','0',0),(539,38,'end_date__show','0',0),(540,38,'result__show','0',0),(541,38,'result_description__show','0',0),(542,38,'AuditOwner__show','0',0),(543,38,'AuditEvidenceOwner__show','0',0),(544,38,'_limit','-1',0),(545,38,'_order_column','planned_date',0),(546,38,'_order_direction','ASC',0),(547,38,'created','_minus_1_days_',0),(548,38,'created__comp_type','1',0),(549,39,'advanced_filter','1',0),(550,39,'security_service_id__show','0',0),(551,39,'audit_metric_description__show','0',0),(552,39,'audit_success_criteria__show','0',0),(553,39,'planned_date__show','1',0),(554,39,'start_date__show','0',0),(555,39,'end_date__show','0',0),(556,39,'result__show','0',0),(557,39,'result_description__show','0',0),(558,39,'AuditOwner__show','0',0),(559,39,'AuditEvidenceOwner__show','0',0),(560,39,'_limit','-1',0),(561,39,'_order_column','planned_date',0),(562,39,'_order_direction','ASC',0),(563,39,'modified','_minus_1_days_',0),(564,39,'modified__comp_type','1',0),(565,40,'advanced_filter','1',0),(566,40,'security_service_id__show','1',0),(567,40,'audit_metric_description__show','1',0),(568,40,'audit_success_criteria__show','1',0),(569,40,'planned_date__show','1',0),(570,40,'start_date__show','1',0),(571,40,'end_date__show','1',0),(572,40,'result__show','1',0),(573,40,'result_description__show','1',0),(574,40,'AuditOwner__show','1',0),(575,40,'AuditEvidenceOwner__show','1',0),(576,40,'_limit','-1',0),(577,40,'_order_column','planned_date',0),(578,40,'_order_direction','ASC',0),(579,40,'planned_date','_plus_14_days_',0),(580,40,'planned_date__comp_type','2',0),(581,40,'planned_date__use_calendar','0',0),(582,40,'result','_null_',0),(583,40,'result__comp_type','0',0),(584,41,'advanced_filter','1',0),(585,41,'security_service_id__show','1',0),(586,41,'audit_metric_description__show','1',0),(587,41,'audit_success_criteria__show','1',0),(588,41,'planned_date__show','1',0),(589,41,'start_date__show','1',0),(590,41,'end_date__show','1',0),(591,41,'result__show','1',0),(592,41,'result_description__show','1',0),(593,41,'AuditOwner__show','1',0),(594,41,'AuditEvidenceOwner__show','1',0),(595,41,'_limit','-1',0),(596,41,'_order_column','planned_date',0),(597,41,'_order_direction','ASC',0),(598,41,'DynamicStatus_expired','1',0),(599,41,'DynamicStatus_expired__show','1',0),(600,42,'advanced_filter','1',0),(601,42,'security_service_id__show','1',0),(602,42,'audit_metric_description__show','1',0),(603,42,'audit_success_criteria__show','1',0),(604,42,'planned_date__show','1',0),(605,42,'start_date__show','1',0),(606,42,'end_date__show','1',0),(607,42,'result__show','1',0),(608,42,'result_description__show','1',0),(609,42,'AuditOwner__show','1',0),(610,42,'AuditEvidenceOwner__show','1',0),(611,42,'_limit','-1',0),(612,42,'_order_column','planned_date',0),(613,42,'_order_direction','ASC',0),(614,42,'result','0',0),(615,42,'result__comp_type','0',0),(616,43,'advanced_filter','1',0),(617,43,'security_service_id__show','1',0),(618,43,'audit_metric_description__show','1',0),(619,43,'audit_success_criteria__show','1',0),(620,43,'planned_date__show','1',0),(621,43,'start_date__show','1',0),(622,43,'end_date__show','1',0),(623,43,'result__show','1',0),(624,43,'result_description__show','1',0),(625,43,'AuditOwner__show','1',0),(626,43,'AuditEvidenceOwner__show','1',0),(627,43,'_limit','-1',0),(628,43,'_order_column','planned_date',0),(629,43,'_order_direction','ASC',0),(630,43,'result','1',0),(631,43,'result__comp_type','0',0),(632,44,'advanced_filter','1',0),(633,44,'security_service_id__show','1',0),(634,44,'audit_metric_description__show','1',0),(635,44,'audit_success_criteria__show','1',0),(636,44,'planned_date__show','1',0),(637,44,'start_date__show','1',0),(638,44,'end_date__show','1',0),(639,44,'result__show','1',0),(640,44,'result_description__show','1',0),(641,44,'AuditOwner__show','1',0),(642,44,'AuditEvidenceOwner__show','1',0),(643,44,'_limit','-1',0),(644,44,'_order_column','planned_date',0),(645,44,'_order_direction','ASC',0),(646,44,'result','_null_',0),(647,44,'result__comp_type','6',0),(648,45,'advanced_filter','1',0),(649,45,'foreign_key__show','1',0),(650,45,'date_start__show','1',0),(651,45,'date_end__show','1',0),(652,45,'Owner__show','1',0),(653,45,'description__show','1',0),(654,45,'status__show','1',0),(655,45,'_limit','-1',0),(656,45,'_order_column','created',0),(657,45,'_order_direction','DESC',0),(658,46,'advanced_filter','1',0),(659,46,'foreign_key__show','0',0),(660,46,'date_start__show','0',0),(661,46,'date_end__show','0',0),(662,46,'Owner__show','0',0),(663,46,'description__show','1',0),(664,46,'status__show','0',0),(665,46,'_limit','-1',0),(666,46,'_order_column','description',0),(667,46,'_order_direction','ASC',0),(668,46,'last_comment','_minus_1_days_',0),(669,46,'last_comment__comp_type','1',0),(670,46,'last_comment__use_calendar','0',0),(671,46,'comment_message__show','1',0),(672,47,'advanced_filter','1',0),(673,47,'foreign_key__show','0',0),(674,47,'date_start__show','0',0),(675,47,'date_end__show','0',0),(676,47,'Owner__show','0',0),(677,47,'description__show','1',0),(678,47,'status__show','0',0),(679,47,'_limit','-1',0),(680,47,'_order_column','description',0),(681,47,'_order_direction','ASC',0),(682,47,'last_attachment','_minus_1_days_',0),(683,47,'last_attachment__comp_type','1',0),(684,47,'last_attachment__use_calendar','0',0),(685,47,'attachment_filename__show','1',0),(686,48,'advanced_filter','1',0),(687,48,'foreign_key__show','0',0),(688,48,'date_start__show','0',0),(689,48,'date_end__show','0',0),(690,48,'Owner__show','0',0),(691,48,'description__show','1',0),(692,48,'status__show','0',0),(693,48,'_limit','-1',0),(694,48,'_order_column','description',0),(695,48,'_order_direction','ASC',0),(696,48,'created','_minus_1_days_',0),(697,48,'created__comp_type','1',0),(698,49,'advanced_filter','1',0),(699,49,'foreign_key__show','0',0),(700,49,'date_start__show','0',0),(701,49,'date_end__show','0',0),(702,49,'Owner__show','0',0),(703,49,'description__show','1',0),(704,49,'status__show','0',0),(705,49,'_limit','-1',0),(706,49,'_order_column','description',0),(707,49,'_order_direction','ASC',0),(708,49,'modified','_minus_1_days_',0),(709,49,'modified__comp_type','1',0),(710,50,'advanced_filter','1',0),(711,50,'SecurityPolicyReviews_count__show','1',0),(712,50,'index__show','1',0),(713,50,'short_description__show','1',0),(714,50,'Owner__show','1',0),(715,50,'Collaborator__show','1',0),(716,50,'published_date__show','1',0),(717,50,'next_review_date__show','1',0),(718,50,'asset_label_id__show','1',0),(719,50,'security_policy_document_type_id__show','1',0),(720,50,'version__show','1',0),(721,50,'_limit','-1',0),(722,50,'_order_column','created',0),(723,50,'_order_direction','DESC',0),(724,51,'advanced_filter','1',0),(725,51,'SecurityPolicyReviews_count__show','0',0),(726,51,'index__show','1',0),(727,51,'short_description__show','0',0),(728,51,'Owner__show','0',0),(729,51,'Collaborator__show','0',0),(730,51,'published_date__show','0',0),(731,51,'next_review_date__show','0',0),(732,51,'asset_label_id__show','0',0),(733,51,'security_policy_document_type_id__show','0',0),(734,51,'version__show','0',0),(735,51,'_limit','-1',0),(736,51,'_order_column','index',0),(737,51,'_order_direction','ASC',0),(738,51,'last_comment','_minus_1_days_',0),(739,51,'last_comment__comp_type','1',0),(740,51,'last_comment__use_calendar','0',0),(741,51,'comment_message__show','1',0),(742,52,'advanced_filter','1',0),(743,52,'SecurityPolicyReviews_count__show','0',0),(744,52,'index__show','1',0),(745,52,'short_description__show','0',0),(746,52,'Owner__show','0',0),(747,52,'Collaborator__show','0',0),(748,52,'published_date__show','0',0),(749,52,'next_review_date__show','0',0),(750,52,'asset_label_id__show','0',0),(751,52,'security_policy_document_type_id__show','0',0),(752,52,'version__show','0',0),(753,52,'_limit','-1',0),(754,52,'_order_column','index',0),(755,52,'_order_direction','ASC',0),(756,52,'last_attachment','_minus_1_days_',0),(757,52,'last_attachment__comp_type','1',0),(758,52,'last_attachment__use_calendar','0',0),(759,52,'attachment_filename__show','1',0),(760,53,'advanced_filter','1',0),(761,53,'SecurityPolicyReviews_count__show','0',0),(762,53,'index__show','1',0),(763,53,'short_description__show','0',0),(764,53,'Owner__show','0',0),(765,53,'Collaborator__show','0',0),(766,53,'published_date__show','0',0),(767,53,'next_review_date__show','0',0),(768,53,'asset_label_id__show','0',0),(769,53,'security_policy_document_type_id__show','0',0),(770,53,'version__show','0',0),(771,53,'_limit','-1',0),(772,53,'_order_column','index',0),(773,53,'_order_direction','ASC',0),(774,53,'created','_minus_1_days_',0),(775,53,'created__comp_type','1',0),(776,54,'advanced_filter','1',0),(777,54,'SecurityPolicyReviews_count__show','0',0),(778,54,'index__show','1',0),(779,54,'short_description__show','0',0),(780,54,'Owner__show','0',0),(781,54,'Collaborator__show','0',0),(782,54,'published_date__show','0',0),(783,54,'next_review_date__show','0',0),(784,54,'asset_label_id__show','0',0),(785,54,'security_policy_document_type_id__show','0',0),(786,54,'version__show','0',0),(787,54,'_limit','-1',0),(788,54,'_order_column','index',0),(789,54,'_order_direction','ASC',0),(790,54,'modified','_minus_1_days_',0),(791,54,'modified__comp_type','1',0),(792,55,'advanced_filter','1',0),(793,55,'SecurityPolicyReviews_count__show','1',0),(794,55,'index__show','1',0),(795,55,'short_description__show','1',0),(796,55,'Owner__show','1',0),(797,55,'Collaborator__show','1',0),(798,55,'published_date__show','1',0),(799,55,'next_review_date__show','1',0),(800,55,'asset_label_id__show','1',0),(801,55,'security_policy_document_type_id__show','1',0),(802,55,'version__show','1',0),(803,55,'_limit','-1',0),(804,55,'_order_column','index',0),(805,55,'_order_direction','ASC',0),(806,55,'DynamicStatus_SecurityPolicyReview-expired','1',0),(807,55,'DynamicStatus_SecurityPolicyReview-expired__show','1',0),(808,56,'advanced_filter','1',0),(809,56,'foreign_key__show','1',0),(810,56,'planned_date__show','1',0),(811,56,'actual_date__show','1',0),(812,56,'Reviewer__show','1',0),(813,56,'description__show','1',0),(814,56,'SecurityPolicy-next_review_date__show','1',0),(815,56,'SecurityPolicy-security_policy_document_type_id__show','1',0),(816,56,'version__show','1',0),(817,56,'use_attachments__show','1',0),(818,56,'url__show','1',0),(819,56,'attachment__show','1',0),(820,56,'_limit','-1',0),(821,56,'_order_column','created',0),(822,56,'_order_direction','DESC',0),(823,57,'advanced_filter','1',0),(824,57,'foreign_key__show','1',0),(825,57,'planned_date__show','1',0),(826,57,'actual_date__show','0',0),(827,57,'Reviewer__show','0',0),(828,57,'description__show','0',0),(829,57,'SecurityPolicy-next_review_date__show','0',0),(830,57,'SecurityPolicy-security_policy_document_type_id__show','0',0),(831,57,'version__show','0',0),(832,57,'use_attachments__show','0',0),(833,57,'url__show','0',0),(834,57,'attachment__show','0',0),(835,57,'_limit','-1',0),(836,57,'_order_column','planned_date',0),(837,57,'_order_direction','ASC',0),(838,57,'last_comment','_minus_1_days_',0),(839,57,'last_comment__comp_type','1',0),(840,57,'last_comment__use_calendar','0',0),(841,57,'comment_message__show','1',0),(842,58,'advanced_filter','1',0),(843,58,'foreign_key__show','1',0),(844,58,'planned_date__show','1',0),(845,58,'actual_date__show','0',0),(846,58,'Reviewer__show','0',0),(847,58,'description__show','0',0),(848,58,'SecurityPolicy-next_review_date__show','0',0),(849,58,'SecurityPolicy-security_policy_document_type_id__show','0',0),(850,58,'version__show','0',0),(851,58,'use_attachments__show','0',0),(852,58,'url__show','0',0),(853,58,'attachment__show','0',0),(854,58,'_limit','-1',0),(855,58,'_order_column','planned_date',0),(856,58,'_order_direction','ASC',0),(857,58,'last_attachment','_minus_1_days_',0),(858,58,'last_attachment__comp_type','1',0),(859,58,'last_attachment__use_calendar','0',0),(860,58,'attachment_filename__show','1',0),(861,59,'advanced_filter','1',0),(862,59,'foreign_key__show','1',0),(863,59,'planned_date__show','1',0),(864,59,'actual_date__show','0',0),(865,59,'Reviewer__show','0',0),(866,59,'description__show','0',0),(867,59,'SecurityPolicy-next_review_date__show','0',0),(868,59,'SecurityPolicy-security_policy_document_type_id__show','0',0),(869,59,'version__show','0',0),(870,59,'use_attachments__show','0',0),(871,59,'url__show','0',0),(872,59,'attachment__show','0',0),(873,59,'_limit','-1',0),(874,59,'_order_column','planned_date',0),(875,59,'_order_direction','ASC',0),(876,59,'created','_minus_1_days_',0),(877,59,'created__comp_type','1',0),(878,60,'advanced_filter','1',0),(879,60,'foreign_key__show','1',0),(880,60,'planned_date__show','1',0),(881,60,'actual_date__show','0',0),(882,60,'Reviewer__show','0',0),(883,60,'description__show','0',0),(884,60,'SecurityPolicy-next_review_date__show','0',0),(885,60,'SecurityPolicy-security_policy_document_type_id__show','0',0),(886,60,'version__show','0',0),(887,60,'use_attachments__show','0',0),(888,60,'url__show','0',0),(889,60,'attachment__show','0',0),(890,60,'_limit','-1',0),(891,60,'_order_column','planned_date',0),(892,60,'_order_direction','ASC',0),(893,60,'modified','_minus_1_days_',0),(894,60,'modified__comp_type','1',0),(895,61,'advanced_filter','1',0),(896,61,'foreign_key__show','1',0),(897,61,'planned_date__show','1',0),(898,61,'actual_date__show','1',0),(899,61,'Reviewer__show','1',0),(900,61,'description__show','1',0),(901,61,'SecurityPolicy-next_review_date__show','1',0),(902,61,'SecurityPolicy-security_policy_document_type_id__show','1',0),(903,61,'version__show','1',0),(904,61,'use_attachments__show','1',0),(905,61,'url__show','1',0),(906,61,'attachment__show','1',0),(907,61,'_limit','-1',0),(908,61,'_order_column','planned_date',0),(909,61,'_order_direction','ASC',0),(910,61,'planned_date','_plus_14_days_',0),(911,61,'planned_date__comp_type','2',0),(912,61,'planned_date__use_calendar','0',0),(913,61,'result','_null_',0),(914,61,'result__comp_type','0',0),(915,61,'completed','0',0),(916,61,'completed__comp_type','5',0),(917,62,'advanced_filter','1',0),(918,62,'AssetReviews_count__show','1',0),(919,62,'BusinessUnit__show','1',0),(920,62,'name__show','1',0),(921,62,'description__show','1',0),(922,62,'asset_label_id__show','1',0),(923,62,'asset_media_type_id__show','1',0),(924,62,'Legal__show','1',0),(925,62,'review__show','1',0),(926,62,'AssetOwner__show','1',0),(927,62,'AssetGuardian__show','1',0),(928,62,'AssetUser__show','1',0),(929,62,'_limit','-1',0),(930,62,'_order_column','created',0),(931,62,'_order_direction','DESC',0),(932,63,'advanced_filter','1',0),(933,63,'AssetReviews_count__show','0',0),(934,63,'BusinessUnit__show','0',0),(935,63,'name__show','1',0),(936,63,'description__show','0',0),(937,63,'asset_label_id__show','0',0),(938,63,'asset_media_type_id__show','0',0),(939,63,'Legal__show','0',0),(940,63,'review__show','0',0),(941,63,'AssetOwner__show','0',0),(942,63,'AssetGuardian__show','0',0),(943,63,'AssetUser__show','0',0),(944,63,'_limit','-1',0),(945,63,'_order_column','name',0),(946,63,'_order_direction','ASC',0),(947,63,'last_comment','_minus_1_days_',0),(948,63,'last_comment__comp_type','1',0),(949,63,'last_comment__use_calendar','0',0),(950,63,'comment_message__show','1',0),(951,64,'advanced_filter','1',0),(952,64,'AssetReviews_count__show','0',0),(953,64,'BusinessUnit__show','0',0),(954,64,'name__show','1',0),(955,64,'description__show','0',0),(956,64,'asset_label_id__show','0',0),(957,64,'asset_media_type_id__show','0',0),(958,64,'Legal__show','0',0),(959,64,'review__show','0',0),(960,64,'AssetOwner__show','0',0),(961,64,'AssetGuardian__show','0',0),(962,64,'AssetUser__show','0',0),(963,64,'_limit','-1',0),(964,64,'_order_column','name',0),(965,64,'_order_direction','ASC',0),(966,64,'last_attachment','_minus_1_days_',0),(967,64,'last_attachment__comp_type','1',0),(968,64,'last_attachment__use_calendar','0',0),(969,64,'attachment_filename__show','1',0),(970,65,'advanced_filter','1',0),(971,65,'AssetReviews_count__show','0',0),(972,65,'BusinessUnit__show','0',0),(973,65,'name__show','1',0),(974,65,'description__show','0',0),(975,65,'asset_label_id__show','0',0),(976,65,'asset_media_type_id__show','0',0),(977,65,'Legal__show','0',0),(978,65,'review__show','0',0),(979,65,'AssetOwner__show','0',0),(980,65,'AssetGuardian__show','0',0),(981,65,'AssetUser__show','0',0),(982,65,'_limit','-1',0),(983,65,'_order_column','name',0),(984,65,'_order_direction','ASC',0),(985,65,'created','_minus_1_days_',0),(986,65,'created__comp_type','1',0),(987,66,'advanced_filter','1',0),(988,66,'AssetReviews_count__show','0',0),(989,66,'BusinessUnit__show','0',0),(990,66,'name__show','1',0),(991,66,'description__show','0',0),(992,66,'asset_label_id__show','0',0),(993,66,'asset_media_type_id__show','0',0),(994,66,'Legal__show','0',0),(995,66,'review__show','0',0),(996,66,'AssetOwner__show','0',0),(997,66,'AssetGuardian__show','0',0),(998,66,'AssetUser__show','0',0),(999,66,'_limit','-1',0),(1000,66,'_order_column','name',0),(1001,66,'_order_direction','ASC',0),(1002,66,'modified','_minus_1_days_',0),(1003,66,'modified__comp_type','1',0),(1004,67,'advanced_filter','1',0),(1005,67,'AssetReviews_count__show','1',0),(1006,67,'BusinessUnit__show','1',0),(1007,67,'name__show','1',0),(1008,67,'description__show','1',0),(1009,67,'asset_label_id__show','1',0),(1010,67,'asset_media_type_id__show','1',0),(1011,67,'Legal__show','1',0),(1012,67,'review__show','1',0),(1013,67,'AssetOwner__show','1',0),(1014,67,'AssetGuardian__show','1',0),(1015,67,'AssetUser__show','1',0),(1016,67,'_limit','-1',0),(1017,67,'_order_column','name',0),(1018,67,'_order_direction','ASC',0),(1019,67,'DynamicStatus_AssetReview-expired','1',0),(1020,67,'DynamicStatus_AssetReview-expired__show','1',0),(1021,68,'advanced_filter','1',0),(1022,68,'foreign_key__show','1',0),(1023,68,'planned_date__show','1',0),(1024,68,'actual_date__show','1',0),(1025,68,'Reviewer__show','1',0),(1026,68,'description__show','1',0),(1027,68,'_limit','-1',0),(1028,68,'_order_column','created',0),(1029,68,'_order_direction','DESC',0),(1030,69,'advanced_filter','1',0),(1031,69,'foreign_key__show','1',0),(1032,69,'planned_date__show','1',0),(1033,69,'actual_date__show','0',0),(1034,69,'Reviewer__show','0',0),(1035,69,'description__show','0',0),(1036,69,'_limit','-1',0),(1037,69,'_order_column','planned_date',0),(1038,69,'_order_direction','ASC',0),(1039,69,'last_comment','_minus_1_days_',0),(1040,69,'last_comment__comp_type','1',0),(1041,69,'last_comment__use_calendar','0',0),(1042,69,'comment_message__show','1',0),(1043,70,'advanced_filter','1',0),(1044,70,'foreign_key__show','1',0),(1045,70,'planned_date__show','1',0),(1046,70,'actual_date__show','0',0),(1047,70,'Reviewer__show','0',0),(1048,70,'description__show','0',0),(1049,70,'_limit','-1',0),(1050,70,'_order_column','planned_date',0),(1051,70,'_order_direction','ASC',0),(1052,70,'last_attachment','_minus_1_days_',0),(1053,70,'last_attachment__comp_type','1',0),(1054,70,'last_attachment__use_calendar','0',0),(1055,70,'attachment_filename__show','1',0),(1056,71,'advanced_filter','1',0),(1057,71,'foreign_key__show','1',0),(1058,71,'planned_date__show','1',0),(1059,71,'actual_date__show','0',0),(1060,71,'Reviewer__show','0',0),(1061,71,'description__show','0',0),(1062,71,'_limit','-1',0),(1063,71,'_order_column','planned_date',0),(1064,71,'_order_direction','ASC',0),(1065,71,'created','_minus_1_days_',0),(1066,71,'created__comp_type','1',0),(1067,72,'advanced_filter','1',0),(1068,72,'foreign_key__show','1',0),(1069,72,'planned_date__show','1',0),(1070,72,'actual_date__show','0',0),(1071,72,'Reviewer__show','0',0),(1072,72,'description__show','0',0),(1073,72,'_limit','-1',0),(1074,72,'_order_column','planned_date',0),(1075,72,'_order_direction','ASC',0),(1076,72,'modified','_minus_1_days_',0),(1077,72,'modified__comp_type','1',0),(1078,73,'advanced_filter','1',0),(1079,73,'foreign_key__show','1',0),(1080,73,'planned_date__show','1',0),(1081,73,'actual_date__show','1',0),(1082,73,'Reviewer__show','1',0),(1083,73,'description__show','1',0),(1084,73,'_limit','-1',0),(1085,73,'_order_column','planned_date',0),(1086,73,'_order_direction','ASC',0),(1087,73,'planned_date','_plus_14_days_',0),(1088,73,'planned_date__comp_type','2',0),(1089,73,'planned_date__use_calendar','0',0),(1090,73,'result','_null_',0),(1091,73,'result__comp_type','0',0),(1092,73,'completed','0',0),(1093,73,'completed__comp_type','5',0),(1094,74,'advanced_filter','1',0),(1095,74,'Asset__show','1',0),(1096,74,'_limit','-1',0),(1097,74,'_order_column','created',0),(1098,74,'_order_direction','DESC',0),(1099,75,'advanced_filter','1',0),(1100,75,'Asset__show','0',0),(1101,75,'_limit','-1',0),(1102,75,'_order_column','title',0),(1103,75,'_order_direction','ASC',0),(1104,75,'last_comment','_minus_1_days_',0),(1105,75,'last_comment__comp_type','1',0),(1106,75,'last_comment__use_calendar','0',0),(1107,75,'title__show','1',0),(1108,75,'comment_message__show','1',0),(1109,76,'advanced_filter','1',0),(1110,76,'Asset__show','0',0),(1111,76,'_limit','-1',0),(1112,76,'_order_column','title',0),(1113,76,'_order_direction','ASC',0),(1114,76,'last_attachment','_minus_1_days_',0),(1115,76,'last_attachment__comp_type','1',0),(1116,76,'last_attachment__use_calendar','0',0),(1117,76,'title__show','1',0),(1118,76,'attachment_filename__show','1',0),(1119,77,'advanced_filter','1',0),(1120,77,'Asset__show','0',0),(1121,77,'_limit','-1',0),(1122,77,'_order_column','title',0),(1123,77,'_order_direction','ASC',0),(1124,77,'created','_minus_1_days_',0),(1125,77,'created__comp_type','1',0),(1126,77,'title__show','1',0),(1127,78,'advanced_filter','1',0),(1128,78,'Asset__show','0',0),(1129,78,'_limit','-1',0),(1130,78,'_order_column','title',0),(1131,78,'_order_direction','ASC',0),(1132,78,'modified','_minus_1_days_',0),(1133,78,'modified__comp_type','1',0),(1134,78,'title__show','1',0),(1135,79,'advanced_filter','1',0),(1136,79,'Asset__show','1',0),(1137,79,'_limit','-1',0),(1138,79,'_order_column','title',0),(1139,79,'_order_direction','ASC',0),(1140,79,'DynamicStatus_RiskReview-expired','1',0),(1141,79,'DynamicStatus_RiskReview-expired__show','1',0),(1142,80,'advanced_filter','1',0),(1143,80,'foreign_key__show','1',0),(1144,80,'planned_date__show','1',0),(1145,80,'actual_date__show','1',0),(1146,80,'Reviewer__show','1',0),(1147,80,'description__show','1',0),(1148,80,'_limit','-1',0),(1149,80,'_order_column','created',0),(1150,80,'_order_direction','DESC',0),(1151,81,'advanced_filter','1',0),(1152,81,'foreign_key__show','1',0),(1153,81,'planned_date__show','1',0),(1154,81,'actual_date__show','0',0),(1155,81,'Reviewer__show','0',0),(1156,81,'description__show','0',0),(1157,81,'_limit','-1',0),(1158,81,'_order_column','planned_date',0),(1159,81,'_order_direction','ASC',0),(1160,81,'last_comment','_minus_1_days_',0),(1161,81,'last_comment__comp_type','1',0),(1162,81,'last_comment__use_calendar','0',0),(1163,81,'comment_message__show','1',0),(1164,82,'advanced_filter','1',0),(1165,82,'foreign_key__show','1',0),(1166,82,'planned_date__show','1',0),(1167,82,'actual_date__show','0',0),(1168,82,'Reviewer__show','0',0),(1169,82,'description__show','0',0),(1170,82,'_limit','-1',0),(1171,82,'_order_column','planned_date',0),(1172,82,'_order_direction','ASC',0),(1173,82,'last_attachment','_minus_1_days_',0),(1174,82,'last_attachment__comp_type','1',0),(1175,82,'last_attachment__use_calendar','0',0),(1176,82,'attachment_filename__show','1',0),(1177,83,'advanced_filter','1',0),(1178,83,'foreign_key__show','1',0),(1179,83,'planned_date__show','1',0),(1180,83,'actual_date__show','0',0),(1181,83,'Reviewer__show','0',0),(1182,83,'description__show','0',0),(1183,83,'_limit','-1',0),(1184,83,'_order_column','planned_date',0),(1185,83,'_order_direction','ASC',0),(1186,83,'created','_minus_1_days_',0),(1187,83,'created__comp_type','1',0),(1188,84,'advanced_filter','1',0),(1189,84,'foreign_key__show','1',0),(1190,84,'planned_date__show','1',0),(1191,84,'actual_date__show','0',0),(1192,84,'Reviewer__show','0',0),(1193,84,'description__show','0',0),(1194,84,'_limit','-1',0),(1195,84,'_order_column','planned_date',0),(1196,84,'_order_direction','ASC',0),(1197,84,'modified','_minus_1_days_',0),(1198,84,'modified__comp_type','1',0),(1199,85,'advanced_filter','1',0),(1200,85,'foreign_key__show','1',0),(1201,85,'planned_date__show','1',0),(1202,85,'actual_date__show','1',0),(1203,85,'Reviewer__show','1',0),(1204,85,'description__show','1',0),(1205,85,'_limit','-1',0),(1206,85,'_order_column','planned_date',0),(1207,85,'_order_direction','ASC',0),(1208,85,'planned_date','_plus_14_days_',0),(1209,85,'planned_date__comp_type','2',0),(1210,85,'planned_date__use_calendar','0',0),(1211,85,'result','_null_',0),(1212,85,'result__comp_type','0',0),(1213,85,'completed','0',0),(1214,85,'completed__comp_type','5',0),(1215,86,'advanced_filter','1',0),(1216,86,'ThirdParty__show','1',0),(1217,86,'Asset__show','1',0),(1218,86,'_limit','-1',0),(1219,86,'_order_column','created',0),(1220,86,'_order_direction','DESC',0),(1221,87,'advanced_filter','1',0),(1222,87,'ThirdParty__show','0',0),(1223,87,'Asset__show','0',0),(1224,87,'_limit','-1',0),(1225,87,'_order_column','title',0),(1226,87,'_order_direction','ASC',0),(1227,87,'last_comment','_minus_1_days_',0),(1228,87,'last_comment__comp_type','1',0),(1229,87,'last_comment__use_calendar','0',0),(1230,87,'title__show','1',0),(1231,87,'comment_message__show','1',0),(1232,88,'advanced_filter','1',0),(1233,88,'ThirdParty__show','0',0),(1234,88,'Asset__show','0',0),(1235,88,'_limit','-1',0),(1236,88,'_order_column','title',0),(1237,88,'_order_direction','ASC',0),(1238,88,'last_attachment','_minus_1_days_',0),(1239,88,'last_attachment__comp_type','1',0),(1240,88,'last_attachment__use_calendar','0',0),(1241,88,'title__show','1',0),(1242,88,'attachment_filename__show','1',0),(1243,89,'advanced_filter','1',0),(1244,89,'ThirdParty__show','0',0),(1245,89,'Asset__show','0',0),(1246,89,'_limit','-1',0),(1247,89,'_order_column','title',0),(1248,89,'_order_direction','ASC',0),(1249,89,'created','_minus_1_days_',0),(1250,89,'created__comp_type','1',0),(1251,89,'title__show','1',0),(1252,90,'advanced_filter','1',0),(1253,90,'ThirdParty__show','0',0),(1254,90,'Asset__show','0',0),(1255,90,'_limit','-1',0),(1256,90,'_order_column','title',0),(1257,90,'_order_direction','ASC',0),(1258,90,'modified','_minus_1_days_',0),(1259,90,'modified__comp_type','1',0),(1260,90,'title__show','1',0),(1261,91,'advanced_filter','1',0),(1262,91,'ThirdParty__show','1',0),(1263,91,'Asset__show','1',0),(1264,91,'_limit','-1',0),(1265,91,'_order_column','title',0),(1266,91,'_order_direction','ASC',0),(1267,91,'DynamicStatus_ThirdPartyRiskReview-expired','1',0),(1268,91,'DynamicStatus_ThirdPartyRiskReview-expired__show','1',0),(1269,92,'advanced_filter','1',0),(1270,92,'foreign_key__show','1',0),(1271,92,'planned_date__show','1',0),(1272,92,'actual_date__show','1',0),(1273,92,'Reviewer__show','1',0),(1274,92,'description__show','1',0),(1275,92,'_limit','-1',0),(1276,92,'_order_column','created',0),(1277,92,'_order_direction','DESC',0),(1278,93,'advanced_filter','1',0),(1279,93,'foreign_key__show','1',0),(1280,93,'planned_date__show','1',0),(1281,93,'actual_date__show','0',0),(1282,93,'Reviewer__show','0',0),(1283,93,'description__show','0',0),(1284,93,'_limit','-1',0),(1285,93,'_order_column','planned_date',0),(1286,93,'_order_direction','ASC',0),(1287,93,'last_comment','_minus_1_days_',0),(1288,93,'last_comment__comp_type','1',0),(1289,93,'last_comment__use_calendar','0',0),(1290,93,'comment_message__show','1',0),(1291,94,'advanced_filter','1',0),(1292,94,'foreign_key__show','1',0),(1293,94,'planned_date__show','1',0),(1294,94,'actual_date__show','0',0),(1295,94,'Reviewer__show','0',0),(1296,94,'description__show','0',0),(1297,94,'_limit','-1',0),(1298,94,'_order_column','planned_date',0),(1299,94,'_order_direction','ASC',0),(1300,94,'last_attachment','_minus_1_days_',0),(1301,94,'last_attachment__comp_type','1',0),(1302,94,'last_attachment__use_calendar','0',0),(1303,94,'attachment_filename__show','1',0),(1304,95,'advanced_filter','1',0),(1305,95,'foreign_key__show','1',0),(1306,95,'planned_date__show','1',0),(1307,95,'actual_date__show','0',0),(1308,95,'Reviewer__show','0',0),(1309,95,'description__show','0',0),(1310,95,'_limit','-1',0),(1311,95,'_order_column','planned_date',0),(1312,95,'_order_direction','ASC',0),(1313,95,'created','_minus_1_days_',0),(1314,95,'created__comp_type','1',0),(1315,96,'advanced_filter','1',0),(1316,96,'foreign_key__show','1',0),(1317,96,'planned_date__show','1',0),(1318,96,'actual_date__show','0',0),(1319,96,'Reviewer__show','0',0),(1320,96,'description__show','0',0),(1321,96,'_limit','-1',0),(1322,96,'_order_column','planned_date',0),(1323,96,'_order_direction','ASC',0),(1324,96,'modified','_minus_1_days_',0),(1325,96,'modified__comp_type','1',0),(1326,97,'advanced_filter','1',0),(1327,97,'foreign_key__show','1',0),(1328,97,'planned_date__show','1',0),(1329,97,'actual_date__show','1',0),(1330,97,'Reviewer__show','1',0),(1331,97,'description__show','1',0),(1332,97,'_limit','-1',0),(1333,97,'_order_column','planned_date',0),(1334,97,'_order_direction','ASC',0),(1335,97,'planned_date','_plus_14_days_',0),(1336,97,'planned_date__comp_type','2',0),(1337,97,'planned_date__use_calendar','0',0),(1338,97,'result','_null_',0),(1339,97,'result__comp_type','0',0),(1340,97,'completed','0',0),(1341,97,'completed__comp_type','5',0),(1342,98,'advanced_filter','1',0),(1343,98,'BusinessContinuityPlan__show','1',0),(1344,98,'_limit','-1',0),(1345,98,'_order_column','created',0),(1346,98,'_order_direction','DESC',0),(1347,99,'advanced_filter','1',0),(1348,99,'BusinessContinuityPlan__show','0',0),(1349,99,'_limit','-1',0),(1350,99,'_order_column','title',0),(1351,99,'_order_direction','ASC',0),(1352,99,'last_comment','_minus_1_days_',0),(1353,99,'last_comment__comp_type','1',0),(1354,99,'last_comment__use_calendar','0',0),(1355,99,'title__show','1',0),(1356,99,'comment_message__show','1',0),(1357,100,'advanced_filter','1',0),(1358,100,'BusinessContinuityPlan__show','0',0),(1359,100,'_limit','-1',0),(1360,100,'_order_column','title',0),(1361,100,'_order_direction','ASC',0),(1362,100,'last_attachment','_minus_1_days_',0),(1363,100,'last_attachment__comp_type','1',0),(1364,100,'last_attachment__use_calendar','0',0),(1365,100,'title__show','1',0),(1366,100,'attachment_filename__show','1',0),(1367,101,'advanced_filter','1',0),(1368,101,'BusinessContinuityPlan__show','0',0),(1369,101,'_limit','-1',0),(1370,101,'_order_column','title',0),(1371,101,'_order_direction','ASC',0),(1372,101,'created','_minus_1_days_',0),(1373,101,'created__comp_type','1',0),(1374,101,'title__show','1',0),(1375,102,'advanced_filter','1',0),(1376,102,'BusinessContinuityPlan__show','0',0),(1377,102,'_limit','-1',0),(1378,102,'_order_column','title',0),(1379,102,'_order_direction','ASC',0),(1380,102,'modified','_minus_1_days_',0),(1381,102,'modified__comp_type','1',0),(1382,102,'title__show','1',0),(1383,103,'advanced_filter','1',0),(1384,103,'BusinessContinuityPlan__show','1',0),(1385,103,'_limit','-1',0),(1386,103,'_order_column','title',0),(1387,103,'_order_direction','ASC',0),(1388,103,'DynamicStatus_BusinessContinuityReview-expired','1',0),(1389,103,'DynamicStatus_BusinessContinuityReview-expired__show','1',0),(1390,104,'advanced_filter','1',0),(1391,104,'foreign_key__show','1',0),(1392,104,'planned_date__show','1',0),(1393,104,'actual_date__show','1',0),(1394,104,'Reviewer__show','1',0),(1395,104,'description__show','1',0),(1396,104,'_limit','-1',0),(1397,104,'_order_column','created',0),(1398,104,'_order_direction','DESC',0),(1399,105,'advanced_filter','1',0),(1400,105,'foreign_key__show','1',0),(1401,105,'planned_date__show','1',0),(1402,105,'actual_date__show','0',0),(1403,105,'Reviewer__show','0',0),(1404,105,'description__show','0',0),(1405,105,'_limit','-1',0),(1406,105,'_order_column','planned_date',0),(1407,105,'_order_direction','ASC',0),(1408,105,'last_comment','_minus_1_days_',0),(1409,105,'last_comment__comp_type','1',0),(1410,105,'last_comment__use_calendar','0',0),(1411,105,'comment_message__show','1',0),(1412,106,'advanced_filter','1',0),(1413,106,'foreign_key__show','1',0),(1414,106,'planned_date__show','1',0),(1415,106,'actual_date__show','0',0),(1416,106,'Reviewer__show','0',0),(1417,106,'description__show','0',0),(1418,106,'_limit','-1',0),(1419,106,'_order_column','planned_date',0),(1420,106,'_order_direction','ASC',0),(1421,106,'last_attachment','_minus_1_days_',0),(1422,106,'last_attachment__comp_type','1',0),(1423,106,'last_attachment__use_calendar','0',0),(1424,106,'attachment_filename__show','1',0),(1425,107,'advanced_filter','1',0),(1426,107,'foreign_key__show','1',0),(1427,107,'planned_date__show','1',0),(1428,107,'actual_date__show','0',0),(1429,107,'Reviewer__show','0',0),(1430,107,'description__show','0',0),(1431,107,'_limit','-1',0),(1432,107,'_order_column','planned_date',0),(1433,107,'_order_direction','ASC',0),(1434,107,'created','_minus_1_days_',0),(1435,107,'created__comp_type','1',0),(1436,108,'advanced_filter','1',0),(1437,108,'foreign_key__show','1',0),(1438,108,'planned_date__show','1',0),(1439,108,'actual_date__show','0',0),(1440,108,'Reviewer__show','0',0),(1441,108,'description__show','0',0),(1442,108,'_limit','-1',0),(1443,108,'_order_column','planned_date',0),(1444,108,'_order_direction','ASC',0),(1445,108,'modified','_minus_1_days_',0),(1446,108,'modified__comp_type','1',0),(1447,109,'advanced_filter','1',0),(1448,109,'foreign_key__show','1',0),(1449,109,'planned_date__show','1',0),(1450,109,'actual_date__show','1',0),(1451,109,'Reviewer__show','1',0),(1452,109,'description__show','1',0),(1453,109,'_limit','-1',0),(1454,109,'_order_column','planned_date',0),(1455,109,'_order_direction','ASC',0),(1456,109,'planned_date','_plus_14_days_',0),(1457,109,'planned_date__comp_type','2',0),(1458,109,'planned_date__use_calendar','0',0),(1459,109,'result','_null_',0),(1460,109,'result__comp_type','0',0),(1461,109,'completed','0',0),(1462,109,'completed__comp_type','5',0),(1463,110,'advanced_filter','1',0),(1464,110,'name__show','1',0),(1465,110,'description__show','1',0),(1466,110,'Owner__show','1',0),(1467,110,'value__show','1',0),(1468,110,'start__show','1',0),(1469,110,'end__show','1',0),(1470,110,'third_party_id__show','1',0),(1471,110,'_limit','-1',0),(1472,110,'_order_column','created',0),(1473,110,'_order_direction','DESC',0),(1474,111,'advanced_filter','1',0),(1475,111,'name__show','1',0),(1476,111,'description__show','0',0),(1477,111,'Owner__show','0',0),(1478,111,'value__show','0',0),(1479,111,'start__show','0',0),(1480,111,'end__show','0',0),(1481,111,'third_party_id__show','0',0),(1482,111,'_limit','-1',0),(1483,111,'_order_column','name',0),(1484,111,'_order_direction','ASC',0),(1485,111,'last_comment','_minus_1_days_',0),(1486,111,'last_comment__comp_type','1',0),(1487,111,'last_comment__use_calendar','0',0),(1488,111,'comment_message__show','1',0),(1489,112,'advanced_filter','1',0),(1490,112,'name__show','1',0),(1491,112,'description__show','0',0),(1492,112,'Owner__show','0',0),(1493,112,'value__show','0',0),(1494,112,'start__show','0',0),(1495,112,'end__show','0',0),(1496,112,'third_party_id__show','0',0),(1497,112,'_limit','-1',0),(1498,112,'_order_column','name',0),(1499,112,'_order_direction','ASC',0),(1500,112,'last_attachment','_minus_1_days_',0),(1501,112,'last_attachment__comp_type','1',0),(1502,112,'last_attachment__use_calendar','0',0),(1503,112,'attachment_filename__show','1',0),(1504,113,'advanced_filter','1',0),(1505,113,'name__show','1',0),(1506,113,'description__show','0',0),(1507,113,'Owner__show','0',0),(1508,113,'value__show','0',0),(1509,113,'start__show','0',0),(1510,113,'end__show','0',0),(1511,113,'third_party_id__show','0',0),(1512,113,'_limit','-1',0),(1513,113,'_order_column','name',0),(1514,113,'_order_direction','ASC',0),(1515,113,'created','_minus_1_days_',0),(1516,113,'created__comp_type','1',0),(1517,114,'advanced_filter','1',0),(1518,114,'name__show','1',0),(1519,114,'description__show','0',0),(1520,114,'Owner__show','0',0),(1521,114,'value__show','0',0),(1522,114,'start__show','0',0),(1523,114,'end__show','0',0),(1524,114,'third_party_id__show','0',0),(1525,114,'_limit','-1',0),(1526,114,'_order_column','name',0),(1527,114,'_order_direction','ASC',0),(1528,114,'modified','_minus_1_days_',0),(1529,114,'modified__comp_type','1',0),(1530,115,'advanced_filter','1',0),(1531,115,'name__show','1',0),(1532,115,'description__show','1',0),(1533,115,'Owner__show','1',0),(1534,115,'value__show','1',0),(1535,115,'start__show','1',0),(1536,115,'end__show','1',0),(1537,115,'third_party_id__show','1',0),(1538,115,'_limit','-1',0),(1539,115,'_order_column','name',0),(1540,115,'_order_direction','ASC',0),(1541,115,'end','_plus_14_days_',0),(1542,115,'end__comp_type','2',0),(1543,115,'end__use_calendar','0',0),(1544,116,'advanced_filter','1',0),(1545,116,'name__show','1',0),(1546,116,'description__show','1',0),(1547,116,'Owner__show','1',0),(1548,116,'value__show','1',0),(1549,116,'start__show','1',0),(1550,116,'end__show','1',0),(1551,116,'third_party_id__show','1',0),(1552,116,'_limit','-1',0),(1553,116,'_order_column','name',0),(1554,116,'_order_direction','ASC',0),(1555,116,'DynamicStatus_expired','1',0),(1556,116,'DynamicStatus_expired__show','1',0),(1557,117,'advanced_filter','1',0),(1558,117,'title__show','1',0),(1559,117,'description__show','1',0),(1560,117,'Requester__show','1',0),(1561,117,'expiration__show','1',0),(1562,117,'closure_date__show','1',0),(1563,117,'status__show','1',0),(1564,117,'Risk__show','1',0),(1565,117,'ThirdPartyRisk__show','1',0),(1566,117,'BusinessContinuity__show','1',0),(1567,117,'_limit','-1',0),(1568,117,'_order_column','created',0),(1569,117,'_order_direction','DESC',0),(1570,118,'advanced_filter','1',0),(1571,118,'title__show','1',0),(1572,118,'description__show','0',0),(1573,118,'Requester__show','0',0),(1574,118,'expiration__show','0',0),(1575,118,'closure_date__show','0',0),(1576,118,'status__show','0',0),(1577,118,'Risk__show','0',0),(1578,118,'ThirdPartyRisk__show','0',0),(1579,118,'BusinessContinuity__show','0',0),(1580,118,'_limit','-1',0),(1581,118,'_order_column','title',0),(1582,118,'_order_direction','ASC',0),(1583,118,'last_comment','_minus_1_days_',0),(1584,118,'last_comment__comp_type','1',0),(1585,118,'last_comment__use_calendar','0',0),(1586,118,'comment_message__show','1',0),(1587,119,'advanced_filter','1',0),(1588,119,'title__show','1',0),(1589,119,'description__show','0',0),(1590,119,'Requester__show','0',0),(1591,119,'expiration__show','0',0),(1592,119,'closure_date__show','0',0),(1593,119,'status__show','0',0),(1594,119,'Risk__show','0',0),(1595,119,'ThirdPartyRisk__show','0',0),(1596,119,'BusinessContinuity__show','0',0),(1597,119,'_limit','-1',0),(1598,119,'_order_column','title',0),(1599,119,'_order_direction','ASC',0),(1600,119,'last_attachment','_minus_1_days_',0),(1601,119,'last_attachment__comp_type','1',0),(1602,119,'last_attachment__use_calendar','0',0),(1603,119,'attachment_filename__show','1',0),(1604,120,'advanced_filter','1',0),(1605,120,'title__show','1',0),(1606,120,'description__show','0',0),(1607,120,'Requester__show','0',0),(1608,120,'expiration__show','0',0),(1609,120,'closure_date__show','0',0),(1610,120,'status__show','0',0),(1611,120,'Risk__show','0',0),(1612,120,'ThirdPartyRisk__show','0',0),(1613,120,'BusinessContinuity__show','0',0),(1614,120,'_limit','-1',0),(1615,120,'_order_column','title',0),(1616,120,'_order_direction','ASC',0),(1617,120,'created','_minus_1_days_',0),(1618,120,'created__comp_type','1',0),(1619,121,'advanced_filter','1',0),(1620,121,'title__show','1',0),(1621,121,'description__show','0',0),(1622,121,'Requester__show','0',0),(1623,121,'expiration__show','0',0),(1624,121,'closure_date__show','0',0),(1625,121,'status__show','0',0),(1626,121,'Risk__show','0',0),(1627,121,'ThirdPartyRisk__show','0',0),(1628,121,'BusinessContinuity__show','0',0),(1629,121,'_limit','-1',0),(1630,121,'_order_column','title',0),(1631,121,'_order_direction','ASC',0),(1632,121,'modified','_minus_1_days_',0),(1633,121,'modified__comp_type','1',0),(1634,122,'advanced_filter','1',0),(1635,122,'title__show','1',0),(1636,122,'description__show','1',0),(1637,122,'Requester__show','1',0),(1638,122,'expiration__show','1',0),(1639,122,'closure_date__show','1',0),(1640,122,'status__show','1',0),(1641,122,'Risk__show','1',0),(1642,122,'ThirdPartyRisk__show','1',0),(1643,122,'BusinessContinuity__show','1',0),(1644,122,'_limit','-1',0),(1645,122,'_order_column','title',0),(1646,122,'_order_direction','ASC',0),(1647,122,'expiration','_plus_14_days_',0),(1648,122,'expiration__comp_type','2',0),(1649,122,'expiration__use_calendar','0',0),(1650,122,'status','1',0),(1651,122,'status__comp_type','0',0),(1652,123,'advanced_filter','1',0),(1653,123,'title__show','1',0),(1654,123,'description__show','1',0),(1655,123,'Requester__show','1',0),(1656,123,'expiration__show','1',0),(1657,123,'closure_date__show','1',0),(1658,123,'status__show','1',0),(1659,123,'Risk__show','1',0),(1660,123,'ThirdPartyRisk__show','1',0),(1661,123,'BusinessContinuity__show','1',0),(1662,123,'_limit','-1',0),(1663,123,'_order_column','title',0),(1664,123,'_order_direction','ASC',0),(1665,123,'DynamicStatus_expired','1',0),(1666,123,'DynamicStatus_expired__show','1',0),(1667,124,'advanced_filter','1',0),(1668,124,'title__show','1',0),(1669,124,'description__show','1',0),(1670,124,'Requestor__show','1',0),(1671,124,'expiration__show','1',0),(1672,124,'closure_date__show','1',0),(1673,124,'status__show','1',0),(1674,124,'SecurityPolicy__show','1',0),(1675,124,'Asset__show','1',0),(1676,124,'_limit','-1',0),(1677,124,'_order_column','created',0),(1678,124,'_order_direction','DESC',0),(1679,125,'advanced_filter','1',0),(1680,125,'title__show','1',0),(1681,125,'description__show','0',0),(1682,125,'Requestor__show','0',0),(1683,125,'expiration__show','0',0),(1684,125,'closure_date__show','0',0),(1685,125,'status__show','0',0),(1686,125,'SecurityPolicy__show','0',0),(1687,125,'Asset__show','0',0),(1688,125,'_limit','-1',0),(1689,125,'_order_column','title',0),(1690,125,'_order_direction','ASC',0),(1691,125,'last_comment','_minus_1_days_',0),(1692,125,'last_comment__comp_type','1',0),(1693,125,'last_comment__use_calendar','0',0),(1694,125,'comment_message__show','1',0),(1695,126,'advanced_filter','1',0),(1696,126,'title__show','1',0),(1697,126,'description__show','0',0),(1698,126,'Requestor__show','0',0),(1699,126,'expiration__show','0',0),(1700,126,'closure_date__show','0',0),(1701,126,'status__show','0',0),(1702,126,'SecurityPolicy__show','0',0),(1703,126,'Asset__show','0',0),(1704,126,'_limit','-1',0),(1705,126,'_order_column','title',0),(1706,126,'_order_direction','ASC',0),(1707,126,'last_attachment','_minus_1_days_',0),(1708,126,'last_attachment__comp_type','1',0),(1709,126,'last_attachment__use_calendar','0',0),(1710,126,'attachment_filename__show','1',0),(1711,127,'advanced_filter','1',0),(1712,127,'title__show','1',0),(1713,127,'description__show','0',0),(1714,127,'Requestor__show','0',0),(1715,127,'expiration__show','0',0),(1716,127,'closure_date__show','0',0),(1717,127,'status__show','0',0),(1718,127,'SecurityPolicy__show','0',0),(1719,127,'Asset__show','0',0),(1720,127,'_limit','-1',0),(1721,127,'_order_column','title',0),(1722,127,'_order_direction','ASC',0),(1723,127,'created','_minus_1_days_',0),(1724,127,'created__comp_type','1',0),(1725,128,'advanced_filter','1',0),(1726,128,'title__show','1',0),(1727,128,'description__show','0',0),(1728,128,'Requestor__show','0',0),(1729,128,'expiration__show','0',0),(1730,128,'closure_date__show','0',0),(1731,128,'status__show','0',0),(1732,128,'SecurityPolicy__show','0',0),(1733,128,'Asset__show','0',0),(1734,128,'_limit','-1',0),(1735,128,'_order_column','title',0),(1736,128,'_order_direction','ASC',0),(1737,128,'modified','_minus_1_days_',0),(1738,128,'modified__comp_type','1',0),(1739,129,'advanced_filter','1',0),(1740,129,'title__show','1',0),(1741,129,'description__show','1',0),(1742,129,'Requestor__show','1',0),(1743,129,'expiration__show','1',0),(1744,129,'closure_date__show','1',0),(1745,129,'status__show','1',0),(1746,129,'SecurityPolicy__show','1',0),(1747,129,'Asset__show','1',0),(1748,129,'_limit','-1',0),(1749,129,'_order_column','title',0),(1750,129,'_order_direction','ASC',0),(1751,129,'expiration','_plus_14_days_',0),(1752,129,'expiration__comp_type','2',0),(1753,129,'expiration__use_calendar','0',0),(1754,129,'status','1',0),(1755,129,'status__comp_type','0',0),(1756,130,'advanced_filter','1',0),(1757,130,'title__show','1',0),(1758,130,'description__show','1',0),(1759,130,'Requestor__show','1',0),(1760,130,'expiration__show','1',0),(1761,130,'closure_date__show','1',0),(1762,130,'status__show','1',0),(1763,130,'SecurityPolicy__show','1',0),(1764,130,'Asset__show','1',0),(1765,130,'_limit','-1',0),(1766,130,'_order_column','title',0),(1767,130,'_order_direction','ASC',0),(1768,130,'DynamicStatus_expired','1',0),(1769,130,'DynamicStatus_expired__show','1',0),(1770,131,'advanced_filter','1',0),(1771,131,'title__show','1',0),(1772,131,'description__show','1',0),(1773,131,'Requestor__show','1',0),(1774,131,'expiration__show','1',0),(1775,131,'closure_date__show','1',0),(1776,131,'status__show','1',0),(1777,131,'_limit','-1',0),(1778,131,'_order_column','created',0),(1779,131,'_order_direction','DESC',0),(1780,132,'advanced_filter','1',0),(1781,132,'title__show','1',0),(1782,132,'description__show','0',0),(1783,132,'Requestor__show','0',0),(1784,132,'expiration__show','0',0),(1785,132,'closure_date__show','0',0),(1786,132,'status__show','0',0),(1787,132,'_limit','-1',0),(1788,132,'_order_column','title',0),(1789,132,'_order_direction','ASC',0),(1790,132,'last_comment','_minus_1_days_',0),(1791,132,'last_comment__comp_type','1',0),(1792,132,'last_comment__use_calendar','0',0),(1793,132,'comment_message__show','1',0),(1794,133,'advanced_filter','1',0),(1795,133,'title__show','1',0),(1796,133,'description__show','0',0),(1797,133,'Requestor__show','0',0),(1798,133,'expiration__show','0',0),(1799,133,'closure_date__show','0',0),(1800,133,'status__show','0',0),(1801,133,'_limit','-1',0),(1802,133,'_order_column','title',0),(1803,133,'_order_direction','ASC',0),(1804,133,'last_attachment','_minus_1_days_',0),(1805,133,'last_attachment__comp_type','1',0),(1806,133,'last_attachment__use_calendar','0',0),(1807,133,'attachment_filename__show','1',0),(1808,134,'advanced_filter','1',0),(1809,134,'title__show','1',0),(1810,134,'description__show','0',0),(1811,134,'Requestor__show','0',0),(1812,134,'expiration__show','0',0),(1813,134,'closure_date__show','0',0),(1814,134,'status__show','0',0),(1815,134,'_limit','-1',0),(1816,134,'_order_column','title',0),(1817,134,'_order_direction','ASC',0),(1818,134,'created','_minus_1_days_',0),(1819,134,'created__comp_type','1',0),(1820,135,'advanced_filter','1',0),(1821,135,'title__show','1',0),(1822,135,'description__show','0',0),(1823,135,'Requestor__show','0',0),(1824,135,'expiration__show','0',0),(1825,135,'closure_date__show','0',0),(1826,135,'status__show','0',0),(1827,135,'_limit','-1',0),(1828,135,'_order_column','title',0),(1829,135,'_order_direction','ASC',0),(1830,135,'modified','_minus_1_days_',0),(1831,135,'modified__comp_type','1',0),(1832,136,'advanced_filter','1',0),(1833,136,'title__show','1',0),(1834,136,'description__show','1',0),(1835,136,'Requestor__show','1',0),(1836,136,'expiration__show','1',0),(1837,136,'closure_date__show','1',0),(1838,136,'status__show','1',0),(1839,136,'_limit','-1',0),(1840,136,'_order_column','title',0),(1841,136,'_order_direction','ASC',0),(1842,136,'expiration','_plus_14_days_',0),(1843,136,'expiration__comp_type','2',0),(1844,136,'expiration__use_calendar','0',0),(1845,136,'status','1',0),(1846,136,'status__comp_type','0',0),(1847,137,'advanced_filter','1',0),(1848,137,'title__show','1',0),(1849,137,'description__show','1',0),(1850,137,'Requestor__show','1',0),(1851,137,'expiration__show','1',0),(1852,137,'closure_date__show','1',0),(1853,137,'status__show','1',0),(1854,137,'_limit','-1',0),(1855,137,'_order_column','title',0),(1856,137,'_order_direction','ASC',0),(1857,137,'DynamicStatus_expired','1',0),(1858,137,'DynamicStatus_expired__show','1',0),(1859,138,'advanced_filter','1',0),(1860,138,'compliance_package_items_count__show','1',0),(1861,138,'name__show','1',0),(1862,138,'description__show','1',0),(1863,138,'Owner__show','1',0),(1864,138,'Legal__show','1',0),(1865,138,'publisher_name__show','1',0),(1866,138,'regulation_name__show','1',0),(1867,138,'version__show','1',0),(1868,138,'_limit','-1',0),(1869,138,'_order_column','created',0),(1870,138,'_order_direction','DESC',0),(1871,139,'advanced_filter','1',0),(1872,139,'compliance_package_items_count__show','0',0),(1873,139,'name__show','1',0),(1874,139,'description__show','0',0),(1875,139,'Owner__show','0',0),(1876,139,'Legal__show','0',0),(1877,139,'publisher_name__show','0',0),(1878,139,'regulation_name__show','0',0),(1879,139,'version__show','0',0),(1880,139,'_limit','-1',0),(1881,139,'_order_column','name',0),(1882,139,'_order_direction','ASC',0),(1883,139,'last_comment','_minus_1_days_',0),(1884,139,'last_comment__comp_type','1',0),(1885,139,'last_comment__use_calendar','0',0),(1886,139,'comment_message__show','1',0),(1887,140,'advanced_filter','1',0),(1888,140,'compliance_package_items_count__show','0',0),(1889,140,'name__show','1',0),(1890,140,'description__show','0',0),(1891,140,'Owner__show','0',0),(1892,140,'Legal__show','0',0),(1893,140,'publisher_name__show','0',0),(1894,140,'regulation_name__show','0',0),(1895,140,'version__show','0',0),(1896,140,'_limit','-1',0),(1897,140,'_order_column','name',0),(1898,140,'_order_direction','ASC',0),(1899,140,'last_attachment','_minus_1_days_',0),(1900,140,'last_attachment__comp_type','1',0),(1901,140,'last_attachment__use_calendar','0',0),(1902,140,'attachment_filename__show','1',0),(1903,141,'advanced_filter','1',0),(1904,141,'compliance_package_items_count__show','0',0),(1905,141,'name__show','1',0),(1906,141,'description__show','0',0),(1907,141,'Owner__show','0',0),(1908,141,'Legal__show','0',0),(1909,141,'publisher_name__show','0',0),(1910,141,'regulation_name__show','0',0),(1911,141,'version__show','0',0),(1912,141,'_limit','-1',0),(1913,141,'_order_column','name',0),(1914,141,'_order_direction','ASC',0),(1915,141,'created','_minus_1_days_',0),(1916,141,'created__comp_type','1',0),(1917,142,'advanced_filter','1',0),(1918,142,'compliance_package_items_count__show','0',0),(1919,142,'name__show','1',0),(1920,142,'description__show','0',0),(1921,142,'Owner__show','0',0),(1922,142,'Legal__show','0',0),(1923,142,'publisher_name__show','0',0),(1924,142,'regulation_name__show','0',0),(1925,142,'version__show','0',0),(1926,142,'_limit','-1',0),(1927,142,'_order_column','name',0),(1928,142,'_order_direction','ASC',0),(1929,142,'modified','_minus_1_days_',0),(1930,142,'modified__comp_type','1',0),(1931,143,'advanced_filter','1',0),(1932,143,'DataAssets_count__show','1',0),(1933,143,'asset_id__show','1',0),(1934,143,'Asset-AssetOwner__show','1',0),(1935,143,'DataAssetSetting-gdpr_enabled__show','1',0),(1936,143,'DataAssetSetting-driver_for_compliance__show','1',0),(1937,143,'DataAssetSetting-DataOwners__show','1',0),(1938,143,'DataAssetSetting-Dpo__show','1',0),(1939,143,'DataAssetSetting-Processor__show','1',0),(1940,143,'DataAssetSetting-Controller__show','1',0),(1941,143,'DataAssetSetting-ControllerRepresentative__show','1',0),(1942,143,'SupervisoryAuthority-country_id__show','1',0),(1943,143,'_limit','-1',0),(1944,143,'_order_column','created',0),(1945,143,'_order_direction','DESC',0),(1946,144,'advanced_filter','1',0),(1947,144,'DataAssets_count__show','0',0),(1948,144,'asset_id__show','1',0),(1949,144,'Asset-AssetOwner__show','0',0),(1950,144,'DataAssetSetting-gdpr_enabled__show','0',0),(1951,144,'DataAssetSetting-driver_for_compliance__show','0',0),(1952,144,'DataAssetSetting-DataOwners__show','0',0),(1953,144,'DataAssetSetting-Dpo__show','0',0),(1954,144,'DataAssetSetting-Processor__show','0',0),(1955,144,'DataAssetSetting-Controller__show','0',0),(1956,144,'DataAssetSetting-ControllerRepresentative__show','0',0),(1957,144,'SupervisoryAuthority-country_id__show','0',0),(1958,144,'_limit','-1',0),(1959,144,'_order_column','id',0),(1960,144,'_order_direction','ASC',0),(1961,144,'last_comment','_minus_1_days_',0),(1962,144,'last_comment__comp_type','1',0),(1963,144,'last_comment__use_calendar','0',0),(1964,144,'comment_message__show','1',0),(1965,145,'advanced_filter','1',0),(1966,145,'DataAssets_count__show','0',0),(1967,145,'asset_id__show','1',0),(1968,145,'Asset-AssetOwner__show','0',0),(1969,145,'DataAssetSetting-gdpr_enabled__show','0',0),(1970,145,'DataAssetSetting-driver_for_compliance__show','0',0),(1971,145,'DataAssetSetting-DataOwners__show','0',0),(1972,145,'DataAssetSetting-Dpo__show','0',0),(1973,145,'DataAssetSetting-Processor__show','0',0),(1974,145,'DataAssetSetting-Controller__show','0',0),(1975,145,'DataAssetSetting-ControllerRepresentative__show','0',0),(1976,145,'SupervisoryAuthority-country_id__show','0',0),(1977,145,'_limit','-1',0),(1978,145,'_order_column','id',0),(1979,145,'_order_direction','ASC',0),(1980,145,'last_attachment','_minus_1_days_',0),(1981,145,'last_attachment__comp_type','1',0),(1982,145,'last_attachment__use_calendar','0',0),(1983,145,'attachment_filename__show','1',0),(1984,146,'advanced_filter','1',0),(1985,146,'DataAssets_count__show','0',0),(1986,146,'asset_id__show','1',0),(1987,146,'Asset-AssetOwner__show','0',0),(1988,146,'DataAssetSetting-gdpr_enabled__show','0',0),(1989,146,'DataAssetSetting-driver_for_compliance__show','0',0),(1990,146,'DataAssetSetting-DataOwners__show','0',0),(1991,146,'DataAssetSetting-Dpo__show','0',0),(1992,146,'DataAssetSetting-Processor__show','0',0),(1993,146,'DataAssetSetting-Controller__show','0',0),(1994,146,'DataAssetSetting-ControllerRepresentative__show','0',0),(1995,146,'SupervisoryAuthority-country_id__show','0',0),(1996,146,'_limit','-1',0),(1997,146,'_order_column','id',0),(1998,146,'_order_direction','ASC',0),(1999,146,'created','_minus_1_days_',0),(2000,146,'created__comp_type','1',0),(2001,147,'advanced_filter','1',0),(2002,147,'DataAssets_count__show','0',0),(2003,147,'asset_id__show','1',0),(2004,147,'Asset-AssetOwner__show','0',0),(2005,147,'DataAssetSetting-gdpr_enabled__show','0',0),(2006,147,'DataAssetSetting-driver_for_compliance__show','0',0),(2007,147,'DataAssetSetting-DataOwners__show','0',0),(2008,147,'DataAssetSetting-Dpo__show','0',0),(2009,147,'DataAssetSetting-Processor__show','0',0),(2010,147,'DataAssetSetting-Controller__show','0',0),(2011,147,'DataAssetSetting-ControllerRepresentative__show','0',0),(2012,147,'SupervisoryAuthority-country_id__show','0',0),(2013,147,'_limit','-1',0),(2014,147,'_order_column','id',0),(2015,147,'_order_direction','ASC',0),(2016,147,'modified','_minus_1_days_',0),(2017,147,'modified__comp_type','1',0),(2018,148,'advanced_filter','1',0),(2019,148,'DataAssets_count__show','1',0),(2020,148,'asset_id__show','1',0),(2021,148,'Asset-AssetOwner__show','1',0),(2022,148,'DataAssetSetting-gdpr_enabled__show','1',0),(2023,148,'DataAssetSetting-driver_for_compliance__show','1',0),(2024,148,'DataAssetSetting-DataOwners__show','1',0),(2025,148,'DataAssetSetting-Dpo__show','1',0),(2026,148,'DataAssetSetting-Processor__show','1',0),(2027,148,'DataAssetSetting-Controller__show','1',0),(2028,148,'DataAssetSetting-ControllerRepresentative__show','1',0),(2029,148,'SupervisoryAuthority-country_id__show','1',0),(2030,148,'_limit','-1',0),(2031,148,'_order_column','id',0),(2032,148,'_order_direction','ASC',0),(2033,148,'DataAssetSetting-gdpr_enabled','1',0),(2034,149,'advanced_filter','1',0),(2035,149,'data_asset_status_id__show','1',0),(2036,149,'title__show','1',0),(2037,149,'BusinessUnit__show','1',0),(2038,149,'ThirdParty__show','1',0),(2039,149,'Risk__show','1',0),(2040,149,'ThirdPartyRisk__show','1',0),(2041,149,'BusinessContinuity__show','1',0),(2042,149,'Project__show','1',0),(2043,149,'SecurityService__show','1',0),(2044,149,'SecurityPolicy__show','1',0),(2045,149,'_limit','-1',0),(2046,149,'_order_column','created',0),(2047,149,'_order_direction','DESC',0),(2048,150,'advanced_filter','1',0),(2049,150,'data_asset_status_id__show','0',0),(2050,150,'title__show','1',0),(2051,150,'BusinessUnit__show','0',0),(2052,150,'ThirdParty__show','0',0),(2053,150,'Risk__show','0',0),(2054,150,'ThirdPartyRisk__show','0',0),(2055,150,'BusinessContinuity__show','0',0),(2056,150,'Project__show','0',0),(2057,150,'SecurityService__show','0',0),(2058,150,'SecurityPolicy__show','0',0),(2059,150,'_limit','-1',0),(2060,150,'_order_column','title',0),(2061,150,'_order_direction','ASC',0),(2062,150,'last_comment','_minus_1_days_',0),(2063,150,'last_comment__comp_type','1',0),(2064,150,'last_comment__use_calendar','0',0),(2065,150,'comment_message__show','1',0),(2066,151,'advanced_filter','1',0),(2067,151,'data_asset_status_id__show','0',0),(2068,151,'title__show','1',0),(2069,151,'BusinessUnit__show','0',0),(2070,151,'ThirdParty__show','0',0),(2071,151,'Risk__show','0',0),(2072,151,'ThirdPartyRisk__show','0',0),(2073,151,'BusinessContinuity__show','0',0),(2074,151,'Project__show','0',0),(2075,151,'SecurityService__show','0',0),(2076,151,'SecurityPolicy__show','0',0),(2077,151,'_limit','-1',0),(2078,151,'_order_column','title',0),(2079,151,'_order_direction','ASC',0),(2080,151,'last_attachment','_minus_1_days_',0),(2081,151,'last_attachment__comp_type','1',0),(2082,151,'last_attachment__use_calendar','0',0),(2083,151,'attachment_filename__show','1',0),(2084,152,'advanced_filter','1',0),(2085,152,'data_asset_status_id__show','0',0),(2086,152,'title__show','1',0),(2087,152,'BusinessUnit__show','0',0),(2088,152,'ThirdParty__show','0',0),(2089,152,'Risk__show','0',0),(2090,152,'ThirdPartyRisk__show','0',0),(2091,152,'BusinessContinuity__show','0',0),(2092,152,'Project__show','0',0),(2093,152,'SecurityService__show','0',0),(2094,152,'SecurityPolicy__show','0',0),(2095,152,'_limit','-1',0),(2096,152,'_order_column','title',0),(2097,152,'_order_direction','ASC',0),(2098,152,'created','_minus_1_days_',0),(2099,152,'created__comp_type','1',0),(2100,153,'advanced_filter','1',0),(2101,153,'data_asset_status_id__show','0',0),(2102,153,'title__show','1',0),(2103,153,'BusinessUnit__show','0',0),(2104,153,'ThirdParty__show','0',0),(2105,153,'Risk__show','0',0),(2106,153,'ThirdPartyRisk__show','0',0),(2107,153,'BusinessContinuity__show','0',0),(2108,153,'Project__show','0',0),(2109,153,'SecurityService__show','0',0),(2110,153,'SecurityPolicy__show','0',0),(2111,153,'_limit','-1',0),(2112,153,'_order_column','title',0),(2113,153,'_order_direction','ASC',0),(2114,153,'modified','_minus_1_days_',0),(2115,153,'modified__comp_type','1',0),(2116,154,'advanced_filter','1',0),(2117,154,'data_asset_status_id__show','1',0),(2118,154,'title__show','1',0),(2119,154,'BusinessUnit__show','1',0),(2120,154,'ThirdParty__show','1',0),(2121,154,'Risk__show','1',0),(2122,154,'ThirdPartyRisk__show','1',0),(2123,154,'BusinessContinuity__show','1',0),(2124,154,'Project__show','1',0),(2125,154,'SecurityService__show','1',0),(2126,154,'SecurityPolicy__show','1',0),(2127,154,'_limit','-1',0),(2128,154,'_order_column','title',0),(2129,154,'_order_direction','ASC',0),(2130,154,'data_asset_status_id','1',0),(2131,155,'advanced_filter','1',0),(2132,155,'data_asset_status_id__show','1',0),(2133,155,'title__show','1',0),(2134,155,'BusinessUnit__show','1',0),(2135,155,'ThirdParty__show','1',0),(2136,155,'Risk__show','1',0),(2137,155,'ThirdPartyRisk__show','1',0),(2138,155,'BusinessContinuity__show','1',0),(2139,155,'Project__show','1',0),(2140,155,'SecurityService__show','1',0),(2141,155,'SecurityPolicy__show','1',0),(2142,155,'_limit','-1',0),(2143,155,'_order_column','title',0),(2144,155,'_order_direction','ASC',0),(2145,155,'data_asset_status_id','2',0),(2146,156,'advanced_filter','1',0),(2147,156,'data_asset_status_id__show','1',0),(2148,156,'title__show','1',0),(2149,156,'BusinessUnit__show','1',0),(2150,156,'ThirdParty__show','1',0),(2151,156,'Risk__show','1',0),(2152,156,'ThirdPartyRisk__show','1',0),(2153,156,'BusinessContinuity__show','1',0),(2154,156,'Project__show','1',0),(2155,156,'SecurityService__show','1',0),(2156,156,'SecurityPolicy__show','1',0),(2157,156,'_limit','-1',0),(2158,156,'_order_column','title',0),(2159,156,'_order_direction','ASC',0),(2160,156,'data_asset_status_id','3',0),(2161,157,'advanced_filter','1',0),(2162,157,'data_asset_status_id__show','1',0),(2163,157,'title__show','1',0),(2164,157,'BusinessUnit__show','1',0),(2165,157,'ThirdParty__show','1',0),(2166,157,'Risk__show','1',0),(2167,157,'ThirdPartyRisk__show','1',0),(2168,157,'BusinessContinuity__show','1',0),(2169,157,'Project__show','1',0),(2170,157,'SecurityService__show','1',0),(2171,157,'SecurityPolicy__show','1',0),(2172,157,'_limit','-1',0),(2173,157,'_order_column','title',0),(2174,157,'_order_direction','ASC',0),(2175,157,'data_asset_status_id','4',0),(2176,158,'advanced_filter','1',0),(2177,158,'data_asset_status_id__show','1',0),(2178,158,'title__show','1',0),(2179,158,'BusinessUnit__show','1',0),(2180,158,'ThirdParty__show','1',0),(2181,158,'Risk__show','1',0),(2182,158,'ThirdPartyRisk__show','1',0),(2183,158,'BusinessContinuity__show','1',0),(2184,158,'Project__show','1',0),(2185,158,'SecurityService__show','1',0),(2186,158,'SecurityPolicy__show','1',0),(2187,158,'_limit','-1',0),(2188,158,'_order_column','title',0),(2189,158,'_order_direction','ASC',0),(2190,158,'data_asset_status_id','5',0),(2191,159,'advanced_filter','1',0),(2192,159,'created__show','1',0),(2193,159,'type__show','1',0),(2194,159,'execution_time__show','1',0),(2195,159,'status__show','1',0),(2196,159,'message__show','1',0),(2197,159,'_limit','-1',0),(2198,159,'_order_column','created',0),(2199,159,'_order_direction','DESC',0),(2200,160,'advanced_filter','1',0),(2201,160,'created__show','1',0),(2202,160,'type__show','1',0),(2203,160,'execution_time__show','1',0),(2204,160,'status__show','1',0),(2205,160,'message__show','1',0),(2206,160,'_limit','-1',0),(2207,160,'_order_column','id',0),(2208,160,'_order_direction','ASC',0),(2209,160,'created','_minus_1_days_',0),(2210,160,'created__comp_type','1',0),(2211,161,'advanced_filter','1',0),(2212,161,'created__show','1',0),(2213,161,'type__show','1',0),(2214,161,'execution_time__show','1',0),(2215,161,'status__show','1',0),(2216,161,'message__show','1',0),(2217,161,'_limit','-1',0),(2218,161,'_order_column','id',0),(2219,161,'_order_direction','ASC',0),(2220,161,'status','error',0),(2221,162,'advanced_filter','1',0),(2222,162,'title__show','1',0),(2223,162,'description__show','1',0),(2224,162,'due_date__show','1',0),(2225,162,'Owner__show','1',0),(2226,162,'Collaborator__show','1',0),(2227,162,'status__show','1',0),(2228,162,'_limit','-1',0),(2229,162,'_order_column','created',0),(2230,162,'_order_direction','DESC',0),(2231,163,'advanced_filter','1',0),(2232,163,'title__show','1',0),(2233,163,'description__show','0',0),(2234,163,'due_date__show','0',0),(2235,163,'Owner__show','0',0),(2236,163,'Collaborator__show','0',0),(2237,163,'status__show','0',0),(2238,163,'_limit','-1',0),(2239,163,'_order_column','title',0),(2240,163,'_order_direction','ASC',0),(2241,163,'last_comment','_minus_1_days_',0),(2242,163,'last_comment__comp_type','1',0),(2243,163,'last_comment__use_calendar','0',0),(2244,163,'comment_message__show','1',0),(2245,164,'advanced_filter','1',0),(2246,164,'title__show','1',0),(2247,164,'description__show','0',0),(2248,164,'due_date__show','0',0),(2249,164,'Owner__show','0',0),(2250,164,'Collaborator__show','0',0),(2251,164,'status__show','0',0),(2252,164,'_limit','-1',0),(2253,164,'_order_column','title',0),(2254,164,'_order_direction','ASC',0),(2255,164,'last_attachment','_minus_1_days_',0),(2256,164,'last_attachment__comp_type','1',0),(2257,164,'last_attachment__use_calendar','0',0),(2258,164,'attachment_filename__show','1',0),(2259,165,'advanced_filter','1',0),(2260,165,'title__show','1',0),(2261,165,'description__show','0',0),(2262,165,'due_date__show','0',0),(2263,165,'Owner__show','0',0),(2264,165,'Collaborator__show','0',0),(2265,165,'status__show','0',0),(2266,165,'_limit','-1',0),(2267,165,'_order_column','title',0),(2268,165,'_order_direction','ASC',0),(2269,165,'created','_minus_1_days_',0),(2270,165,'created__comp_type','1',0),(2271,166,'advanced_filter','1',0),(2272,166,'title__show','1',0),(2273,166,'description__show','0',0),(2274,166,'due_date__show','0',0),(2275,166,'Owner__show','0',0),(2276,166,'Collaborator__show','0',0),(2277,166,'status__show','0',0),(2278,166,'_limit','-1',0),(2279,166,'_order_column','title',0),(2280,166,'_order_direction','ASC',0),(2281,166,'modified','_minus_1_days_',0),(2282,166,'modified__comp_type','1',0),(2283,167,'advanced_filter','1',0),(2284,167,'title__show','1',0),(2285,167,'description__show','1',0),(2286,167,'due_date__show','1',0),(2287,167,'Owner__show','1',0),(2288,167,'Collaborator__show','1',0),(2289,167,'status__show','1',0),(2290,167,'_limit','-1',0),(2291,167,'_order_column','title',0),(2292,167,'_order_direction','ASC',0),(2293,167,'DynamicStatus_expired','1',0),(2294,167,'DynamicStatus_expired__show','1',0),(2295,167,'DynamicStatus_expired__comp_type','0',0),(2296,168,'advanced_filter','1',0),(2297,168,'title__show','1',0),(2298,168,'description__show','1',0),(2299,168,'due_date__show','1',0),(2300,168,'Owner__show','1',0),(2301,168,'Collaborator__show','1',0),(2302,168,'status__show','1',0),(2303,168,'_limit','-1',0),(2304,168,'_order_column','title',0),(2305,168,'_order_direction','ASC',0),(2306,168,'due_date','_plus_14_days_',0),(2307,168,'due_date__comp_type','2',0),(2308,168,'due_date__use_calendar','0',0),(2309,168,'status','1',0),(2310,168,'status__comp_type','0',0),(2311,169,'advanced_filter','1',0),(2312,169,'ProjectAchievements_count__show','1',0),(2313,169,'ProjectExpenses_count__show','1',0),(2314,169,'title__show','1',0),(2315,169,'start__show','1',0),(2316,169,'deadline__show','1',0),(2317,169,'Owner__show','1',0),(2318,169,'plan_budget__show','1',0),(2319,169,'Tag-title__show','1',0),(2320,169,'project_status_id__show','1',0),(2321,169,'ProjectAchievement-description__show','1',0),(2322,169,'ProjectAchievements-date__show','1',0),(2323,169,'ProjectExpense-description__show','1',0),(2324,169,'_limit','-1',0),(2325,169,'_order_column','created',0),(2326,169,'_order_direction','DESC',0),(2327,170,'advanced_filter','1',0),(2328,170,'ProjectAchievements_count__show','0',0),(2329,170,'ProjectExpenses_count__show','0',0),(2330,170,'title__show','1',0),(2331,170,'start__show','0',0),(2332,170,'deadline__show','0',0),(2333,170,'Owner__show','0',0),(2334,170,'plan_budget__show','0',0),(2335,170,'Tag-title__show','0',0),(2336,170,'project_status_id__show','0',0),(2337,170,'ProjectAchievement-description__show','0',0),(2338,170,'ProjectAchievements-date__show','0',0),(2339,170,'ProjectExpense-description__show','0',0),(2340,170,'_limit','-1',0),(2341,170,'_order_column','title',0),(2342,170,'_order_direction','ASC',0),(2343,170,'last_comment','_minus_1_days_',0),(2344,170,'last_comment__comp_type','1',0),(2345,170,'last_comment__use_calendar','0',0),(2346,170,'comment_message__show','1',0),(2347,171,'advanced_filter','1',0),(2348,171,'ProjectAchievements_count__show','0',0),(2349,171,'ProjectExpenses_count__show','0',0),(2350,171,'title__show','1',0),(2351,171,'start__show','0',0),(2352,171,'deadline__show','0',0),(2353,171,'Owner__show','0',0),(2354,171,'plan_budget__show','0',0),(2355,171,'Tag-title__show','0',0),(2356,171,'project_status_id__show','0',0),(2357,171,'ProjectAchievement-description__show','0',0),(2358,171,'ProjectAchievements-date__show','0',0),(2359,171,'ProjectExpense-description__show','0',0),(2360,171,'_limit','-1',0),(2361,171,'_order_column','title',0),(2362,171,'_order_direction','ASC',0),(2363,171,'last_attachment','_minus_1_days_',0),(2364,171,'last_attachment__comp_type','1',0),(2365,171,'last_attachment__use_calendar','0',0),(2366,171,'attachment_filename__show','1',0),(2367,172,'advanced_filter','1',0),(2368,172,'ProjectAchievements_count__show','0',0),(2369,172,'ProjectExpenses_count__show','0',0),(2370,172,'title__show','1',0),(2371,172,'start__show','0',0),(2372,172,'deadline__show','0',0),(2373,172,'Owner__show','0',0),(2374,172,'plan_budget__show','0',0),(2375,172,'Tag-title__show','0',0),(2376,172,'project_status_id__show','0',0),(2377,172,'ProjectAchievement-description__show','0',0),(2378,172,'ProjectAchievements-date__show','0',0),(2379,172,'ProjectExpense-description__show','0',0),(2380,172,'_limit','-1',0),(2381,172,'_order_column','title',0),(2382,172,'_order_direction','ASC',0),(2383,172,'created','_minus_1_days_',0),(2384,172,'created__comp_type','1',0),(2385,173,'advanced_filter','1',0),(2386,173,'ProjectAchievements_count__show','0',0),(2387,173,'ProjectExpenses_count__show','0',0),(2388,173,'title__show','1',0),(2389,173,'start__show','0',0),(2390,173,'deadline__show','0',0),(2391,173,'Owner__show','0',0),(2392,173,'plan_budget__show','0',0),(2393,173,'Tag-title__show','0',0),(2394,173,'project_status_id__show','0',0),(2395,173,'ProjectAchievement-description__show','0',0),(2396,173,'ProjectAchievements-date__show','0',0),(2397,173,'ProjectExpense-description__show','0',0),(2398,173,'_limit','-1',0),(2399,173,'_order_column','title',0),(2400,173,'_order_direction','ASC',0),(2401,173,'modified','_minus_1_days_',0),(2402,173,'modified__comp_type','1',0),(2403,174,'advanced_filter','1',0),(2404,174,'ProjectAchievements_count__show','1',0),(2405,174,'ProjectExpenses_count__show','1',0),(2406,174,'title__show','1',0),(2407,174,'start__show','1',0),(2408,174,'deadline__show','1',0),(2409,174,'Owner__show','1',0),(2410,174,'plan_budget__show','1',0),(2411,174,'Tag-title__show','1',0),(2412,174,'project_status_id__show','1',0),(2413,174,'ProjectAchievement-description__show','1',0),(2414,174,'ProjectAchievements-date__show','1',0),(2415,174,'ProjectExpense-description__show','1',0),(2416,174,'_limit','-1',0),(2417,174,'_order_column','title',0),(2418,174,'_order_direction','ASC',0),(2419,174,'project_status_id','2',0),(2420,174,'DynamicStatus_ProjectAchievement-expired','1',0),(2421,174,'DynamicStatus_ProjectAchievement-expired__show','1',0),(2422,175,'advanced_filter','1',0),(2423,175,'ProjectAchievements_count__show','1',0),(2424,175,'ProjectExpenses_count__show','1',0),(2425,175,'title__show','1',0),(2426,175,'start__show','1',0),(2427,175,'deadline__show','1',0),(2428,175,'Owner__show','1',0),(2429,175,'plan_budget__show','1',0),(2430,175,'Tag-title__show','1',0),(2431,175,'project_status_id__show','1',0),(2432,175,'ProjectAchievement-description__show','1',0),(2433,175,'ProjectAchievements-date__show','1',0),(2434,175,'ProjectExpense-description__show','1',0),(2435,175,'_limit','-1',0),(2436,175,'_order_column','title',0),(2437,175,'_order_direction','ASC',0),(2438,175,'project_status_id','2',0),(2439,175,'DynamicStatus_expired','1',0),(2440,175,'DynamicStatus_expired__show','1',0),(2441,176,'advanced_filter','1',0),(2442,176,'ProjectAchievements_count__show','1',0),(2443,176,'ProjectExpenses_count__show','1',0),(2444,176,'title__show','1',0),(2445,176,'start__show','1',0),(2446,176,'deadline__show','1',0),(2447,176,'Owner__show','1',0),(2448,176,'plan_budget__show','1',0),(2449,176,'Tag-title__show','1',0),(2450,176,'project_status_id__show','1',0),(2451,176,'ProjectAchievement-description__show','1',0),(2452,176,'ProjectAchievements-date__show','1',0),(2453,176,'ProjectExpense-description__show','1',0),(2454,176,'_limit','-1',0),(2455,176,'_order_column','title',0),(2456,176,'_order_direction','ASC',0),(2457,176,'project_status_id','2',0),(2458,177,'advanced_filter','1',0),(2459,177,'ProjectAchievements_count__show','1',0),(2460,177,'ProjectExpenses_count__show','1',0),(2461,177,'title__show','1',0),(2462,177,'start__show','1',0),(2463,177,'deadline__show','1',0),(2464,177,'Owner__show','1',0),(2465,177,'plan_budget__show','1',0),(2466,177,'Tag-title__show','1',0),(2467,177,'project_status_id__show','1',0),(2468,177,'ProjectAchievement-description__show','1',0),(2469,177,'ProjectAchievements-date__show','1',0),(2470,177,'ProjectExpense-description__show','1',0),(2471,177,'_limit','-1',0),(2472,177,'_order_column','title',0),(2473,177,'_order_direction','ASC',0),(2474,177,'project_status_id','3',0),(2475,178,'advanced_filter','1',0),(2476,178,'ProjectAchievements_count__show','1',0),(2477,178,'ProjectExpenses_count__show','1',0),(2478,178,'title__show','1',0),(2479,178,'start__show','1',0),(2480,178,'deadline__show','1',0),(2481,178,'Owner__show','1',0),(2482,178,'plan_budget__show','1',0),(2483,178,'Tag-title__show','1',0),(2484,178,'project_status_id__show','1',0),(2485,178,'ProjectAchievement-description__show','1',0),(2486,178,'ProjectAchievements-date__show','1',0),(2487,178,'ProjectExpense-description__show','1',0),(2488,178,'_limit','-1',0),(2489,178,'_order_column','title',0),(2490,178,'_order_direction','ASC',0),(2491,178,'project_status_id','1',0),(2492,179,'advanced_filter','1',0),(2493,179,'TaskOwner__show','1',0),(2494,179,'completion__show','1',0),(2495,179,'date__show','1',0),(2496,179,'task_order__show','1',0),(2497,179,'description__show','1',0),(2498,179,'DynamicStatus_expired__show','1',0),(2499,179,'project_id__show','1',0),(2500,179,'Project-Owner__show','1',0),(2501,179,'Project-goal__show','1',0),(2502,179,'Project-start__show','1',0),(2503,179,'Project-deadline__show','1',0),(2504,179,'Project-project_status_id__show','1',0),(2505,179,'Tag-title__show','1',0),(2506,179,'_limit','-1',0),(2507,179,'_order_column','created',0),(2508,179,'_order_direction','DESC',0),(2509,180,'advanced_filter','1',0),(2510,180,'TaskOwner__show','0',0),(2511,180,'completion__show','0',0),(2512,180,'date__show','0',0),(2513,180,'task_order__show','0',0),(2514,180,'description__show','1',0),(2515,180,'DynamicStatus_expired__show','0',0),(2516,180,'project_id__show','0',0),(2517,180,'Project-Owner__show','0',0),(2518,180,'Project-goal__show','0',0),(2519,180,'Project-start__show','0',0),(2520,180,'Project-deadline__show','0',0),(2521,180,'Project-project_status_id__show','0',0),(2522,180,'Tag-title__show','0',0),(2523,180,'_limit','-1',0),(2524,180,'_order_column','description',0),(2525,180,'_order_direction','ASC',0),(2526,180,'last_comment','_minus_1_days_',0),(2527,180,'last_comment__comp_type','1',0),(2528,180,'last_comment__use_calendar','0',0),(2529,180,'comment_message__show','1',0),(2530,181,'advanced_filter','1',0),(2531,181,'TaskOwner__show','0',0),(2532,181,'completion__show','0',0),(2533,181,'date__show','0',0),(2534,181,'task_order__show','0',0),(2535,181,'description__show','1',0),(2536,181,'DynamicStatus_expired__show','0',0),(2537,181,'project_id__show','0',0),(2538,181,'Project-Owner__show','0',0),(2539,181,'Project-goal__show','0',0),(2540,181,'Project-start__show','0',0),(2541,181,'Project-deadline__show','0',0),(2542,181,'Project-project_status_id__show','0',0),(2543,181,'Tag-title__show','0',0),(2544,181,'_limit','-1',0),(2545,181,'_order_column','description',0),(2546,181,'_order_direction','ASC',0),(2547,181,'last_attachment','_minus_1_days_',0),(2548,181,'last_attachment__comp_type','1',0),(2549,181,'last_attachment__use_calendar','0',0),(2550,181,'attachment_filename__show','1',0),(2551,182,'advanced_filter','1',0),(2552,182,'TaskOwner__show','0',0),(2553,182,'completion__show','0',0),(2554,182,'date__show','0',0),(2555,182,'task_order__show','0',0),(2556,182,'description__show','1',0),(2557,182,'DynamicStatus_expired__show','0',0),(2558,182,'project_id__show','0',0),(2559,182,'Project-Owner__show','0',0),(2560,182,'Project-goal__show','0',0),(2561,182,'Project-start__show','0',0),(2562,182,'Project-deadline__show','0',0),(2563,182,'Project-project_status_id__show','0',0),(2564,182,'Tag-title__show','0',0),(2565,182,'_limit','-1',0),(2566,182,'_order_column','description',0),(2567,182,'_order_direction','ASC',0),(2568,182,'created','_minus_1_days_',0),(2569,182,'created__comp_type','1',0),(2570,183,'advanced_filter','1',0),(2571,183,'TaskOwner__show','0',0),(2572,183,'completion__show','0',0),(2573,183,'date__show','0',0),(2574,183,'task_order__show','0',0),(2575,183,'description__show','1',0),(2576,183,'DynamicStatus_expired__show','0',0),(2577,183,'project_id__show','0',0),(2578,183,'Project-Owner__show','0',0),(2579,183,'Project-goal__show','0',0),(2580,183,'Project-start__show','0',0),(2581,183,'Project-deadline__show','0',0),(2582,183,'Project-project_status_id__show','0',0),(2583,183,'Tag-title__show','0',0),(2584,183,'_limit','-1',0),(2585,183,'_order_column','description',0),(2586,183,'_order_direction','ASC',0),(2587,183,'modified','_minus_1_days_',0),(2588,183,'modified__comp_type','1',0),(2589,184,'advanced_filter','1',0),(2590,184,'TaskOwner__show','1',0),(2591,184,'completion__show','1',0),(2592,184,'date__show','1',0),(2593,184,'task_order__show','1',0),(2594,184,'description__show','1',0),(2595,184,'DynamicStatus_expired__show','1',0),(2596,184,'project_id__show','1',0),(2597,184,'Project-Owner__show','1',0),(2598,184,'Project-goal__show','1',0),(2599,184,'Project-start__show','1',0),(2600,184,'Project-deadline__show','1',0),(2601,184,'Project-project_status_id__show','1',0),(2602,184,'Tag-title__show','1',0),(2603,184,'_limit','-1',0),(2604,184,'_order_column','description',0),(2605,184,'_order_direction','ASC',0),(2606,184,'completion','100',0),(2607,184,'completion__comp_type','2',0),(2608,185,'advanced_filter','1',0),(2609,185,'TaskOwner__show','1',0),(2610,185,'completion__show','1',0),(2611,185,'date__show','1',0),(2612,185,'task_order__show','1',0),(2613,185,'description__show','1',0),(2614,185,'DynamicStatus_expired__show','1',0),(2615,185,'project_id__show','1',0),(2616,185,'Project-Owner__show','1',0),(2617,185,'Project-goal__show','1',0),(2618,185,'Project-start__show','1',0),(2619,185,'Project-deadline__show','1',0),(2620,185,'Project-project_status_id__show','1',0),(2621,185,'Tag-title__show','1',0),(2622,185,'_limit','-1',0),(2623,185,'_order_column','description',0),(2624,185,'_order_direction','ASC',0),(2625,185,'date','_today_',0),(2626,185,'date__comp_type','2',0),(2627,185,'date__use_calendar','0',0),(2628,185,'completion','100',0),(2629,185,'completion__comp_type','2',0),(2630,186,'advanced_filter','1',0),(2631,186,'amount__show','1',0),(2632,186,'description__show','1',0),(2633,186,'date__show','1',0),(2634,186,'project_id__show','1',0),(2635,186,'Project-Owner__show','1',0),(2636,186,'Project-goal__show','1',0),(2637,186,'Project-start__show','1',0),(2638,186,'Project-deadline__show','1',0),(2639,186,'Project-project_status_id__show','1',0),(2640,186,'Tag-title__show','1',0),(2641,186,'_limit','-1',0),(2642,186,'_order_column','created',0),(2643,186,'_order_direction','DESC',0),(2644,187,'advanced_filter','1',0),(2645,187,'amount__show','0',0),(2646,187,'description__show','1',0),(2647,187,'date__show','0',0),(2648,187,'project_id__show','0',0),(2649,187,'Project-Owner__show','0',0),(2650,187,'Project-goal__show','0',0),(2651,187,'Project-start__show','0',0),(2652,187,'Project-deadline__show','0',0),(2653,187,'Project-project_status_id__show','0',0),(2654,187,'Tag-title__show','0',0),(2655,187,'_limit','-1',0),(2656,187,'_order_column','description',0),(2657,187,'_order_direction','ASC',0),(2658,187,'last_comment','_minus_1_days_',0),(2659,187,'last_comment__comp_type','1',0),(2660,187,'last_comment__use_calendar','0',0),(2661,187,'comment_message__show','1',0),(2662,188,'advanced_filter','1',0),(2663,188,'amount__show','0',0),(2664,188,'description__show','1',0),(2665,188,'date__show','0',0),(2666,188,'project_id__show','0',0),(2667,188,'Project-Owner__show','0',0),(2668,188,'Project-goal__show','0',0),(2669,188,'Project-start__show','0',0),(2670,188,'Project-deadline__show','0',0),(2671,188,'Project-project_status_id__show','0',0),(2672,188,'Tag-title__show','0',0),(2673,188,'_limit','-1',0),(2674,188,'_order_column','description',0),(2675,188,'_order_direction','ASC',0),(2676,188,'last_attachment','_minus_1_days_',0),(2677,188,'last_attachment__comp_type','1',0),(2678,188,'last_attachment__use_calendar','0',0),(2679,188,'attachment_filename__show','1',0),(2680,189,'advanced_filter','1',0),(2681,189,'amount__show','0',0),(2682,189,'description__show','1',0),(2683,189,'date__show','0',0),(2684,189,'project_id__show','0',0),(2685,189,'Project-Owner__show','0',0),(2686,189,'Project-goal__show','0',0),(2687,189,'Project-start__show','0',0),(2688,189,'Project-deadline__show','0',0),(2689,189,'Project-project_status_id__show','0',0),(2690,189,'Tag-title__show','0',0),(2691,189,'_limit','-1',0),(2692,189,'_order_column','description',0),(2693,189,'_order_direction','ASC',0),(2694,189,'created','_minus_1_days_',0),(2695,189,'created__comp_type','1',0),(2696,190,'advanced_filter','1',0),(2697,190,'amount__show','0',0),(2698,190,'description__show','1',0),(2699,190,'date__show','0',0),(2700,190,'project_id__show','0',0),(2701,190,'Project-Owner__show','0',0),(2702,190,'Project-goal__show','0',0),(2703,190,'Project-start__show','0',0),(2704,190,'Project-deadline__show','0',0),(2705,190,'Project-project_status_id__show','0',0),(2706,190,'Tag-title__show','0',0),(2707,190,'_limit','-1',0),(2708,190,'_order_column','description',0),(2709,190,'_order_direction','ASC',0),(2710,190,'modified','_minus_1_days_',0),(2711,190,'modified__comp_type','1',0),(2712,191,'advanced_filter','1',0),(2713,191,'SecurityIncidentStagesSecurityIncidents_count__show','1',0),(2714,191,'title__show','1',0),(2715,191,'description__show','1',0),(2716,191,'open_date__show','1',0),(2717,191,'closure_date__show','1',0),(2718,191,'AssetRisk__show','1',0),(2719,191,'AssetRisk-SecurityPolicyIncident__show','1',0),(2720,191,'ThirdPartyRisk__show','1',0),(2721,191,'ThirdPartyRisk-SecurityPolicyIncident__show','1',0),(2722,191,'BusinessContinuity__show','1',0),(2723,191,'BusinessContinuity-SecurityPolicyIncident__show','1',0),(2724,191,'SecurityService__show','1',0),(2725,191,'Asset__show','1',0),(2726,191,'ThirdParty__show','1',0),(2727,191,'_limit','-1',0),(2728,191,'_order_column','created',0),(2729,191,'_order_direction','DESC',0),(2730,192,'advanced_filter','1',0),(2731,192,'SecurityIncidentStagesSecurityIncidents_count__show','0',0),(2732,192,'title__show','1',0),(2733,192,'description__show','0',0),(2734,192,'open_date__show','0',0),(2735,192,'closure_date__show','0',0),(2736,192,'AssetRisk__show','0',0),(2737,192,'AssetRisk-SecurityPolicyIncident__show','0',0),(2738,192,'ThirdPartyRisk__show','0',0),(2739,192,'ThirdPartyRisk-SecurityPolicyIncident__show','0',0),(2740,192,'BusinessContinuity__show','0',0),(2741,192,'BusinessContinuity-SecurityPolicyIncident__show','0',0),(2742,192,'SecurityService__show','0',0),(2743,192,'Asset__show','0',0),(2744,192,'ThirdParty__show','0',0),(2745,192,'_limit','-1',0),(2746,192,'_order_column','title',0),(2747,192,'_order_direction','ASC',0),(2748,192,'last_comment','_minus_1_days_',0),(2749,192,'last_comment__comp_type','1',0),(2750,192,'last_comment__use_calendar','0',0),(2751,192,'comment_message__show','1',0),(2752,193,'advanced_filter','1',0),(2753,193,'SecurityIncidentStagesSecurityIncidents_count__show','0',0),(2754,193,'title__show','1',0),(2755,193,'description__show','0',0),(2756,193,'open_date__show','0',0),(2757,193,'closure_date__show','0',0),(2758,193,'AssetRisk__show','0',0),(2759,193,'AssetRisk-SecurityPolicyIncident__show','0',0),(2760,193,'ThirdPartyRisk__show','0',0),(2761,193,'ThirdPartyRisk-SecurityPolicyIncident__show','0',0),(2762,193,'BusinessContinuity__show','0',0),(2763,193,'BusinessContinuity-SecurityPolicyIncident__show','0',0),(2764,193,'SecurityService__show','0',0),(2765,193,'Asset__show','0',0),(2766,193,'ThirdParty__show','0',0),(2767,193,'_limit','-1',0),(2768,193,'_order_column','title',0),(2769,193,'_order_direction','ASC',0),(2770,193,'last_attachment','_minus_1_days_',0),(2771,193,'last_attachment__comp_type','1',0),(2772,193,'last_attachment__use_calendar','0',0),(2773,193,'attachment_filename__show','1',0),(2774,194,'advanced_filter','1',0),(2775,194,'SecurityIncidentStagesSecurityIncidents_count__show','0',0),(2776,194,'title__show','1',0),(2777,194,'description__show','0',0),(2778,194,'open_date__show','0',0),(2779,194,'closure_date__show','0',0),(2780,194,'AssetRisk__show','0',0),(2781,194,'AssetRisk-SecurityPolicyIncident__show','0',0),(2782,194,'ThirdPartyRisk__show','0',0),(2783,194,'ThirdPartyRisk-SecurityPolicyIncident__show','0',0),(2784,194,'BusinessContinuity__show','0',0),(2785,194,'BusinessContinuity-SecurityPolicyIncident__show','0',0),(2786,194,'SecurityService__show','0',0),(2787,194,'Asset__show','0',0),(2788,194,'ThirdParty__show','0',0),(2789,194,'_limit','-1',0),(2790,194,'_order_column','title',0),(2791,194,'_order_direction','ASC',0),(2792,194,'created','_minus_1_days_',0),(2793,194,'created__comp_type','1',0),(2794,195,'advanced_filter','1',0),(2795,195,'SecurityIncidentStagesSecurityIncidents_count__show','0',0),(2796,195,'title__show','1',0),(2797,195,'description__show','0',0),(2798,195,'open_date__show','0',0),(2799,195,'closure_date__show','0',0),(2800,195,'AssetRisk__show','0',0),(2801,195,'AssetRisk-SecurityPolicyIncident__show','0',0),(2802,195,'ThirdPartyRisk__show','0',0),(2803,195,'ThirdPartyRisk-SecurityPolicyIncident__show','0',0),(2804,195,'BusinessContinuity__show','0',0),(2805,195,'BusinessContinuity-SecurityPolicyIncident__show','0',0),(2806,195,'SecurityService__show','0',0),(2807,195,'Asset__show','0',0),(2808,195,'ThirdParty__show','0',0),(2809,195,'_limit','-1',0),(2810,195,'_order_column','title',0),(2811,195,'_order_direction','ASC',0),(2812,195,'modified','_minus_1_days_',0),(2813,195,'modified__comp_type','1',0),(2814,196,'advanced_filter','1',0),(2815,196,'SecurityIncidentStagesSecurityIncidents_count__show','1',0),(2816,196,'title__show','1',0),(2817,196,'description__show','1',0),(2818,196,'open_date__show','1',0),(2819,196,'closure_date__show','1',0),(2820,196,'AssetRisk__show','1',0),(2821,196,'AssetRisk-SecurityPolicyIncident__show','1',0),(2822,196,'ThirdPartyRisk__show','1',0),(2823,196,'ThirdPartyRisk-SecurityPolicyIncident__show','1',0),(2824,196,'BusinessContinuity__show','1',0),(2825,196,'BusinessContinuity-SecurityPolicyIncident__show','1',0),(2826,196,'SecurityService__show','1',0),(2827,196,'Asset__show','1',0),(2828,196,'ThirdParty__show','1',0),(2829,196,'_limit','-1',0),(2830,196,'_order_column','title',0),(2831,196,'_order_direction','ASC',0),(2832,196,'security_incident_status_id','2',0),(2833,196,'security_incident_status_id__show','1',0),(2834,197,'advanced_filter','1',0),(2835,197,'SecurityIncidentStagesSecurityIncidents_count__show','1',0),(2836,197,'title__show','1',0),(2837,197,'description__show','1',0),(2838,197,'open_date__show','1',0),(2839,197,'closure_date__show','1',0),(2840,197,'AssetRisk__show','1',0),(2841,197,'AssetRisk-SecurityPolicyIncident__show','1',0),(2842,197,'ThirdPartyRisk__show','1',0),(2843,197,'ThirdPartyRisk-SecurityPolicyIncident__show','1',0),(2844,197,'BusinessContinuity__show','1',0),(2845,197,'BusinessContinuity-SecurityPolicyIncident__show','1',0),(2846,197,'SecurityService__show','1',0),(2847,197,'Asset__show','1',0),(2848,197,'ThirdParty__show','1',0),(2849,197,'_limit','-1',0),(2850,197,'_order_column','title',0),(2851,197,'_order_direction','ASC',0),(2852,197,'security_incident_status_id','3',0),(2853,197,'security_incident_status_id__show','1',0),(2854,198,'advanced_filter','1',0),(2855,198,'SecurityIncidentStagesSecurityIncidents_count__show','1',0),(2856,198,'title__show','1',0),(2857,198,'description__show','1',0),(2858,198,'open_date__show','1',0),(2859,198,'closure_date__show','1',0),(2860,198,'AssetRisk__show','1',0),(2861,198,'AssetRisk-SecurityPolicyIncident__show','1',0),(2862,198,'ThirdPartyRisk__show','1',0),(2863,198,'ThirdPartyRisk-SecurityPolicyIncident__show','1',0),(2864,198,'BusinessContinuity__show','1',0),(2865,198,'BusinessContinuity-SecurityPolicyIncident__show','1',0),(2866,198,'SecurityService__show','1',0),(2867,198,'Asset__show','1',0),(2868,198,'ThirdParty__show','1',0),(2869,198,'_limit','-1',0),(2870,198,'_order_column','title',0),(2871,198,'_order_direction','ASC',0),(2872,198,'security_incident_status_id','2',0),(2873,198,'security_incident_status_id__show','1',0),(2874,198,'DynamicStatus_lifecycle_incomplete','1',0),(2875,198,'DynamicStatus_lifecycle_incomplete__show','1',0),(2876,199,'advanced_filter','1',0),(2877,199,'status__show','1',0),(2878,199,'security_incident_id__show','1',0),(2879,199,'SecurityIncidentStage-name__show','1',0),(2880,199,'SecurityIncidentStage-description__show','1',0),(2881,199,'_limit','-1',0),(2882,199,'_order_column','created',0),(2883,199,'_order_direction','DESC',0),(2884,200,'advanced_filter','1',0),(2885,200,'status__show','0',0),(2886,200,'security_incident_id__show','0',0),(2887,200,'SecurityIncidentStage-name__show','0',0),(2888,200,'SecurityIncidentStage-description__show','0',0),(2889,200,'_limit','-1',0),(2890,200,'_order_column','id',0),(2891,200,'_order_direction','ASC',0),(2892,200,'last_comment','_minus_1_days_',0),(2893,200,'last_comment__comp_type','1',0),(2894,200,'last_comment__use_calendar','0',0),(2895,200,'SecurityIncidents__show','1',0),(2896,200,'SecurityIncidentStages-name__show','1',0),(2897,200,'Comments__show','1',0),(2898,201,'advanced_filter','1',0),(2899,201,'status__show','0',0),(2900,201,'security_incident_id__show','0',0),(2901,201,'SecurityIncidentStage-name__show','0',0),(2902,201,'SecurityIncidentStage-description__show','0',0),(2903,201,'_limit','-1',0),(2904,201,'_order_column','id',0),(2905,201,'_order_direction','ASC',0),(2906,201,'last_attachment','_minus_1_days_',0),(2907,201,'last_attachment__comp_type','1',0),(2908,201,'last_attachment__use_calendar','0',0),(2909,201,'SecurityIncidents__show','1',0),(2910,201,'SecurityIncidentStages-name__show','1',0),(2911,201,'Attachments__show','1',0),(2912,202,'advanced_filter','1',0),(2913,202,'status__show','0',0),(2914,202,'security_incident_id__show','0',0),(2915,202,'SecurityIncidentStage-name__show','0',0),(2916,202,'SecurityIncidentStage-description__show','0',0),(2917,202,'_limit','-1',0),(2918,202,'_order_column','id',0),(2919,202,'_order_direction','ASC',0),(2920,202,'created','_minus_1_days_',0),(2921,202,'created__comp_type','1',0),(2922,202,'SecurityIncidents__show','1',0),(2923,202,'SecurityIncidentStages-name__show','1',0),(2924,203,'advanced_filter','1',0),(2925,203,'status__show','0',0),(2926,203,'security_incident_id__show','0',0),(2927,203,'SecurityIncidentStage-name__show','0',0),(2928,203,'SecurityIncidentStage-description__show','0',0),(2929,203,'_limit','-1',0),(2930,203,'_order_column','id',0),(2931,203,'_order_direction','ASC',0),(2932,203,'modified','_minus_1_days_',0),(2933,203,'modified__comp_type','1',0),(2934,203,'SecurityIncidents__show','1',0),(2935,203,'SecurityIncidentStages-name__show','1',0),(2936,204,'advanced_filter','1',0),(2937,204,'Processes_count__show','1',0),(2938,204,'name__show','1',0),(2939,204,'description__show','1',0),(2940,204,'BusinessUnitOwner__show','1',0),(2941,204,'Legal__show','1',0),(2942,204,'_limit','-1',0),(2943,204,'_order_column','created',0),(2944,204,'_order_direction','DESC',0),(2945,205,'advanced_filter','1',0),(2946,205,'Processes_count__show','0',0),(2947,205,'name__show','1',0),(2948,205,'description__show','0',0),(2949,205,'BusinessUnitOwner__show','0',0),(2950,205,'Legal__show','0',0),(2951,205,'_limit','-1',0),(2952,205,'_order_column','name',0),(2953,205,'_order_direction','ASC',0),(2954,205,'last_comment','_minus_1_days_',0),(2955,205,'last_comment__comp_type','1',0),(2956,205,'last_comment__use_calendar','0',0),(2957,205,'comment_message__show','1',0),(2958,206,'advanced_filter','1',0),(2959,206,'Processes_count__show','0',0),(2960,206,'name__show','1',0),(2961,206,'description__show','0',0),(2962,206,'BusinessUnitOwner__show','0',0),(2963,206,'Legal__show','0',0),(2964,206,'_limit','-1',0),(2965,206,'_order_column','name',0),(2966,206,'_order_direction','ASC',0),(2967,206,'last_attachment','_minus_1_days_',0),(2968,206,'last_attachment__comp_type','1',0),(2969,206,'last_attachment__use_calendar','0',0),(2970,206,'attachment_filename__show','1',0),(2971,207,'advanced_filter','1',0),(2972,207,'Processes_count__show','0',0),(2973,207,'name__show','1',0),(2974,207,'description__show','0',0),(2975,207,'BusinessUnitOwner__show','0',0),(2976,207,'Legal__show','0',0),(2977,207,'_limit','-1',0),(2978,207,'_order_column','name',0),(2979,207,'_order_direction','ASC',0),(2980,207,'created','_minus_1_days_',0),(2981,207,'created__comp_type','1',0),(2982,208,'advanced_filter','1',0),(2983,208,'Processes_count__show','0',0),(2984,208,'name__show','1',0),(2985,208,'description__show','0',0),(2986,208,'BusinessUnitOwner__show','0',0),(2987,208,'Legal__show','0',0),(2988,208,'_limit','-1',0),(2989,208,'_order_column','name',0),(2990,208,'_order_direction','ASC',0),(2991,208,'modified','_minus_1_days_',0),(2992,208,'modified__comp_type','1',0),(2993,209,'advanced_filter','1',0),(2994,209,'name__show','1',0),(2995,209,'description__show','1',0),(2996,209,'business_unit_id__show','1',0),(2997,209,'rto__show','1',0),(2998,209,'rpo__show','1',0),(2999,209,'rpd__show','1',0),(3000,209,'_limit','-1',0),(3001,209,'_order_column','created',0),(3002,209,'_order_direction','DESC',0),(3003,210,'advanced_filter','1',0),(3004,210,'name__show','1',0),(3005,210,'description__show','0',0),(3006,210,'business_unit_id__show','0',0),(3007,210,'rto__show','0',0),(3008,210,'rpo__show','0',0),(3009,210,'rpd__show','0',0),(3010,210,'_limit','-1',0),(3011,210,'_order_column','name',0),(3012,210,'_order_direction','ASC',0),(3013,210,'last_comment','_minus_1_days_',0),(3014,210,'last_comment__comp_type','1',0),(3015,210,'last_comment__use_calendar','0',0),(3016,210,'comment_message__show','1',0),(3017,211,'advanced_filter','1',0),(3018,211,'name__show','1',0),(3019,211,'description__show','0',0),(3020,211,'business_unit_id__show','0',0),(3021,211,'rto__show','0',0),(3022,211,'rpo__show','0',0),(3023,211,'rpd__show','0',0),(3024,211,'_limit','-1',0),(3025,211,'_order_column','name',0),(3026,211,'_order_direction','ASC',0),(3027,211,'last_attachment','_minus_1_days_',0),(3028,211,'last_attachment__comp_type','1',0),(3029,211,'last_attachment__use_calendar','0',0),(3030,211,'attachment_filename__show','1',0),(3031,212,'advanced_filter','1',0),(3032,212,'name__show','1',0),(3033,212,'description__show','0',0),(3034,212,'business_unit_id__show','0',0),(3035,212,'rto__show','0',0),(3036,212,'rpo__show','0',0),(3037,212,'rpd__show','0',0),(3038,212,'_limit','-1',0),(3039,212,'_order_column','name',0),(3040,212,'_order_direction','ASC',0),(3041,212,'created','_minus_1_days_',0),(3042,212,'created__comp_type','1',0),(3043,213,'advanced_filter','1',0),(3044,213,'name__show','1',0),(3045,213,'description__show','0',0),(3046,213,'business_unit_id__show','0',0),(3047,213,'rto__show','0',0),(3048,213,'rpo__show','0',0),(3049,213,'rpd__show','0',0),(3050,213,'_limit','-1',0),(3051,213,'_order_column','name',0),(3052,213,'_order_direction','ASC',0),(3053,213,'modified','_minus_1_days_',0),(3054,213,'modified__comp_type','1',0),(3055,214,'advanced_filter','1',0),(3056,214,'login__show','1',0),(3057,214,'name__show','1',0),(3058,214,'surname__show','1',0),(3059,214,'email__show','1',0),(3060,214,'local_account__show','1',0),(3061,214,'Portal__show','1',0),(3062,214,'Group__show','1',0),(3063,214,'status__show','1',0),(3064,214,'LdapSynchronization__show','1',0),(3065,214,'_limit','-1',0),(3066,214,'_order_column','created',0),(3067,214,'_order_direction','DESC',0),(3068,215,'advanced_filter','1',0),(3069,215,'login__show','0',0),(3070,215,'name__show','1',0),(3071,215,'surname__show','1',0),(3072,215,'email__show','1',0),(3073,215,'local_account__show','0',0),(3074,215,'Portal__show','0',0),(3075,215,'Group__show','0',0),(3076,215,'status__show','0',0),(3077,215,'LdapSynchronization__show','0',0),(3078,215,'_limit','-1',0),(3079,215,'_order_column','name',0),(3080,215,'_order_direction','ASC',0),(3081,215,'last_comment','_minus_1_days_',0),(3082,215,'last_comment__comp_type','1',0),(3083,215,'last_comment__use_calendar','0',0),(3084,215,'comment_message__show','1',0),(3085,216,'advanced_filter','1',0),(3086,216,'login__show','0',0),(3087,216,'name__show','1',0),(3088,216,'surname__show','1',0),(3089,216,'email__show','1',0),(3090,216,'local_account__show','0',0),(3091,216,'Portal__show','0',0),(3092,216,'Group__show','0',0),(3093,216,'status__show','0',0),(3094,216,'LdapSynchronization__show','0',0),(3095,216,'_limit','-1',0),(3096,216,'_order_column','name',0),(3097,216,'_order_direction','ASC',0),(3098,216,'last_attachment','_minus_1_days_',0),(3099,216,'last_attachment__comp_type','1',0),(3100,216,'last_attachment__use_calendar','0',0),(3101,216,'attachment_filename__show','1',0),(3102,217,'advanced_filter','1',0),(3103,217,'login__show','0',0),(3104,217,'name__show','1',0),(3105,217,'surname__show','1',0),(3106,217,'email__show','1',0),(3107,217,'local_account__show','0',0),(3108,217,'Portal__show','0',0),(3109,217,'Group__show','0',0),(3110,217,'status__show','0',0),(3111,217,'LdapSynchronization__show','0',0),(3112,217,'_limit','-1',0),(3113,217,'_order_column','name',0),(3114,217,'_order_direction','ASC',0),(3115,217,'created','_minus_1_days_',0),(3116,217,'created__comp_type','1',0),(3117,218,'advanced_filter','1',0),(3118,218,'login__show','0',0),(3119,218,'name__show','1',0),(3120,218,'surname__show','1',0),(3121,218,'email__show','1',0),(3122,218,'local_account__show','0',0),(3123,218,'Portal__show','0',0),(3124,218,'Group__show','0',0),(3125,218,'status__show','0',0),(3126,218,'LdapSynchronization__show','0',0),(3127,218,'_limit','-1',0),(3128,218,'_order_column','name',0),(3129,218,'_order_direction','ASC',0),(3130,218,'modified','_minus_1_days_',0),(3131,218,'modified__comp_type','1',0),(3132,219,'advanced_filter','1',0),(3133,219,'action__show','1',0),(3134,219,'sub_foreign_key__show','1',0),(3135,219,'user_id__show','1',0),(3136,219,'message__show','1',0),(3137,219,'created__show','1',0),(3138,219,'_limit','-1',0),(3139,219,'_order_column','id',0),(3140,219,'_order_direction','DESC',0),(3141,220,'advanced_filter','1',0),(3142,220,'name__show','1',0),(3143,220,'description__show','1',0),(3144,220,'users_count__show','1',0),(3145,220,'_limit','-1',0),(3146,220,'_order_column','created',0),(3147,220,'_order_direction','DESC',0),(3148,221,'advanced_filter','1',0),(3149,221,'name__show','1',0),(3150,221,'description__show','0',0),(3151,221,'users_count__show','0',0),(3152,221,'_limit','-1',0),(3153,221,'_order_column','name',0),(3154,221,'_order_direction','ASC',0),(3155,221,'last_comment','_minus_1_days_',0),(3156,221,'last_comment__comp_type','1',0),(3157,221,'last_comment__use_calendar','0',0),(3158,221,'comment_message__show','1',0),(3159,222,'advanced_filter','1',0),(3160,222,'name__show','1',0),(3161,222,'description__show','0',0),(3162,222,'users_count__show','0',0),(3163,222,'_limit','-1',0),(3164,222,'_order_column','name',0),(3165,222,'_order_direction','ASC',0),(3166,222,'last_attachment','_minus_1_days_',0),(3167,222,'last_attachment__comp_type','1',0),(3168,222,'last_attachment__use_calendar','0',0),(3169,222,'attachment_filename__show','1',0),(3170,223,'advanced_filter','1',0),(3171,223,'name__show','1',0),(3172,223,'description__show','0',0),(3173,223,'users_count__show','0',0),(3174,223,'_limit','-1',0),(3175,223,'_order_column','name',0),(3176,223,'_order_direction','ASC',0),(3177,223,'created','_minus_1_days_',0),(3178,223,'created__comp_type','1',0),(3179,224,'advanced_filter','1',0),(3180,224,'name__show','1',0),(3181,224,'description__show','0',0),(3182,224,'users_count__show','0',0),(3183,224,'_limit','-1',0),(3184,224,'_order_column','name',0),(3185,224,'_order_direction','ASC',0),(3186,224,'modified','_minus_1_days_',0),(3187,224,'modified__comp_type','1',0),(3188,225,'advanced_filter','1',0),(3189,225,'version__show','1',0),(3190,225,'description__show','1',0),(3191,225,'status__show','1',0),(3192,225,'_limit','-1',0),(3193,225,'_order_column','created',0),(3194,225,'_order_direction','DESC',0),(3195,226,'advanced_filter','1',0),(3196,226,'version__show','1',0),(3197,226,'description__show','0',0),(3198,226,'status__show','0',0),(3199,226,'_limit','-1',0),(3200,226,'_order_column','version',0),(3201,226,'_order_direction','ASC',0),(3202,226,'last_comment','_minus_1_days_',0),(3203,226,'last_comment__comp_type','1',0),(3204,226,'last_comment__use_calendar','0',0),(3205,226,'comment_message__show','1',0),(3206,227,'advanced_filter','1',0),(3207,227,'version__show','1',0),(3208,227,'description__show','0',0),(3209,227,'status__show','0',0),(3210,227,'_limit','-1',0),(3211,227,'_order_column','version',0),(3212,227,'_order_direction','ASC',0),(3213,227,'last_attachment','_minus_1_days_',0),(3214,227,'last_attachment__comp_type','1',0),(3215,227,'last_attachment__use_calendar','0',0),(3216,227,'attachment_filename__show','1',0),(3217,228,'advanced_filter','1',0),(3218,228,'version__show','1',0),(3219,228,'description__show','0',0),(3220,228,'status__show','0',0),(3221,228,'_limit','-1',0),(3222,228,'_order_column','version',0),(3223,228,'_order_direction','ASC',0),(3224,228,'created','_minus_1_days_',0),(3225,228,'created__comp_type','1',0),(3226,229,'advanced_filter','1',0),(3227,229,'version__show','1',0),(3228,229,'description__show','0',0),(3229,229,'status__show','0',0),(3230,229,'_limit','-1',0),(3231,229,'_order_column','version',0),(3232,229,'_order_direction','ASC',0),(3233,229,'modified','_minus_1_days_',0),(3234,229,'modified__comp_type','1',0),(3235,230,'advanced_filter','1',0),(3236,230,'name__show','1',0),(3237,230,'description__show','1',0),(3238,230,'issue_source__show','1',0),(3239,230,'ProgramIssueType-type__show','1',0),(3240,230,'status__show','1',0),(3241,230,'_limit','-1',0),(3242,230,'_order_column','created',0),(3243,230,'_order_direction','DESC',0),(3244,231,'advanced_filter','1',0),(3245,231,'name__show','1',0),(3246,231,'description__show','0',0),(3247,231,'issue_source__show','0',0),(3248,231,'ProgramIssueType-type__show','0',0),(3249,231,'status__show','0',0),(3250,231,'_limit','-1',0),(3251,231,'_order_column','name',0),(3252,231,'_order_direction','ASC',0),(3253,231,'last_comment','_minus_1_days_',0),(3254,231,'last_comment__comp_type','1',0),(3255,231,'last_comment__use_calendar','0',0),(3256,231,'comment_message__show','1',0),(3257,232,'advanced_filter','1',0),(3258,232,'name__show','1',0),(3259,232,'description__show','0',0),(3260,232,'issue_source__show','0',0),(3261,232,'ProgramIssueType-type__show','0',0),(3262,232,'status__show','0',0),(3263,232,'_limit','-1',0),(3264,232,'_order_column','name',0),(3265,232,'_order_direction','ASC',0),(3266,232,'last_attachment','_minus_1_days_',0),(3267,232,'last_attachment__comp_type','1',0),(3268,232,'last_attachment__use_calendar','0',0),(3269,232,'attachment_filename__show','1',0),(3270,233,'advanced_filter','1',0),(3271,233,'name__show','1',0),(3272,233,'description__show','0',0),(3273,233,'issue_source__show','0',0),(3274,233,'ProgramIssueType-type__show','0',0),(3275,233,'status__show','0',0),(3276,233,'_limit','-1',0),(3277,233,'_order_column','name',0),(3278,233,'_order_direction','ASC',0),(3279,233,'created','_minus_1_days_',0),(3280,233,'created__comp_type','1',0),(3281,234,'advanced_filter','1',0),(3282,234,'name__show','1',0),(3283,234,'description__show','0',0),(3284,234,'issue_source__show','0',0),(3285,234,'ProgramIssueType-type__show','0',0),(3286,234,'status__show','0',0),(3287,234,'_limit','-1',0),(3288,234,'_order_column','name',0),(3289,234,'_order_direction','ASC',0),(3290,234,'modified','_minus_1_days_',0),(3291,234,'modified__comp_type','1',0),(3292,235,'advanced_filter','1',0),(3293,235,'user_id__show','1',0),(3294,235,'role__show','1',0),(3295,235,'responsibilities__show','1',0),(3296,235,'competences__show','1',0),(3297,235,'status__show','1',0),(3298,235,'_limit','-1',0),(3299,235,'_order_column','created',0),(3300,235,'_order_direction','DESC',0),(3301,236,'advanced_filter','1',0),(3302,236,'user_id__show','0',0),(3303,236,'role__show','1',0),(3304,236,'responsibilities__show','0',0),(3305,236,'competences__show','0',0),(3306,236,'status__show','0',0),(3307,236,'_limit','-1',0),(3308,236,'_order_column','role',0),(3309,236,'_order_direction','ASC',0),(3310,236,'last_comment','_minus_1_days_',0),(3311,236,'last_comment__comp_type','1',0),(3312,236,'last_comment__use_calendar','0',0),(3313,236,'comment_message__show','1',0),(3314,237,'advanced_filter','1',0),(3315,237,'user_id__show','0',0),(3316,237,'role__show','1',0),(3317,237,'responsibilities__show','0',0),(3318,237,'competences__show','0',0),(3319,237,'status__show','0',0),(3320,237,'_limit','-1',0),(3321,237,'_order_column','role',0),(3322,237,'_order_direction','ASC',0),(3323,237,'last_attachment','_minus_1_days_',0),(3324,237,'last_attachment__comp_type','1',0),(3325,237,'last_attachment__use_calendar','0',0),(3326,237,'attachment_filename__show','1',0),(3327,238,'advanced_filter','1',0),(3328,238,'user_id__show','0',0),(3329,238,'role__show','1',0),(3330,238,'responsibilities__show','0',0),(3331,238,'competences__show','0',0),(3332,238,'status__show','0',0),(3333,238,'_limit','-1',0),(3334,238,'_order_column','role',0),(3335,238,'_order_direction','ASC',0),(3336,238,'created','_minus_1_days_',0),(3337,238,'created__comp_type','1',0),(3338,239,'advanced_filter','1',0),(3339,239,'user_id__show','0',0),(3340,239,'role__show','1',0),(3341,239,'responsibilities__show','0',0),(3342,239,'competences__show','0',0),(3343,239,'status__show','0',0),(3344,239,'_limit','-1',0),(3345,239,'_order_column','role',0),(3346,239,'_order_direction','ASC',0),(3347,239,'modified','_minus_1_days_',0),(3348,239,'modified__comp_type','1',0),(3349,240,'advanced_filter','1',0),(3350,240,'GoalAudits_count__show','1',0),(3351,240,'name__show','1',0),(3352,240,'description__show','1',0),(3353,240,'owner_id__show','1',0),(3354,240,'status__show','1',0),(3355,240,'audit_metric__show','1',0),(3356,240,'audit_criteria__show','1',0),(3357,240,'SecurityService__show','1',0),(3358,240,'Risk__show','1',0),(3359,240,'ThirdPartyRisk__show','1',0),(3360,240,'BusinessContinuity__show','1',0),(3361,240,'Project__show','1',0),(3362,240,'SecurityPolicy__show','1',0),(3363,240,'ProgramIssue__show','1',0),(3364,240,'_limit','-1',0),(3365,240,'_order_column','created',0),(3366,240,'_order_direction','DESC',0),(3367,241,'advanced_filter','1',0),(3368,241,'GoalAudits_count__show','0',0),(3369,241,'name__show','1',0),(3370,241,'description__show','0',0),(3371,241,'owner_id__show','0',0),(3372,241,'status__show','0',0),(3373,241,'audit_metric__show','0',0),(3374,241,'audit_criteria__show','0',0),(3375,241,'SecurityService__show','0',0),(3376,241,'Risk__show','0',0),(3377,241,'ThirdPartyRisk__show','0',0),(3378,241,'BusinessContinuity__show','0',0),(3379,241,'Project__show','0',0),(3380,241,'SecurityPolicy__show','0',0),(3381,241,'ProgramIssue__show','0',0),(3382,241,'_limit','-1',0),(3383,241,'_order_column','name',0),(3384,241,'_order_direction','ASC',0),(3385,241,'last_comment','_minus_1_days_',0),(3386,241,'last_comment__comp_type','1',0),(3387,241,'last_comment__use_calendar','0',0),(3388,241,'comment_message__show','1',0),(3389,242,'advanced_filter','1',0),(3390,242,'GoalAudits_count__show','0',0),(3391,242,'name__show','1',0),(3392,242,'description__show','0',0),(3393,242,'owner_id__show','0',0),(3394,242,'status__show','0',0),(3395,242,'audit_metric__show','0',0),(3396,242,'audit_criteria__show','0',0),(3397,242,'SecurityService__show','0',0),(3398,242,'Risk__show','0',0),(3399,242,'ThirdPartyRisk__show','0',0),(3400,242,'BusinessContinuity__show','0',0),(3401,242,'Project__show','0',0),(3402,242,'SecurityPolicy__show','0',0),(3403,242,'ProgramIssue__show','0',0),(3404,242,'_limit','-1',0),(3405,242,'_order_column','name',0),(3406,242,'_order_direction','ASC',0),(3407,242,'last_attachment','_minus_1_days_',0),(3408,242,'last_attachment__comp_type','1',0),(3409,242,'last_attachment__use_calendar','0',0),(3410,242,'attachment_filename__show','1',0),(3411,243,'advanced_filter','1',0),(3412,243,'GoalAudits_count__show','0',0),(3413,243,'name__show','1',0),(3414,243,'description__show','0',0),(3415,243,'owner_id__show','0',0),(3416,243,'status__show','0',0),(3417,243,'audit_metric__show','0',0),(3418,243,'audit_criteria__show','0',0),(3419,243,'SecurityService__show','0',0),(3420,243,'Risk__show','0',0),(3421,243,'ThirdPartyRisk__show','0',0),(3422,243,'BusinessContinuity__show','0',0),(3423,243,'Project__show','0',0),(3424,243,'SecurityPolicy__show','0',0),(3425,243,'ProgramIssue__show','0',0),(3426,243,'_limit','-1',0),(3427,243,'_order_column','name',0),(3428,243,'_order_direction','ASC',0),(3429,243,'created','_minus_1_days_',0),(3430,243,'created__comp_type','1',0),(3431,244,'advanced_filter','1',0),(3432,244,'GoalAudits_count__show','0',0),(3433,244,'name__show','1',0),(3434,244,'description__show','0',0),(3435,244,'owner_id__show','0',0),(3436,244,'status__show','0',0),(3437,244,'audit_metric__show','0',0),(3438,244,'audit_criteria__show','0',0),(3439,244,'SecurityService__show','0',0),(3440,244,'Risk__show','0',0),(3441,244,'ThirdPartyRisk__show','0',0),(3442,244,'BusinessContinuity__show','0',0),(3443,244,'Project__show','0',0),(3444,244,'SecurityPolicy__show','0',0),(3445,244,'ProgramIssue__show','0',0),(3446,244,'_limit','-1',0),(3447,244,'_order_column','name',0),(3448,244,'_order_direction','ASC',0),(3449,244,'modified','_minus_1_days_',0),(3450,244,'modified__comp_type','1',0),(3451,245,'advanced_filter','1',0),(3452,245,'goal_id__show','1',0),(3453,245,'audit_metric_description__show','1',0),(3454,245,'audit_success_criteria__show','1',0),(3455,245,'planned_date__show','1',0),(3456,245,'start_date__show','1',0),(3457,245,'end_date__show','1',0),(3458,245,'result__show','1',0),(3459,245,'result_description__show','1',0),(3460,245,'_limit','-1',0),(3461,245,'_order_column','created',0),(3462,245,'_order_direction','DESC',0),(3463,246,'advanced_filter','1',0),(3464,246,'goal_id__show','1',0),(3465,246,'audit_metric_description__show','0',0),(3466,246,'audit_success_criteria__show','0',0),(3467,246,'planned_date__show','1',0),(3468,246,'start_date__show','0',0),(3469,246,'end_date__show','0',0),(3470,246,'result__show','0',0),(3471,246,'result_description__show','0',0),(3472,246,'_limit','-1',0),(3473,246,'_order_column','planned_date',0),(3474,246,'_order_direction','ASC',0),(3475,246,'last_comment','_minus_1_days_',0),(3476,246,'last_comment__comp_type','1',0),(3477,246,'last_comment__use_calendar','0',0),(3478,246,'comment_message__show','1',0),(3479,247,'advanced_filter','1',0),(3480,247,'goal_id__show','1',0),(3481,247,'audit_metric_description__show','0',0),(3482,247,'audit_success_criteria__show','0',0),(3483,247,'planned_date__show','1',0),(3484,247,'start_date__show','0',0),(3485,247,'end_date__show','0',0),(3486,247,'result__show','0',0),(3487,247,'result_description__show','0',0),(3488,247,'_limit','-1',0),(3489,247,'_order_column','planned_date',0),(3490,247,'_order_direction','ASC',0),(3491,247,'last_attachment','_minus_1_days_',0),(3492,247,'last_attachment__comp_type','1',0),(3493,247,'last_attachment__use_calendar','0',0),(3494,247,'attachment_filename__show','1',0),(3495,248,'advanced_filter','1',0),(3496,248,'goal_id__show','1',0),(3497,248,'audit_metric_description__show','0',0),(3498,248,'audit_success_criteria__show','0',0),(3499,248,'planned_date__show','1',0),(3500,248,'start_date__show','0',0),(3501,248,'end_date__show','0',0),(3502,248,'result__show','0',0),(3503,248,'result_description__show','0',0),(3504,248,'_limit','-1',0),(3505,248,'_order_column','planned_date',0),(3506,248,'_order_direction','ASC',0),(3507,248,'created','_minus_1_days_',0),(3508,248,'created__comp_type','1',0),(3509,249,'advanced_filter','1',0),(3510,249,'goal_id__show','1',0),(3511,249,'audit_metric_description__show','0',0),(3512,249,'audit_success_criteria__show','0',0),(3513,249,'planned_date__show','1',0),(3514,249,'start_date__show','0',0),(3515,249,'end_date__show','0',0),(3516,249,'result__show','0',0),(3517,249,'result_description__show','0',0),(3518,249,'_limit','-1',0),(3519,249,'_order_column','planned_date',0),(3520,249,'_order_direction','ASC',0),(3521,249,'modified','_minus_1_days_',0),(3522,249,'modified__comp_type','1',0),(3523,250,'advanced_filter','1',0),(3524,250,'BusinessContinuityPlanAudits_count__show','1',0),(3525,250,'BusinessContinuityTasks_count__show','1',0),(3526,250,'title__show','1',0),(3527,250,'objective__show','1',0),(3528,250,'launch_criteria__show','1',0),(3529,250,'Owner__show','1',0),(3530,250,'Sponsor__show','1',0),(3531,250,'LaunchInitiator__show','1',0),(3532,250,'opex__show','1',0),(3533,250,'capex__show','1',0),(3534,250,'resource_utilization__show','1',0),(3535,250,'security_service_type_id__show','1',0),(3536,250,'audit_success_criteria__show','1',0),(3537,250,'audit_metric__show','1',0),(3538,250,'_limit','-1',0),(3539,250,'_order_column','created',0),(3540,250,'_order_direction','DESC',0),(3541,251,'advanced_filter','1',0),(3542,251,'BusinessContinuityPlanAudits_count__show','0',0),(3543,251,'BusinessContinuityTasks_count__show','0',0),(3544,251,'title__show','1',0),(3545,251,'objective__show','0',0),(3546,251,'launch_criteria__show','0',0),(3547,251,'Owner__show','0',0),(3548,251,'Sponsor__show','0',0),(3549,251,'LaunchInitiator__show','0',0),(3550,251,'opex__show','0',0),(3551,251,'capex__show','0',0),(3552,251,'resource_utilization__show','0',0),(3553,251,'security_service_type_id__show','0',0),(3554,251,'audit_success_criteria__show','0',0),(3555,251,'audit_metric__show','0',0),(3556,251,'_limit','-1',0),(3557,251,'_order_column','title',0),(3558,251,'_order_direction','ASC',0),(3559,251,'last_comment','_minus_1_days_',0),(3560,251,'last_comment__comp_type','1',0),(3561,251,'last_comment__use_calendar','0',0),(3562,251,'comment_message__show','1',0),(3563,252,'advanced_filter','1',0),(3564,252,'BusinessContinuityPlanAudits_count__show','0',0),(3565,252,'BusinessContinuityTasks_count__show','0',0),(3566,252,'title__show','1',0),(3567,252,'objective__show','0',0),(3568,252,'launch_criteria__show','0',0),(3569,252,'Owner__show','0',0),(3570,252,'Sponsor__show','0',0),(3571,252,'LaunchInitiator__show','0',0),(3572,252,'opex__show','0',0),(3573,252,'capex__show','0',0),(3574,252,'resource_utilization__show','0',0),(3575,252,'security_service_type_id__show','0',0),(3576,252,'audit_success_criteria__show','0',0),(3577,252,'audit_metric__show','0',0),(3578,252,'_limit','-1',0),(3579,252,'_order_column','title',0),(3580,252,'_order_direction','ASC',0),(3581,252,'last_attachment','_minus_1_days_',0),(3582,252,'last_attachment__comp_type','1',0),(3583,252,'last_attachment__use_calendar','0',0),(3584,252,'attachment_filename__show','1',0),(3585,253,'advanced_filter','1',0),(3586,253,'BusinessContinuityPlanAudits_count__show','0',0),(3587,253,'BusinessContinuityTasks_count__show','0',0),(3588,253,'title__show','1',0),(3589,253,'objective__show','0',0),(3590,253,'launch_criteria__show','0',0),(3591,253,'Owner__show','0',0),(3592,253,'Sponsor__show','0',0),(3593,253,'LaunchInitiator__show','0',0),(3594,253,'opex__show','0',0),(3595,253,'capex__show','0',0),(3596,253,'resource_utilization__show','0',0),(3597,253,'security_service_type_id__show','0',0),(3598,253,'audit_success_criteria__show','0',0),(3599,253,'audit_metric__show','0',0),(3600,253,'_limit','-1',0),(3601,253,'_order_column','title',0),(3602,253,'_order_direction','ASC',0),(3603,253,'created','_minus_1_days_',0),(3604,253,'created__comp_type','1',0),(3605,254,'advanced_filter','1',0),(3606,254,'BusinessContinuityPlanAudits_count__show','0',0),(3607,254,'BusinessContinuityTasks_count__show','0',0),(3608,254,'title__show','1',0),(3609,254,'objective__show','0',0),(3610,254,'launch_criteria__show','0',0),(3611,254,'Owner__show','0',0),(3612,254,'Sponsor__show','0',0),(3613,254,'LaunchInitiator__show','0',0),(3614,254,'opex__show','0',0),(3615,254,'capex__show','0',0),(3616,254,'resource_utilization__show','0',0),(3617,254,'security_service_type_id__show','0',0),(3618,254,'audit_success_criteria__show','0',0),(3619,254,'audit_metric__show','0',0),(3620,254,'_limit','-1',0),(3621,254,'_order_column','title',0),(3622,254,'_order_direction','ASC',0),(3623,254,'modified','_minus_1_days_',0),(3624,254,'modified__comp_type','1',0),(3625,255,'advanced_filter','1',0),(3626,255,'business_continuity_plan_id__show','1',0),(3627,255,'audit_metric_description__show','1',0),(3628,255,'audit_success_criteria__show','1',0),(3629,255,'planned_date__show','1',0),(3630,255,'start_date__show','1',0),(3631,255,'end_date__show','1',0),(3632,255,'result__show','1',0),(3633,255,'result_description__show','1',0),(3634,255,'Users__show','1',0),(3635,255,'_limit','-1',0),(3636,255,'_order_column','created',0),(3637,255,'_order_direction','DESC',0),(3638,256,'advanced_filter','1',0),(3639,256,'business_continuity_plan_id__show','0',0),(3640,256,'audit_metric_description__show','0',0),(3641,256,'audit_success_criteria__show','0',0),(3642,256,'planned_date__show','1',0),(3643,256,'start_date__show','0',0),(3644,256,'end_date__show','0',0),(3645,256,'result__show','0',0),(3646,256,'result_description__show','0',0),(3647,256,'Users__show','0',0),(3648,256,'_limit','-1',0),(3649,256,'_order_column','planned_date',0),(3650,256,'_order_direction','ASC',0),(3651,256,'last_comment','_minus_1_days_',0),(3652,256,'last_comment__comp_type','1',0),(3653,256,'last_comment__use_calendar','0',0),(3654,256,'comment_message__show','1',0),(3655,257,'advanced_filter','1',0),(3656,257,'business_continuity_plan_id__show','0',0),(3657,257,'audit_metric_description__show','0',0),(3658,257,'audit_success_criteria__show','0',0),(3659,257,'planned_date__show','1',0),(3660,257,'start_date__show','0',0),(3661,257,'end_date__show','0',0),(3662,257,'result__show','0',0),(3663,257,'result_description__show','0',0),(3664,257,'Users__show','0',0),(3665,257,'_limit','-1',0),(3666,257,'_order_column','planned_date',0),(3667,257,'_order_direction','ASC',0),(3668,257,'last_attachment','_minus_1_days_',0),(3669,257,'last_attachment__comp_type','1',0),(3670,257,'last_attachment__use_calendar','0',0),(3671,257,'attachment_filename__show','1',0),(3672,258,'advanced_filter','1',0),(3673,258,'business_continuity_plan_id__show','0',0),(3674,258,'audit_metric_description__show','0',0),(3675,258,'audit_success_criteria__show','0',0),(3676,258,'planned_date__show','1',0),(3677,258,'start_date__show','0',0),(3678,258,'end_date__show','0',0),(3679,258,'result__show','0',0),(3680,258,'result_description__show','0',0),(3681,258,'Users__show','0',0),(3682,258,'_limit','-1',0),(3683,258,'_order_column','planned_date',0),(3684,258,'_order_direction','ASC',0),(3685,258,'created','_minus_1_days_',0),(3686,258,'created__comp_type','1',0),(3687,259,'advanced_filter','1',0),(3688,259,'business_continuity_plan_id__show','0',0),(3689,259,'audit_metric_description__show','0',0),(3690,259,'audit_success_criteria__show','0',0),(3691,259,'planned_date__show','1',0),(3692,259,'start_date__show','0',0),(3693,259,'end_date__show','0',0),(3694,259,'result__show','0',0),(3695,259,'result_description__show','0',0),(3696,259,'Users__show','0',0),(3697,259,'_limit','-1',0),(3698,259,'_order_column','planned_date',0),(3699,259,'_order_direction','ASC',0),(3700,259,'modified','_minus_1_days_',0),(3701,259,'modified__comp_type','1',0),(3702,260,'advanced_filter','1',0),(3703,260,'business_continuity_plan_id__show','1',0),(3704,260,'AwarenessRole__show','1',0),(3705,260,'step__show','1',0),(3706,260,'when__show','1',0),(3707,260,'who__show','1',0),(3708,260,'does__show','1',0),(3709,260,'where__show','1',0),(3710,260,'how__show','1',0),(3711,260,'_limit','-1',0),(3712,260,'_order_column','created',0),(3713,260,'_order_direction','DESC',0),(3714,261,'advanced_filter','1',0),(3715,261,'business_continuity_plan_id__show','0',0),(3716,261,'AwarenessRole__show','0',0),(3717,261,'step__show','1',0),(3718,261,'when__show','0',0),(3719,261,'who__show','0',0),(3720,261,'does__show','0',0),(3721,261,'where__show','0',0),(3722,261,'how__show','0',0),(3723,261,'_limit','-1',0),(3724,261,'_order_column','step',0),(3725,261,'_order_direction','ASC',0),(3726,261,'last_comment','_minus_1_days_',0),(3727,261,'last_comment__comp_type','1',0),(3728,261,'last_comment__use_calendar','0',0),(3729,261,'comment_message__show','1',0),(3730,262,'advanced_filter','1',0),(3731,262,'business_continuity_plan_id__show','0',0),(3732,262,'AwarenessRole__show','0',0),(3733,262,'step__show','1',0),(3734,262,'when__show','0',0),(3735,262,'who__show','0',0),(3736,262,'does__show','0',0),(3737,262,'where__show','0',0),(3738,262,'how__show','0',0),(3739,262,'_limit','-1',0),(3740,262,'_order_column','step',0),(3741,262,'_order_direction','ASC',0),(3742,262,'last_attachment','_minus_1_days_',0),(3743,262,'last_attachment__comp_type','1',0),(3744,262,'last_attachment__use_calendar','0',0),(3745,262,'attachment_filename__show','1',0),(3746,263,'advanced_filter','1',0),(3747,263,'business_continuity_plan_id__show','0',0),(3748,263,'AwarenessRole__show','0',0),(3749,263,'step__show','1',0),(3750,263,'when__show','0',0),(3751,263,'who__show','0',0),(3752,263,'does__show','0',0),(3753,263,'where__show','0',0),(3754,263,'how__show','0',0),(3755,263,'_limit','-1',0),(3756,263,'_order_column','step',0),(3757,263,'_order_direction','ASC',0),(3758,263,'created','_minus_1_days_',0),(3759,263,'created__comp_type','1',0),(3760,264,'advanced_filter','1',0),(3761,264,'business_continuity_plan_id__show','0',0),(3762,264,'AwarenessRole__show','0',0),(3763,264,'step__show','1',0),(3764,264,'when__show','0',0),(3765,264,'who__show','0',0),(3766,264,'does__show','0',0),(3767,264,'where__show','0',0),(3768,264,'how__show','0',0),(3769,264,'_limit','-1',0),(3770,264,'_order_column','step',0),(3771,264,'_order_direction','ASC',0),(3772,264,'modified','_minus_1_days_',0),(3773,264,'modified__comp_type','1',0),(3774,265,'advanced_filter','1',0),(3775,265,'name__show','1',0),(3776,265,'client_id__show','1',0),(3777,265,'client_secret__show','1',0),(3778,265,'provider__show','1',0),(3779,265,'status__show','1',0),(3780,265,'_limit','-1',0),(3781,265,'_order_column','created',0),(3782,265,'_order_direction','DESC',0),(3783,266,'advanced_filter','1',0),(3784,266,'name__show','1',0),(3785,266,'client_id__show','0',0),(3786,266,'client_secret__show','0',0),(3787,266,'provider__show','0',0),(3788,266,'status__show','0',0),(3789,266,'_limit','-1',0),(3790,266,'_order_column','name',0),(3791,266,'_order_direction','ASC',0),(3792,266,'last_comment','_minus_1_days_',0),(3793,266,'last_comment__comp_type','1',0),(3794,266,'last_comment__use_calendar','0',0),(3795,266,'comment_message__show','1',0),(3796,267,'advanced_filter','1',0),(3797,267,'name__show','1',0),(3798,267,'client_id__show','0',0),(3799,267,'client_secret__show','0',0),(3800,267,'provider__show','0',0),(3801,267,'status__show','0',0),(3802,267,'_limit','-1',0),(3803,267,'_order_column','name',0),(3804,267,'_order_direction','ASC',0),(3805,267,'last_attachment','_minus_1_days_',0),(3806,267,'last_attachment__comp_type','1',0),(3807,267,'last_attachment__use_calendar','0',0),(3808,267,'attachment_filename__show','1',0),(3809,268,'advanced_filter','1',0),(3810,268,'name__show','1',0),(3811,268,'client_id__show','0',0),(3812,268,'client_secret__show','0',0),(3813,268,'provider__show','0',0),(3814,268,'status__show','0',0),(3815,268,'_limit','-1',0),(3816,268,'_order_column','name',0),(3817,268,'_order_direction','ASC',0),(3818,268,'created','_minus_1_days_',0),(3819,268,'created__comp_type','1',0),(3820,269,'advanced_filter','1',0),(3821,269,'name__show','1',0),(3822,269,'client_id__show','0',0),(3823,269,'client_secret__show','0',0),(3824,269,'provider__show','0',0),(3825,269,'status__show','0',0),(3826,269,'_limit','-1',0),(3827,269,'_order_column','name',0),(3828,269,'_order_direction','ASC',0),(3829,269,'modified','_minus_1_days_',0),(3830,269,'modified__comp_type','1',0),(3831,270,'advanced_filter','1',0),(3832,270,'in_use__show','1',0),(3833,270,'name__show','1',0),(3834,270,'description__show','1',0),(3835,270,'AuthenticationSettings__show','1',0),(3836,270,'AuthenticationSettingsAwareness__show','1',0),(3837,270,'AuthenticationSettingsPolicy__show','1',0),(3838,270,'SecurityPolicies__show','1',0),(3839,270,'type__show','1',0),(3840,270,'status__show','1',0),(3841,270,'_limit','-1',0),(3842,270,'_order_column','created',0),(3843,270,'_order_direction','DESC',0),(3844,271,'advanced_filter','1',0),(3845,271,'in_use__show','0',0),(3846,271,'name__show','1',0),(3847,271,'description__show','0',0),(3848,271,'AuthenticationSettings__show','0',0),(3849,271,'AuthenticationSettingsAwareness__show','0',0),(3850,271,'AuthenticationSettingsPolicy__show','0',0),(3851,271,'SecurityPolicies__show','0',0),(3852,271,'type__show','0',0),(3853,271,'status__show','0',0),(3854,271,'_limit','-1',0),(3855,271,'_order_column','name',0),(3856,271,'_order_direction','ASC',0),(3857,271,'last_comment','_minus_1_days_',0),(3858,271,'last_comment__comp_type','1',0),(3859,271,'last_comment__use_calendar','0',0),(3860,271,'comment_message__show','1',0),(3861,272,'advanced_filter','1',0),(3862,272,'in_use__show','0',0),(3863,272,'name__show','1',0),(3864,272,'description__show','0',0),(3865,272,'AuthenticationSettings__show','0',0),(3866,272,'AuthenticationSettingsAwareness__show','0',0),(3867,272,'AuthenticationSettingsPolicy__show','0',0),(3868,272,'SecurityPolicies__show','0',0),(3869,272,'type__show','0',0),(3870,272,'status__show','0',0),(3871,272,'_limit','-1',0),(3872,272,'_order_column','name',0),(3873,272,'_order_direction','ASC',0),(3874,272,'last_attachment','_minus_1_days_',0),(3875,272,'last_attachment__comp_type','1',0),(3876,272,'last_attachment__use_calendar','0',0),(3877,272,'attachment_filename__show','1',0),(3878,273,'advanced_filter','1',0),(3879,273,'in_use__show','0',0),(3880,273,'name__show','1',0),(3881,273,'description__show','0',0),(3882,273,'AuthenticationSettings__show','0',0),(3883,273,'AuthenticationSettingsAwareness__show','0',0),(3884,273,'AuthenticationSettingsPolicy__show','0',0),(3885,273,'SecurityPolicies__show','0',0),(3886,273,'type__show','0',0),(3887,273,'status__show','0',0),(3888,273,'_limit','-1',0),(3889,273,'_order_column','name',0),(3890,273,'_order_direction','ASC',0),(3891,273,'created','_minus_1_days_',0),(3892,273,'created__comp_type','1',0),(3893,274,'advanced_filter','1',0),(3894,274,'in_use__show','0',0),(3895,274,'name__show','1',0),(3896,274,'description__show','0',0),(3897,274,'AuthenticationSettings__show','0',0),(3898,274,'AuthenticationSettingsAwareness__show','0',0),(3899,274,'AuthenticationSettingsPolicy__show','0',0),(3900,274,'SecurityPolicies__show','0',0),(3901,274,'type__show','0',0),(3902,274,'status__show','0',0),(3903,274,'_limit','-1',0),(3904,274,'_order_column','name',0),(3905,274,'_order_direction','ASC',0),(3906,274,'modified','_minus_1_days_',0),(3907,274,'modified__comp_type','1',0),(3908,275,'advanced_filter','1',0),(3909,275,'action__show','1',0),(3910,275,'foreign_key__show','1',0),(3911,275,'message__show','1',0),(3912,275,'created__show','1',0),(3913,275,'_limit','-1',0),(3914,275,'_order_column','id',0),(3915,275,'_order_direction','DESC',0),(3916,276,'advanced_filter','1',0),(3917,276,'name__show','1',0),(3918,276,'type__show','1',0),(3919,276,'status__show','1',0),(3920,276,'_limit','-1',0),(3921,276,'_order_column','created',0),(3922,276,'_order_direction','DESC',0),(3923,277,'advanced_filter','1',0),(3924,277,'name__show','1',0),(3925,277,'type__show','0',0),(3926,277,'status__show','0',0),(3927,277,'_limit','-1',0),(3928,277,'_order_column','name',0),(3929,277,'_order_direction','ASC',0),(3930,277,'last_comment','_minus_1_days_',0),(3931,277,'last_comment__comp_type','1',0),(3932,277,'last_comment__use_calendar','0',0),(3933,277,'comment_message__show','1',0),(3934,278,'advanced_filter','1',0),(3935,278,'name__show','1',0),(3936,278,'type__show','0',0),(3937,278,'status__show','0',0),(3938,278,'_limit','-1',0),(3939,278,'_order_column','name',0),(3940,278,'_order_direction','ASC',0),(3941,278,'last_attachment','_minus_1_days_',0),(3942,278,'last_attachment__comp_type','1',0),(3943,278,'last_attachment__use_calendar','0',0),(3944,278,'attachment_filename__show','1',0),(3945,279,'advanced_filter','1',0),(3946,279,'name__show','1',0),(3947,279,'type__show','0',0),(3948,279,'status__show','0',0),(3949,279,'_limit','-1',0),(3950,279,'_order_column','name',0),(3951,279,'_order_direction','ASC',0),(3952,279,'created','_minus_1_days_',0),(3953,279,'created__comp_type','1',0),(3954,280,'advanced_filter','1',0),(3955,280,'name__show','1',0),(3956,280,'type__show','0',0),(3957,280,'status__show','0',0),(3958,280,'_limit','-1',0),(3959,280,'_order_column','name',0),(3960,280,'_order_direction','ASC',0),(3961,280,'modified','_minus_1_days_',0),(3962,280,'modified__comp_type','1',0),(3963,281,'advanced_filter','1',0),(3964,281,'name__show','1',0),(3965,281,'status__show','1',0),(3966,281,'_limit','-1',0),(3967,281,'_order_column','created',0),(3968,281,'_order_direction','DESC',0),(3969,282,'advanced_filter','1',0),(3970,282,'name__show','1',0),(3971,282,'status__show','0',0),(3972,282,'_limit','-1',0),(3973,282,'_order_column','name',0),(3974,282,'_order_direction','ASC',0),(3975,282,'last_comment','_minus_1_days_',0),(3976,282,'last_comment__comp_type','1',0),(3977,282,'last_comment__use_calendar','0',0),(3978,282,'comment_message__show','1',0),(3979,283,'advanced_filter','1',0),(3980,283,'name__show','1',0),(3981,283,'status__show','0',0),(3982,283,'_limit','-1',0),(3983,283,'_order_column','name',0),(3984,283,'_order_direction','ASC',0),(3985,283,'last_attachment','_minus_1_days_',0),(3986,283,'last_attachment__comp_type','1',0),(3987,283,'last_attachment__use_calendar','0',0),(3988,283,'attachment_filename__show','1',0),(3989,284,'advanced_filter','1',0),(3990,284,'name__show','1',0),(3991,284,'status__show','0',0),(3992,284,'_limit','-1',0),(3993,284,'_order_column','name',0),(3994,284,'_order_direction','ASC',0),(3995,284,'created','_minus_1_days_',0),(3996,284,'created__comp_type','1',0),(3997,285,'advanced_filter','1',0),(3998,285,'name__show','1',0),(3999,285,'status__show','0',0),(4000,285,'_limit','-1',0),(4001,285,'_order_column','name',0),(4002,285,'_order_direction','ASC',0),(4003,285,'modified','_minus_1_days_',0),(4004,285,'modified__comp_type','1',0),(4005,286,'advanced_filter','1',0),(4006,286,'name__show','1',0),(4007,286,'active__show','1',0),(4008,286,'_limit','-1',0),(4009,286,'_order_column','created',0),(4010,286,'_order_direction','DESC',0),(4011,287,'advanced_filter','1',0),(4012,287,'name__show','1',0),(4013,287,'attributes__show','1',0),(4014,287,'active__show','1',0),(4015,287,'_limit','-1',0),(4016,287,'_order_column','created',0),(4017,287,'_order_direction','DESC',0),(4018,288,'advanced_filter','1',0),(4019,288,'job_task__show','1',0),(4020,288,'reference__show','1',0),(4021,288,'fetched__show','1',0),(4022,288,'completed__show','1',0),(4023,288,'failure_message__show','1',0),(4024,288,'created__show','1',0),(4025,288,'_limit','-1',0),(4026,288,'_order_column','created',0),(4027,288,'_order_direction','DESC',0),(4028,289,'advanced_filter','1',0),(4029,289,'login__show','1',0),(4030,289,'Users__show','1',0),(4031,289,'until__show','1',0),(4032,289,'canceled__show','1',0),(4033,289,'created__show','1',0),(4034,289,'_limit','-1',0),(4035,289,'_order_column','created',0),(4036,289,'_order_direction','DESC',0),(4037,290,'advanced_filter','1',0),(4038,290,'CompliancePackage-package_id__show','1',0),(4039,290,'CompliancePackage-name__show','1',0),(4040,290,'CompliancePackage-description__show','1',0),(4041,290,'item_id__show','1',0),(4042,290,'name__show','1',0),(4043,290,'description__show','1',0),(4044,290,'audit_questionaire__show','1',0),(4045,290,'_limit','-1',0),(4046,290,'_order_column','name',0),(4047,290,'_order_direction','ASC',0),(4048,290,'CompliancePackage-compliance_package_regulator_id','1',0),(4049,291,'advanced_filter','1',0),(4050,291,'CompliancePackageItem-item_id__show','1',0),(4051,291,'CompliancePackageItem-name__show','1',0),(4052,291,'CompliancePackageItem-description__show','1',0),(4053,291,'Owner__show','1',0),(4054,291,'compliance_treatment_strategy_id__show','1',0),(4055,291,'_limit','-1',0),(4056,291,'_order_column','id',0),(4057,291,'_order_direction','ASC',0),(4058,291,'CompliancePackage-compliance_package_regulator_id','1',0);
/*!40000 ALTER TABLE `advanced_filter_values` ENABLE KEYS */;
UNLOCK TABLES;

--
-- Table structure for table `advanced_filters`
--

DROP TABLE IF EXISTS `advanced_filters`;
/*!40101 SET @saved_cs_client     = @@character_set_client */;
/*!50503 SET character_set_client = utf8mb4 */;
CREATE TABLE `advanced_filters` (
  `id` int NOT NULL AUTO_INCREMENT,
  `user_id` int NOT NULL,
  `name` varchar(255) COLLATE utf8mb4_unicode_ci NOT NULL,
  `slug` varchar(255) COLLATE utf8mb4_unicode_ci DEFAULT NULL,
  `description` text COLLATE utf8mb4_unicode_ci NOT NULL,
  `model` varchar(255) COLLATE utf8mb4_unicode_ci NOT NULL,
  `private` int NOT NULL DEFAULT '0',
  `log_result_count` int NOT NULL,
  `log_result_data` int NOT NULL,
  `system_filter` int NOT NULL DEFAULT '0',
  `deleted` int NOT NULL DEFAULT '0',
  `deleted_date` datetime DEFAULT NULL,
  `created` datetime NOT NULL,
  `modified` datetime NOT NULL,
  PRIMARY KEY (`id`),
  KEY `user_id` (`user_id`),
  CONSTRAINT `advanced_filters_ibfk_1` FOREIGN KEY (`user_id`) REFERENCES `users` (`id`) ON DELETE CASCADE ON UPDATE CASCADE
) ENGINE=InnoDB AUTO_INCREMENT=292 DEFAULT CHARSET=utf8mb4 COLLATE=utf8mb4_unicode_ci;
/*!40101 SET character_set_client = @saved_cs_client */;

--
-- Dumping data for table `advanced_filters`
--

LOCK TABLES `advanced_filters` WRITE;
/*!40000 ALTER TABLE `advanced_filters` DISABLE KEYS */;
INSERT INTO `advanced_filters` VALUES (1,1,'All Items','all-items','Filter that shows everything','Legals',1,0,0,1,0,NULL,'2023-01-18 10:50:49','2023-01-18 10:50:49'),(2,1,'Items with new comments (Since Yesterday)','new-comment','This is the list of items that have received comments since yesterday','Legals',1,0,0,1,0,NULL,'2023-01-18 10:50:49','2023-01-18 10:50:49'),(3,1,'Items with new attachments (Since Yesterday)','new-attachment','This is the list of items that have received attachments since yesterday','Legals',1,0,0,1,0,NULL,'2023-01-18 10:50:49','2023-01-18 10:50:49'),(4,1,'New items (Since Yesterday)','created-items','This is the list of new items since yesterday','Legals',1,0,0,1,0,NULL,'2023-01-18 10:50:49','2023-01-18 10:50:49'),(5,1,'Updated items (Since Yesterday)','modified-items','This is the list of items that received updates yesterday','Legals',1,0,0,1,0,NULL,'2023-01-18 10:50:49','2023-01-18 10:50:49'),(6,1,'All Items','all-items','Filter that shows everything','Webhooks.WebhookRequests',1,0,0,1,0,NULL,'2023-01-18 10:50:49','2023-01-18 10:50:49'),(7,1,'Failed Webhooks','failed','Filter that shows failed webhooks','Webhooks.WebhookRequests',1,0,0,1,0,NULL,'2023-01-18 10:50:49','2023-01-18 10:50:49'),(8,1,'Success Webhooks','success','Filter that shows success webhooks','Webhooks.WebhookRequests',1,0,0,1,0,NULL,'2023-01-18 10:50:49','2023-01-18 10:50:49'),(9,1,'Sent Emails','sent-emails','Filter shows sent emails','Queue',1,0,0,1,0,NULL,'2023-01-18 10:50:49','2023-01-18 10:50:49'),(10,1,'Pending Emails','pending-emails','Filter show emails still pending to be sent','Queue',1,0,0,1,0,NULL,'2023-01-18 10:50:49','2023-01-18 10:50:49'),(11,1,'All Items','all-items','Filter that shows everything','ThirdParties',1,0,0,1,0,NULL,'2023-01-18 10:50:49','2023-01-18 10:50:49'),(12,1,'Items with new comments (Since Yesterday)','new-comment','This is the list of items that have received comments since yesterday','ThirdParties',1,0,0,1,0,NULL,'2023-01-18 10:50:49','2023-01-18 10:50:49'),(13,1,'Items with new attachments (Since Yesterday)','new-attachment','This is the list of items that have received attachments since yesterday','ThirdParties',1,0,0,1,0,NULL,'2023-01-18 10:50:49','2023-01-18 10:50:49'),(14,1,'New items (Since Yesterday)','created-items','This is the list of new items since yesterday','ThirdParties',1,0,0,1,0,NULL,'2023-01-18 10:50:49','2023-01-18 10:50:49'),(15,1,'Updated items (Since Yesterday)','modified-items','This is the list of items that received updates yesterday','ThirdParties',1,0,0,1,0,NULL,'2023-01-18 10:50:49','2023-01-18 10:50:49'),(16,1,'All Items','all-items','Filter that shows everything','SecurityServices',1,0,0,1,0,NULL,'2023-01-18 10:50:50','2023-01-18 10:50:50'),(17,1,'Items with new comments (Since Yesterday)','new-comment','This is the list of items that have received comments since yesterday','SecurityServices',1,0,0,1,0,NULL,'2023-01-18 10:50:50','2023-01-18 10:50:50'),(18,1,'Items with new attachments (Since Yesterday)','new-attachment','This is the list of items that have received attachments since yesterday','SecurityServices',1,0,0,1,0,NULL,'2023-01-18 10:50:50','2023-01-18 10:50:50'),(19,1,'New items (Since Yesterday)','created-items','This is the list of new items since yesterday','SecurityServices',1,0,0,1,0,NULL,'2023-01-18 10:50:50','2023-01-18 10:50:50'),(20,1,'Updated items (Since Yesterday)','modified-items','This is the list of items that received updates yesterday','SecurityServices',1,0,0,1,0,NULL,'2023-01-18 10:50:50','2023-01-18 10:50:50'),(21,1,'Controls with Issues','with-issues','This filter shows controls which currently have one or more ongoing issue','SecurityServices',1,0,0,1,0,NULL,'2023-01-18 10:50:50','2023-01-18 10:50:50'),(22,1,'Controls with Missing Audits','missing-audits','This filter shows controls which currently miss one or more audits','SecurityServices',1,0,0,1,0,NULL,'2023-01-18 10:50:50','2023-01-18 10:50:50'),(23,1,'Controls with Failed Audits','failed-audits','This filter shows controls which currently have failed Audits','SecurityServices',1,0,0,1,0,NULL,'2023-01-18 10:50:50','2023-01-18 10:50:50'),(24,1,'Controls with Missing Maintenances','missing-maintenances','This filter shows controls which currently miss one or more Maintenances','SecurityServices',1,0,0,1,0,NULL,'2023-01-18 10:50:50','2023-01-18 10:50:50'),(25,1,'Controls with Failed Maintenances','failed-maintenances','This filter shows controls which currently have failed Maintenances','SecurityServices',1,0,0,1,0,NULL,'2023-01-18 10:50:50','2023-01-18 10:50:50'),(26,1,'All Items','all-items','Filter that shows everything','SecurityServiceMaintenances',1,0,0,1,0,NULL,'2023-01-18 10:50:50','2023-01-18 10:50:50'),(27,1,'Items with new comments (Since Yesterday)','new-comment','This is the list of items that have received comments since yesterday','SecurityServiceMaintenances',1,0,0,1,0,NULL,'2023-01-18 10:50:50','2023-01-18 10:50:50'),(28,1,'Items with new attachments (Since Yesterday)','new-attachment','This is the list of items that have received attachments since yesterday','SecurityServiceMaintenances',1,0,0,1,0,NULL,'2023-01-18 10:50:50','2023-01-18 10:50:50'),(29,1,'New items (Since Yesterday)','created-items','This is the list of new items since yesterday','SecurityServiceMaintenances',1,0,0,1,0,NULL,'2023-01-18 10:50:50','2023-01-18 10:50:50'),(30,1,'Updated items (Since Yesterday)','modified-items','This is the list of items that received updates yesterday','SecurityServiceMaintenances',1,0,0,1,0,NULL,'2023-01-18 10:50:50','2023-01-18 10:50:50'),(31,1,'Maintenances due in 14 Days','due-in-14-audits','This is the list of maintenances due in the coming 14 Days','SecurityServiceMaintenances',1,0,0,1,0,NULL,'2023-01-18 10:50:50','2023-01-18 10:50:50'),(32,1,'Expired Maintenances','expired','This filter shows all expired maintenances','SecurityServiceMaintenances',1,0,0,1,0,NULL,'2023-01-18 10:50:50','2023-01-18 10:50:50'),(33,1,'Failed Maintenances','failed','This filter shows all maintenances which have failed','SecurityServiceMaintenances',1,0,0,1,0,NULL,'2023-01-18 10:50:50','2023-01-18 10:50:50'),(34,1,'Pass Maintenances','pass','This filter shows all maintenances which have passed','SecurityServiceMaintenances',1,0,0,1,0,NULL,'2023-01-18 10:50:50','2023-01-18 10:50:50'),(35,1,'All Items','all-items','Filter that shows everything','SecurityServiceAudits',1,0,0,1,0,NULL,'2023-01-18 10:50:50','2023-01-18 10:50:50'),(36,1,'Items with new comments (Since Yesterday)','new-comment','This is the list of items that have received comments since yesterday','SecurityServiceAudits',1,0,0,1,0,NULL,'2023-01-18 10:50:50','2023-01-18 10:50:50'),(37,1,'Items with new attachments (Since Yesterday)','new-attachment','This is the list of items that have received attachments since yesterday','SecurityServiceAudits',1,0,0,1,0,NULL,'2023-01-18 10:50:50','2023-01-18 10:50:50'),(38,1,'New items (Since Yesterday)','created-items','This is the list of new items since yesterday','SecurityServiceAudits',1,0,0,1,0,NULL,'2023-01-18 10:50:50','2023-01-18 10:50:50'),(39,1,'Updated items (Since Yesterday)','modified-items','This is the list of items that received updates yesterday','SecurityServiceAudits',1,0,0,1,0,NULL,'2023-01-18 10:50:50','2023-01-18 10:50:50'),(40,1,'Audits due in 14 Days','due-in-14-days','This is the list of audits due in the coming 14 Days','SecurityServiceAudits',1,0,0,1,0,NULL,'2023-01-18 10:50:50','2023-01-18 10:50:50'),(41,1,'Expired Audits','expired','This filter shows all expired audits','SecurityServiceAudits',1,0,0,1,0,NULL,'2023-01-18 10:50:50','2023-01-18 10:50:50'),(42,1,'Failed Audits','failed','This filter shows all audits which have failed','SecurityServiceAudits',1,0,0,1,0,NULL,'2023-01-18 10:50:50','2023-01-18 10:50:50'),(43,1,'Pass Audits','pass','This filter shows all audits which have passed','SecurityServiceAudits',1,0,0,1,0,NULL,'2023-01-18 10:50:50','2023-01-18 10:50:50'),(44,1,'Completed Audits','completed','This filter shows all completed (Fail and Pass) audits','SecurityServiceAudits',1,0,0,1,0,NULL,'2023-01-18 10:50:50','2023-01-18 10:50:50'),(45,1,'All Items','all-items','Filter that shows everything','SecurityServiceIssues',1,0,0,1,0,NULL,'2023-01-18 10:50:50','2023-01-18 10:50:50'),(46,1,'Items with new comments (Since Yesterday)','new-comment','This is the list of items that have received comments since yesterday','SecurityServiceIssues',1,0,0,1,0,NULL,'2023-01-18 10:50:50','2023-01-18 10:50:50'),(47,1,'Items with new attachments (Since Yesterday)','new-attachment','This is the list of items that have received attachments since yesterday','SecurityServiceIssues',1,0,0,1,0,NULL,'2023-01-18 10:50:50','2023-01-18 10:50:50'),(48,1,'New items (Since Yesterday)','created-items','This is the list of new items since yesterday','SecurityServiceIssues',1,0,0,1,0,NULL,'2023-01-18 10:50:50','2023-01-18 10:50:50'),(49,1,'Updated items (Since Yesterday)','modified-items','This is the list of items that received updates yesterday','SecurityServiceIssues',1,0,0,1,0,NULL,'2023-01-18 10:50:50','2023-01-18 10:50:50'),(50,1,'All Items','all-items','Filter that shows everything','SecurityPolicies',1,0,0,1,0,NULL,'2023-01-18 10:50:50','2023-01-18 10:50:50'),(51,1,'Items with new comments (Since Yesterday)','new-comment','This is the list of items that have received comments since yesterday','SecurityPolicies',1,0,0,1,0,NULL,'2023-01-18 10:50:50','2023-01-18 10:50:50'),(52,1,'Items with new attachments (Since Yesterday)','new-attachment','This is the list of items that have received attachments since yesterday','SecurityPolicies',1,0,0,1,0,NULL,'2023-01-18 10:50:50','2023-01-18 10:50:50'),(53,1,'New items (Since Yesterday)','created-items','This is the list of new items since yesterday','SecurityPolicies',1,0,0,1,0,NULL,'2023-01-18 10:50:50','2023-01-18 10:50:50'),(54,1,'Updated items (Since Yesterday)','modified-items','This is the list of items that received updates yesterday','SecurityPolicies',1,0,0,1,0,NULL,'2023-01-18 10:50:50','2023-01-18 10:50:50'),(55,1,'Assets with Missing Reviews','missing-reviews','This filter shows all assets that are published and currently miss one or more reviews','SecurityPolicies',1,0,0,1,0,NULL,'2023-01-18 10:50:50','2023-01-18 10:50:50'),(56,1,'All Items','all-items','Filter that shows everything','SecurityPolicyReviews',1,0,0,1,0,NULL,'2023-01-18 10:50:50','2023-01-18 10:50:50'),(57,1,'Items with new comments (Since Yesterday)','new-comment','This is the list of items that have received comments since yesterday','SecurityPolicyReviews',1,0,0,1,0,NULL,'2023-01-18 10:50:50','2023-01-18 10:50:50'),(58,1,'Items with new attachments (Since Yesterday)','new-attachment','This is the list of items that have received attachments since yesterday','SecurityPolicyReviews',1,0,0,1,0,NULL,'2023-01-18 10:50:50','2023-01-18 10:50:50'),(59,1,'New items (Since Yesterday)','created-items','This is the list of new items since yesterday','SecurityPolicyReviews',1,0,0,1,0,NULL,'2023-01-18 10:50:50','2023-01-18 10:50:50'),(60,1,'Updated items (Since Yesterday)','modified-items','This is the list of items that received updates yesterday','SecurityPolicyReviews',1,0,0,1,0,NULL,'2023-01-18 10:50:50','2023-01-18 10:50:50'),(61,1,'Reviews due in 14 Days','due-in-14-days','This is the list of reviews due in the coming 14 Days','SecurityPolicyReviews',1,0,0,1,0,NULL,'2023-01-18 10:50:50','2023-01-18 10:50:50'),(62,1,'All Items','all-items','Filter that shows everything','Assets',1,0,0,1,0,NULL,'2023-01-18 10:50:50','2023-01-18 10:50:50'),(63,1,'Items with new comments (Since Yesterday)','new-comment','This is the list of items that have received comments since yesterday','Assets',1,0,0,1,0,NULL,'2023-01-18 10:50:50','2023-01-18 10:50:50'),(64,1,'Items with new attachments (Since Yesterday)','new-attachment','This is the list of items that have received attachments since yesterday','Assets',1,0,0,1,0,NULL,'2023-01-18 10:50:51','2023-01-18 10:50:51'),(65,1,'New items (Since Yesterday)','created-items','This is the list of new items since yesterday','Assets',1,0,0,1,0,NULL,'2023-01-18 10:50:51','2023-01-18 10:50:51'),(66,1,'Updated items (Since Yesterday)','modified-items','This is the list of items that received updates yesterday','Assets',1,0,0,1,0,NULL,'2023-01-18 10:50:51','2023-01-18 10:50:51'),(67,1,'Assets with Missing Reviews','missing-reviews','This filter shows all assets that are published and currently miss one or more reviews','Assets',1,0,0,1,0,NULL,'2023-01-18 10:50:51','2023-01-18 10:50:51'),(68,1,'All Items','all-items','Filter that shows everything','AssetReviews',1,0,0,1,0,NULL,'2023-01-18 10:50:51','2023-01-18 10:50:51'),(69,1,'Items with new comments (Since Yesterday)','new-comment','This is the list of items that have received comments since yesterday','AssetReviews',1,0,0,1,0,NULL,'2023-01-18 10:50:51','2023-01-18 10:50:51'),(70,1,'Items with new attachments (Since Yesterday)','new-attachment','This is the list of items that have received attachments since yesterday','AssetReviews',1,0,0,1,0,NULL,'2023-01-18 10:50:51','2023-01-18 10:50:51'),(71,1,'New items (Since Yesterday)','created-items','This is the list of new items since yesterday','AssetReviews',1,0,0,1,0,NULL,'2023-01-18 10:50:51','2023-01-18 10:50:51'),(72,1,'Updated items (Since Yesterday)','modified-items','This is the list of items that received updates yesterday','AssetReviews',1,0,0,1,0,NULL,'2023-01-18 10:50:51','2023-01-18 10:50:51'),(73,1,'Reviews due in 14 Days','due-in-14-days','This is the list of reviews due in the coming 14 Days','AssetReviews',1,0,0,1,0,NULL,'2023-01-18 10:50:51','2023-01-18 10:50:51'),(74,1,'All Items','all-items','Filter that shows everything','Risks',1,0,0,1,0,NULL,'2023-01-18 10:50:51','2023-01-18 10:50:51'),(75,1,'Items with new comments (Since Yesterday)','new-comment','This is the list of items that have received comments since yesterday','Risks',1,0,0,1,0,NULL,'2023-01-18 10:50:51','2023-01-18 10:50:51'),(76,1,'Items with new attachments (Since Yesterday)','new-attachment','This is the list of items that have received attachments since yesterday','Risks',1,0,0,1,0,NULL,'2023-01-18 10:50:51','2023-01-18 10:50:51'),(77,1,'New items (Since Yesterday)','created-items','This is the list of new items since yesterday','Risks',1,0,0,1,0,NULL,'2023-01-18 10:50:51','2023-01-18 10:50:51'),(78,1,'Updated items (Since Yesterday)','modified-items','This is the list of items that received updates yesterday','Risks',1,0,0,1,0,NULL,'2023-01-18 10:50:51','2023-01-18 10:50:51'),(79,1,'Assets with Missing Reviews','missing-reviews','This filter shows all assets that are published and currently miss one or more reviews','Risks',1,0,0,1,0,NULL,'2023-01-18 10:50:51','2023-01-18 10:50:51'),(80,1,'All Items','all-items','Filter that shows everything','RiskReviews',1,0,0,1,0,NULL,'2023-01-18 10:50:51','2023-01-18 10:50:51'),(81,1,'Items with new comments (Since Yesterday)','new-comment','This is the list of items that have received comments since yesterday','RiskReviews',1,0,0,1,0,NULL,'2023-01-18 10:50:51','2023-01-18 10:50:51'),(82,1,'Items with new attachments (Since Yesterday)','new-attachment','This is the list of items that have received attachments since yesterday','RiskReviews',1,0,0,1,0,NULL,'2023-01-18 10:50:51','2023-01-18 10:50:51'),(83,1,'New items (Since Yesterday)','created-items','This is the list of new items since yesterday','RiskReviews',1,0,0,1,0,NULL,'2023-01-18 10:50:51','2023-01-18 10:50:51'),(84,1,'Updated items (Since Yesterday)','modified-items','This is the list of items that received updates yesterday','RiskReviews',1,0,0,1,0,NULL,'2023-01-18 10:50:51','2023-01-18 10:50:51'),(85,1,'Reviews due in 14 Days','due-in-14-days','This is the list of reviews due in the coming 14 Days','RiskReviews',1,0,0,1,0,NULL,'2023-01-18 10:50:51','2023-01-18 10:50:51'),(86,1,'All Items','all-items','Filter that shows everything','ThirdPartyRisks',1,0,0,1,0,NULL,'2023-01-18 10:50:51','2023-01-18 10:50:51'),(87,1,'Items with new comments (Since Yesterday)','new-comment','This is the list of items that have received comments since yesterday','ThirdPartyRisks',1,0,0,1,0,NULL,'2023-01-18 10:50:51','2023-01-18 10:50:51'),(88,1,'Items with new attachments (Since Yesterday)','new-attachment','This is the list of items that have received attachments since yesterday','ThirdPartyRisks',1,0,0,1,0,NULL,'2023-01-18 10:50:51','2023-01-18 10:50:51'),(89,1,'New items (Since Yesterday)','created-items','This is the list of new items since yesterday','ThirdPartyRisks',1,0,0,1,0,NULL,'2023-01-18 10:50:51','2023-01-18 10:50:51'),(90,1,'Updated items (Since Yesterday)','modified-items','This is the list of items that received updates yesterday','ThirdPartyRisks',1,0,0,1,0,NULL,'2023-01-18 10:50:51','2023-01-18 10:50:51'),(91,1,'Assets with Missing Reviews','missing-reviews','This filter shows all assets that are published and currently miss one or more reviews','ThirdPartyRisks',1,0,0,1,0,NULL,'2023-01-18 10:50:51','2023-01-18 10:50:51'),(92,1,'All Items','all-items','Filter that shows everything','ThirdPartyRiskReviews',1,0,0,1,0,NULL,'2023-01-18 10:50:51','2023-01-18 10:50:51'),(93,1,'Items with new comments (Since Yesterday)','new-comment','This is the list of items that have received comments since yesterday','ThirdPartyRiskReviews',1,0,0,1,0,NULL,'2023-01-18 10:50:51','2023-01-18 10:50:51'),(94,1,'Items with new attachments (Since Yesterday)','new-attachment','This is the list of items that have received attachments since yesterday','ThirdPartyRiskReviews',1,0,0,1,0,NULL,'2023-01-18 10:50:51','2023-01-18 10:50:51'),(95,1,'New items (Since Yesterday)','created-items','This is the list of new items since yesterday','ThirdPartyRiskReviews',1,0,0,1,0,NULL,'2023-01-18 10:50:51','2023-01-18 10:50:51'),(96,1,'Updated items (Since Yesterday)','modified-items','This is the list of items that received updates yesterday','ThirdPartyRiskReviews',1,0,0,1,0,NULL,'2023-01-18 10:50:51','2023-01-18 10:50:51'),(97,1,'Reviews due in 14 Days','due-in-14-days','This is the list of reviews due in the coming 14 Days','ThirdPartyRiskReviews',1,0,0,1,0,NULL,'2023-01-18 10:50:51','2023-01-18 10:50:51'),(98,1,'All Items','all-items','Filter that shows everything','BusinessContinuities',1,0,0,1,0,NULL,'2023-01-18 10:50:51','2023-01-18 10:50:51'),(99,1,'Items with new comments (Since Yesterday)','new-comment','This is the list of items that have received comments since yesterday','BusinessContinuities',1,0,0,1,0,NULL,'2023-01-18 10:50:51','2023-01-18 10:50:51'),(100,1,'Items with new attachments (Since Yesterday)','new-attachment','This is the list of items that have received attachments since yesterday','BusinessContinuities',1,0,0,1,0,NULL,'2023-01-18 10:50:51','2023-01-18 10:50:51'),(101,1,'New items (Since Yesterday)','created-items','This is the list of new items since yesterday','BusinessContinuities',1,0,0,1,0,NULL,'2023-01-18 10:50:51','2023-01-18 10:50:51'),(102,1,'Updated items (Since Yesterday)','modified-items','This is the list of items that received updates yesterday','BusinessContinuities',1,0,0,1,0,NULL,'2023-01-18 10:50:51','2023-01-18 10:50:51'),(103,1,'Assets with Missing Reviews','missing-reviews','This filter shows all assets that are published and currently miss one or more reviews','BusinessContinuities',1,0,0,1,0,NULL,'2023-01-18 10:50:51','2023-01-18 10:50:51'),(104,1,'All Items','all-items','Filter that shows everything','BusinessContinuityReviews',1,0,0,1,0,NULL,'2023-01-18 10:50:51','2023-01-18 10:50:51'),(105,1,'Items with new comments (Since Yesterday)','new-comment','This is the list of items that have received comments since yesterday','BusinessContinuityReviews',1,0,0,1,0,NULL,'2023-01-18 10:50:51','2023-01-18 10:50:51'),(106,1,'Items with new attachments (Since Yesterday)','new-attachment','This is the list of items that have received attachments since yesterday','BusinessContinuityReviews',1,0,0,1,0,NULL,'2023-01-18 10:50:51','2023-01-18 10:50:51'),(107,1,'New items (Since Yesterday)','created-items','This is the list of new items since yesterday','BusinessContinuityReviews',1,0,0,1,0,NULL,'2023-01-18 10:50:51','2023-01-18 10:50:51'),(108,1,'Updated items (Since Yesterday)','modified-items','This is the list of items that received updates yesterday','BusinessContinuityReviews',1,0,0,1,0,NULL,'2023-01-18 10:50:51','2023-01-18 10:50:51'),(109,1,'Reviews due in 14 Days','due-in-14-days','This is the list of reviews due in the coming 14 Days','BusinessContinuityReviews',1,0,0,1,0,NULL,'2023-01-18 10:50:51','2023-01-18 10:50:51'),(110,1,'All Items','all-items','Filter that shows everything','ServiceContracts',1,0,0,1,0,NULL,'2023-01-18 10:50:51','2023-01-18 10:50:51'),(111,1,'Items with new comments (Since Yesterday)','new-comment','This is the list of items that have received comments since yesterday','ServiceContracts',1,0,0,1,0,NULL,'2023-01-18 10:50:51','2023-01-18 10:50:51'),(112,1,'Items with new attachments (Since Yesterday)','new-attachment','This is the list of items that have received attachments since yesterday','ServiceContracts',1,0,0,1,0,NULL,'2023-01-18 10:50:51','2023-01-18 10:50:51'),(113,1,'New items (Since Yesterday)','created-items','This is the list of new items since yesterday','ServiceContracts',1,0,0,1,0,NULL,'2023-01-18 10:50:51','2023-01-18 10:50:51'),(114,1,'Updated items (Since Yesterday)','modified-items','This is the list of items that received updates yesterday','ServiceContracts',1,0,0,1,0,NULL,'2023-01-18 10:50:51','2023-01-18 10:50:51'),(115,1,'Contracts due in the next 14 Days','due-in-14-days','This is the list of contracts that expire in the next couple of weeks','ServiceContracts',1,0,0,1,0,NULL,'2023-01-18 10:50:51','2023-01-18 10:50:51'),(116,1,'Expired Contracts','expired','This is the list of contracts that have an end date in the past','ServiceContracts',1,0,0,1,0,NULL,'2023-01-18 10:50:51','2023-01-18 10:50:51'),(117,1,'All Items','all-items','Filter that shows everything','RiskExceptions',1,0,0,1,0,NULL,'2023-01-18 10:50:51','2023-01-18 10:50:51'),(118,1,'Items with new comments (Since Yesterday)','new-comment','This is the list of items that have received comments since yesterday','RiskExceptions',1,0,0,1,0,NULL,'2023-01-18 10:50:51','2023-01-18 10:50:51'),(119,1,'Items with new attachments (Since Yesterday)','new-attachment','This is the list of items that have received attachments since yesterday','RiskExceptions',1,0,0,1,0,NULL,'2023-01-18 10:50:51','2023-01-18 10:50:51'),(120,1,'New items (Since Yesterday)','created-items','This is the list of new items since yesterday','RiskExceptions',1,0,0,1,0,NULL,'2023-01-18 10:50:51','2023-01-18 10:50:51'),(121,1,'Updated items (Since Yesterday)','modified-items','This is the list of items that received updates yesterday','RiskExceptions',1,0,0,1,0,NULL,'2023-01-18 10:50:51','2023-01-18 10:50:51'),(122,1,'Exceptions due in the next 14 Days','due-in-14-days','This is the list of exceptions expiring in the next 14 days','RiskExceptions',1,0,0,1,0,NULL,'2023-01-18 10:50:51','2023-01-18 10:50:51'),(123,1,'Expired Exceptions','expired','This is the list of exceptions which have already expired','RiskExceptions',1,0,0,1,0,NULL,'2023-01-18 10:50:52','2023-01-18 10:50:52'),(124,1,'All Items','all-items','Filter that shows everything','PolicyExceptions',1,0,0,1,0,NULL,'2023-01-18 10:50:52','2023-01-18 10:50:52'),(125,1,'Items with new comments (Since Yesterday)','new-comment','This is the list of items that have received comments since yesterday','PolicyExceptions',1,0,0,1,0,NULL,'2023-01-18 10:50:52','2023-01-18 10:50:52'),(126,1,'Items with new attachments (Since Yesterday)','new-attachment','This is the list of items that have received attachments since yesterday','PolicyExceptions',1,0,0,1,0,NULL,'2023-01-18 10:50:52','2023-01-18 10:50:52'),(127,1,'New items (Since Yesterday)','created-items','This is the list of new items since yesterday','PolicyExceptions',1,0,0,1,0,NULL,'2023-01-18 10:50:52','2023-01-18 10:50:52'),(128,1,'Updated items (Since Yesterday)','modified-items','This is the list of items that received updates yesterday','PolicyExceptions',1,0,0,1,0,NULL,'2023-01-18 10:50:52','2023-01-18 10:50:52'),(129,1,'Exceptions due in the next 14 Days','due-in-14-days','This is the list of exceptions expiring in the next 14 days','PolicyExceptions',1,0,0,1,0,NULL,'2023-01-18 10:50:52','2023-01-18 10:50:52'),(130,1,'Expired Exceptions','expired','This is the list of exceptions which have already expired','PolicyExceptions',1,0,0,1,0,NULL,'2023-01-18 10:50:52','2023-01-18 10:50:52'),(131,1,'All Items','all-items','Filter that shows everything','ComplianceExceptions',1,0,0,1,0,NULL,'2023-01-18 10:50:52','2023-01-18 10:50:52'),(132,1,'Items with new comments (Since Yesterday)','new-comment','This is the list of items that have received comments since yesterday','ComplianceExceptions',1,0,0,1,0,NULL,'2023-01-18 10:50:52','2023-01-18 10:50:52'),(133,1,'Items with new attachments (Since Yesterday)','new-attachment','This is the list of items that have received attachments since yesterday','ComplianceExceptions',1,0,0,1,0,NULL,'2023-01-18 10:50:52','2023-01-18 10:50:52'),(134,1,'New items (Since Yesterday)','created-items','This is the list of new items since yesterday','ComplianceExceptions',1,0,0,1,0,NULL,'2023-01-18 10:50:52','2023-01-18 10:50:52'),(135,1,'Updated items (Since Yesterday)','modified-items','This is the list of items that received updates yesterday','ComplianceExceptions',1,0,0,1,0,NULL,'2023-01-18 10:50:52','2023-01-18 10:50:52'),(136,1,'Exceptions due in the next 14 Days','due-in-14-days','This is the list of exceptions expiring in the next 14 days','ComplianceExceptions',1,0,0,1,0,NULL,'2023-01-18 10:50:52','2023-01-18 10:50:52'),(137,1,'Expired Exceptions','expired','This is the list of exceptions which have already expired','ComplianceExceptions',1,0,0,1,0,NULL,'2023-01-18 10:50:52','2023-01-18 10:50:52'),(138,1,'All Items','all-items','Filter that shows everything','CompliancePackageRegulators',1,0,0,1,0,NULL,'2023-01-18 10:50:52','2023-01-18 10:50:52'),(139,1,'Items with new comments (Since Yesterday)','new-comment','This is the list of items that have received comments since yesterday','CompliancePackageRegulators',1,0,0,1,0,NULL,'2023-01-18 10:50:52','2023-01-18 10:50:52'),(140,1,'Items with new attachments (Since Yesterday)','new-attachment','This is the list of items that have received attachments since yesterday','CompliancePackageRegulators',1,0,0,1,0,NULL,'2023-01-18 10:50:52','2023-01-18 10:50:52'),(141,1,'New items (Since Yesterday)','created-items','This is the list of new items since yesterday','CompliancePackageRegulators',1,0,0,1,0,NULL,'2023-01-18 10:50:52','2023-01-18 10:50:52'),(142,1,'Updated items (Since Yesterday)','modified-items','This is the list of items that received updates yesterday','CompliancePackageRegulators',1,0,0,1,0,NULL,'2023-01-18 10:50:52','2023-01-18 10:50:52'),(143,1,'All Items','all-items','Filter that shows everything','DataAssetInstances',1,0,0,1,0,NULL,'2023-01-18 10:50:52','2023-01-18 10:50:52'),(144,1,'Items with new comments (Since Yesterday)','new-comment','This is the list of items that have received comments since yesterday','DataAssetInstances',1,0,0,1,0,NULL,'2023-01-18 10:50:52','2023-01-18 10:50:52'),(145,1,'Items with new attachments (Since Yesterday)','new-attachment','This is the list of items that have received attachments since yesterday','DataAssetInstances',1,0,0,1,0,NULL,'2023-01-18 10:50:52','2023-01-18 10:50:52'),(146,1,'New items (Since Yesterday)','created-items','This is the list of new items since yesterday','DataAssetInstances',1,0,0,1,0,NULL,'2023-01-18 10:50:52','2023-01-18 10:50:52'),(147,1,'Updated items (Since Yesterday)','modified-items','This is the list of items that received updates yesterday','DataAssetInstances',1,0,0,1,0,NULL,'2023-01-18 10:50:52','2023-01-18 10:50:52'),(148,1,'GDPR Scope Assets','gdpr-enabled','This is the list of all assets in the scope of GDPR','DataAssetInstances',1,0,0,1,0,NULL,'2023-01-18 10:50:52','2023-01-18 10:50:52'),(149,1,'All Items','all-items','Filter that shows everything','DataAssets',1,0,0,1,0,NULL,'2023-01-18 10:50:52','2023-01-18 10:50:52'),(150,1,'Items with new comments (Since Yesterday)','new-comment','This is the list of items that have received comments since yesterday','DataAssets',1,0,0,1,0,NULL,'2023-01-18 10:50:52','2023-01-18 10:50:52'),(151,1,'Items with new attachments (Since Yesterday)','new-attachment','This is the list of items that have received attachments since yesterday','DataAssets',1,0,0,1,0,NULL,'2023-01-18 10:50:52','2023-01-18 10:50:52'),(152,1,'New items (Since Yesterday)','created-items','This is the list of new items since yesterday','DataAssets',1,0,0,1,0,NULL,'2023-01-18 10:50:52','2023-01-18 10:50:52'),(153,1,'Updated items (Since Yesterday)','modified-items','This is the list of items that received updates yesterday','DataAssets',1,0,0,1,0,NULL,'2023-01-18 10:50:52','2023-01-18 10:50:52'),(154,1,'Collected Stage Flows','status-1','This filter shows all flows that are assigned to the \"Collected\" stage','DataAssets',1,0,0,1,0,NULL,'2023-01-18 10:50:52','2023-01-18 10:50:52'),(155,1,'Modified Stage Flows','status-2','This filter shows all flows that are assigned to the \"Modified\" stage','DataAssets',1,0,0,1,0,NULL,'2023-01-18 10:50:52','2023-01-18 10:50:52'),(156,1,'Stored Stage Flows','status-3','This filter shows all flows that are assigned to the \"Stored\" stage','DataAssets',1,0,0,1,0,NULL,'2023-01-18 10:50:52','2023-01-18 10:50:52'),(157,1,'Transit Stage Flows','status-4','This filter shows all flows that are assigned to the \"Transit\" stage','DataAssets',1,0,0,1,0,NULL,'2023-01-18 10:50:52','2023-01-18 10:50:52'),(158,1,'Deleted Stage Flows','status-5','This filter shows all flows that are assigned to the \"Deleted\" stage','DataAssets',1,0,0,1,0,NULL,'2023-01-18 10:50:52','2023-01-18 10:50:52'),(159,1,'All Items','all-items','Filter that shows everything','Cron.Cron',1,0,0,1,0,NULL,'2023-01-18 10:50:52','2023-01-18 10:50:52'),(160,1,'New items (Since Yesterday)','created-items','This is the list of new items since yesterday','Cron.Cron',1,0,0,1,0,NULL,'2023-01-18 10:50:52','2023-01-18 10:50:52'),(161,1,'Failed CRONs','open','This filter shows CRONs with error','Cron.Cron',1,0,0,1,0,NULL,'2023-01-18 10:50:52','2023-01-18 10:50:52'),(162,1,'All Items','all-items','Filter that shows everything','ComplianceAnalysisFindings',1,0,0,1,0,NULL,'2023-01-18 10:50:52','2023-01-18 10:50:52'),(163,1,'Items with new comments (Since Yesterday)','new-comment','This is the list of items that have received comments since yesterday','ComplianceAnalysisFindings',1,0,0,1,0,NULL,'2023-01-18 10:50:52','2023-01-18 10:50:52'),(164,1,'Items with new attachments (Since Yesterday)','new-attachment','This is the list of items that have received attachments since yesterday','ComplianceAnalysisFindings',1,0,0,1,0,NULL,'2023-01-18 10:50:52','2023-01-18 10:50:52'),(165,1,'New items (Since Yesterday)','created-items','This is the list of new items since yesterday','ComplianceAnalysisFindings',1,0,0,1,0,NULL,'2023-01-18 10:50:52','2023-01-18 10:50:52'),(166,1,'Updated items (Since Yesterday)','modified-items','This is the list of items that received updates yesterday','ComplianceAnalysisFindings',1,0,0,1,0,NULL,'2023-01-18 10:50:52','2023-01-18 10:50:52'),(167,1,'Expired Compliance Findings','expired','This is the list of compliance analysis findings that have a due date in the past and are still open','ComplianceAnalysisFindings',1,0,0,1,0,NULL,'2023-01-18 10:50:52','2023-01-18 10:50:52'),(168,1,'Compliance Findings due in 14 Days','due-in-14-days','This is the list of compliance findings due in the next 14 days','ComplianceAnalysisFindings',1,0,0,1,0,NULL,'2023-01-18 10:50:52','2023-01-18 10:50:52'),(169,1,'All Items','all-items','Filter that shows everything','Projects',1,0,0,1,0,NULL,'2023-01-18 10:50:52','2023-01-18 10:50:52'),(170,1,'Items with new comments (Since Yesterday)','new-comment','This is the list of items that have received comments since yesterday','Projects',1,0,0,1,0,NULL,'2023-01-18 10:50:52','2023-01-18 10:50:52'),(171,1,'Items with new attachments (Since Yesterday)','new-attachment','This is the list of items that have received attachments since yesterday','Projects',1,0,0,1,0,NULL,'2023-01-18 10:50:52','2023-01-18 10:50:52'),(172,1,'New items (Since Yesterday)','created-items','This is the list of new items since yesterday','Projects',1,0,0,1,0,NULL,'2023-01-18 10:50:52','2023-01-18 10:50:52'),(173,1,'Updated items (Since Yesterday)','modified-items','This is the list of items that received updates yesterday','Projects',1,0,0,1,0,NULL,'2023-01-18 10:50:52','2023-01-18 10:50:52'),(174,1,'Projects with Expired Tasks','expired-task','This is the list of projects that are ongoing and contain one or more expired tasks','Projects',1,0,0,1,0,NULL,'2023-01-18 10:50:52','2023-01-18 10:50:52'),(175,1,'Expired Projects','expired','This is the list of projects that are ongoing and contain a due date in the past','Projects',1,0,0,1,0,NULL,'2023-01-18 10:50:52','2023-01-18 10:50:52'),(176,1,'Ongoing Projects','ongoing-projects','This is the list of ongoing projects','Projects',1,0,0,1,0,NULL,'2023-01-18 10:50:53','2023-01-18 10:50:53'),(177,1,'Closed Projects','completed','This is the list of closed projects','Projects',1,0,0,1,0,NULL,'2023-01-18 10:50:53','2023-01-18 10:50:53'),(178,1,'Planned Projects','planned','This is the list of planned projects','Projects',1,0,0,1,0,NULL,'2023-01-18 10:50:53','2023-01-18 10:50:53'),(179,1,'All Items','all-items','Filter that shows everything','ProjectAchievements',1,0,0,1,0,NULL,'2023-01-18 10:50:53','2023-01-18 10:50:53'),(180,1,'Items with new comments (Since Yesterday)','new-comment','This is the list of items that have received comments since yesterday','ProjectAchievements',1,0,0,1,0,NULL,'2023-01-18 10:50:53','2023-01-18 10:50:53'),(181,1,'Items with new attachments (Since Yesterday)','new-attachment','This is the list of items that have received attachments since yesterday','ProjectAchievements',1,0,0,1,0,NULL,'2023-01-18 10:50:53','2023-01-18 10:50:53'),(182,1,'New items (Since Yesterday)','created-items','This is the list of new items since yesterday','ProjectAchievements',1,0,0,1,0,NULL,'2023-01-18 10:50:53','2023-01-18 10:50:53'),(183,1,'Updated items (Since Yesterday)','modified-items','This is the list of items that received updates yesterday','ProjectAchievements',1,0,0,1,0,NULL,'2023-01-18 10:50:53','2023-01-18 10:50:53'),(184,1,'Pending Tasks','pending','Tasks which are not 100% completed','ProjectAchievements',1,0,0,1,0,NULL,'2023-01-18 10:50:53','2023-01-18 10:50:53'),(185,1,'Expired Tasks','expired','Tasks which have a deadline set in the past','ProjectAchievements',1,0,0,1,0,NULL,'2023-01-18 10:50:53','2023-01-18 10:50:53'),(186,1,'All Items','all-items','Filter that shows everything','ProjectExpenses',1,0,0,1,0,NULL,'2023-01-18 10:50:53','2023-01-18 10:50:53'),(187,1,'Items with new comments (Since Yesterday)','new-comment','This is the list of items that have received comments since yesterday','ProjectExpenses',1,0,0,1,0,NULL,'2023-01-18 10:50:53','2023-01-18 10:50:53'),(188,1,'Items with new attachments (Since Yesterday)','new-attachment','This is the list of items that have received attachments since yesterday','ProjectExpenses',1,0,0,1,0,NULL,'2023-01-18 10:50:53','2023-01-18 10:50:53'),(189,1,'New items (Since Yesterday)','created-items','This is the list of new items since yesterday','ProjectExpenses',1,0,0,1,0,NULL,'2023-01-18 10:50:53','2023-01-18 10:50:53'),(190,1,'Updated items (Since Yesterday)','modified-items','This is the list of items that received updates yesterday','ProjectExpenses',1,0,0,1,0,NULL,'2023-01-18 10:50:53','2023-01-18 10:50:53'),(191,1,'All Items','all-items','Filter that shows everything','SecurityIncidents',1,0,0,1,0,NULL,'2023-01-18 10:50:53','2023-01-18 10:50:53'),(192,1,'Items with new comments (Since Yesterday)','new-comment','This is the list of items that have received comments since yesterday','SecurityIncidents',1,0,0,1,0,NULL,'2023-01-18 10:50:53','2023-01-18 10:50:53'),(193,1,'Items with new attachments (Since Yesterday)','new-attachment','This is the list of items that have received attachments since yesterday','SecurityIncidents',1,0,0,1,0,NULL,'2023-01-18 10:50:53','2023-01-18 10:50:53'),(194,1,'New items (Since Yesterday)','created-items','This is the list of new items since yesterday','SecurityIncidents',1,0,0,1,0,NULL,'2023-01-18 10:50:53','2023-01-18 10:50:53'),(195,1,'Updated items (Since Yesterday)','modified-items','This is the list of items that received updates yesterday','SecurityIncidents',1,0,0,1,0,NULL,'2023-01-18 10:50:53','2023-01-18 10:50:53'),(196,1,'Ongoing Incidents','ongoing','This is the list of all ongoing incidents','SecurityIncidents',1,0,0,1,0,NULL,'2023-01-18 10:50:53','2023-01-18 10:50:53'),(197,1,'Closed Incidents','closed','This is the list of all closed incidents','SecurityIncidents',1,0,0,1,0,NULL,'2023-01-18 10:50:53','2023-01-18 10:50:53'),(198,1,'Incidents with missing analysis','missing-analysis','This is the list of all ongoing incidents that have one or more incomplete analysis','SecurityIncidents',1,0,0,1,0,NULL,'2023-01-18 10:50:53','2023-01-18 10:50:53'),(199,1,'All Items','all-items','Filter that shows everything','SecurityIncidentStagesSecurityIncidents',1,0,0,1,0,NULL,'2023-01-18 10:50:53','2023-01-18 10:50:53'),(200,1,'Items with new comments (Since Yesterday)','new-comment','This is the list of items that have received comments since yesterday','SecurityIncidentStagesSecurityIncidents',1,0,0,1,0,NULL,'2023-01-18 10:50:53','2023-01-18 10:50:53'),(201,1,'Items with new attachments (Since Yesterday)','new-attachment','This is the list of items that have received attachments since yesterday','SecurityIncidentStagesSecurityIncidents',1,0,0,1,0,NULL,'2023-01-18 10:50:53','2023-01-18 10:50:53'),(202,1,'New items (Since Yesterday)','created-items','This is the list of new items since yesterday','SecurityIncidentStagesSecurityIncidents',1,0,0,1,0,NULL,'2023-01-18 10:50:53','2023-01-18 10:50:53'),(203,1,'Updated items (Since Yesterday)','modified-items','This is the list of items that received updates yesterday','SecurityIncidentStagesSecurityIncidents',1,0,0,1,0,NULL,'2023-01-18 10:50:53','2023-01-18 10:50:53'),(204,1,'All Items','all-items','Filter that shows everything','BusinessUnits',1,0,0,1,0,NULL,'2023-01-18 10:50:53','2023-01-18 10:50:53'),(205,1,'Items with new comments (Since Yesterday)','new-comment','This is the list of items that have received comments since yesterday','BusinessUnits',1,0,0,1,0,NULL,'2023-01-18 10:50:53','2023-01-18 10:50:53'),(206,1,'Items with new attachments (Since Yesterday)','new-attachment','This is the list of items that have received attachments since yesterday','BusinessUnits',1,0,0,1,0,NULL,'2023-01-18 10:50:53','2023-01-18 10:50:53'),(207,1,'New items (Since Yesterday)','created-items','This is the list of new items since yesterday','BusinessUnits',1,0,0,1,0,NULL,'2023-01-18 10:50:53','2023-01-18 10:50:53'),(208,1,'Updated items (Since Yesterday)','modified-items','This is the list of items that received updates yesterday','BusinessUnits',1,0,0,1,0,NULL,'2023-01-18 10:50:53','2023-01-18 10:50:53'),(209,1,'All Items','all-items','Filter that shows everything','Processes',1,0,0,1,0,NULL,'2023-01-18 10:50:53','2023-01-18 10:50:53'),(210,1,'Items with new comments (Since Yesterday)','new-comment','This is the list of items that have received comments since yesterday','Processes',1,0,0,1,0,NULL,'2023-01-18 10:50:53','2023-01-18 10:50:53'),(211,1,'Items with new attachments (Since Yesterday)','new-attachment','This is the list of items that have received attachments since yesterday','Processes',1,0,0,1,0,NULL,'2023-01-18 10:50:53','2023-01-18 10:50:53'),(212,1,'New items (Since Yesterday)','created-items','This is the list of new items since yesterday','Processes',1,0,0,1,0,NULL,'2023-01-18 10:50:53','2023-01-18 10:50:53'),(213,1,'Updated items (Since Yesterday)','modified-items','This is the list of items that received updates yesterday','Processes',1,0,0,1,0,NULL,'2023-01-18 10:50:53','2023-01-18 10:50:53'),(214,1,'All Items','all-items','Filter that shows everything','Users',1,0,0,1,0,NULL,'2023-01-18 10:50:53','2023-01-18 10:50:53'),(215,1,'Items with new comments (Since Yesterday)','new-comment','This is the list of items that have received comments since yesterday','Users',1,0,0,1,0,NULL,'2023-01-18 10:50:53','2023-01-18 10:50:53'),(216,1,'Items with new attachments (Since Yesterday)','new-attachment','This is the list of items that have received attachments since yesterday','Users',1,0,0,1,0,NULL,'2023-01-18 10:50:53','2023-01-18 10:50:53'),(217,1,'New items (Since Yesterday)','created-items','This is the list of new items since yesterday','Users',1,0,0,1,0,NULL,'2023-01-18 10:50:53','2023-01-18 10:50:53'),(218,1,'Updated items (Since Yesterday)','modified-items','This is the list of items that received updates yesterday','Users',1,0,0,1,0,NULL,'2023-01-18 10:50:53','2023-01-18 10:50:53'),(219,1,'All Items','all-items','Filter that shows everything','UserSystemLogs',1,0,0,1,0,NULL,'2023-01-18 10:50:53','2023-01-18 10:50:53'),(220,1,'All Items','all-items','Filter that shows everything','Groups',1,0,0,1,0,NULL,'2023-01-18 10:50:53','2023-01-18 10:50:53'),(221,1,'Items with new comments (Since Yesterday)','new-comment','This is the list of items that have received comments since yesterday','Groups',1,0,0,1,0,NULL,'2023-01-18 10:50:53','2023-01-18 10:50:53'),(222,1,'Items with new attachments (Since Yesterday)','new-attachment','This is the list of items that have received attachments since yesterday','Groups',1,0,0,1,0,NULL,'2023-01-18 10:50:53','2023-01-18 10:50:53'),(223,1,'New items (Since Yesterday)','created-items','This is the list of new items since yesterday','Groups',1,0,0,1,0,NULL,'2023-01-18 10:50:53','2023-01-18 10:50:53'),(224,1,'Updated items (Since Yesterday)','modified-items','This is the list of items that received updates yesterday','Groups',1,0,0,1,0,NULL,'2023-01-18 10:50:53','2023-01-18 10:50:53'),(225,1,'All Items','all-items','Filter that shows everything','ProgramScopes',1,0,0,1,0,NULL,'2023-01-18 10:50:53','2023-01-18 10:50:53'),(226,1,'Items with new comments (Since Yesterday)','new-comment','This is the list of items that have received comments since yesterday','ProgramScopes',1,0,0,1,0,NULL,'2023-01-18 10:50:53','2023-01-18 10:50:53'),(227,1,'Items with new attachments (Since Yesterday)','new-attachment','This is the list of items that have received attachments since yesterday','ProgramScopes',1,0,0,1,0,NULL,'2023-01-18 10:50:53','2023-01-18 10:50:53'),(228,1,'New items (Since Yesterday)','created-items','This is the list of new items since yesterday','ProgramScopes',1,0,0,1,0,NULL,'2023-01-18 10:50:53','2023-01-18 10:50:53'),(229,1,'Updated items (Since Yesterday)','modified-items','This is the list of items that received updates yesterday','ProgramScopes',1,0,0,1,0,NULL,'2023-01-18 10:50:53','2023-01-18 10:50:53'),(230,1,'All Items','all-items','Filter that shows everything','ProgramIssues',1,0,0,1,0,NULL,'2023-01-18 10:50:53','2023-01-18 10:50:53'),(231,1,'Items with new comments (Since Yesterday)','new-comment','This is the list of items that have received comments since yesterday','ProgramIssues',1,0,0,1,0,NULL,'2023-01-18 10:50:53','2023-01-18 10:50:53'),(232,1,'Items with new attachments (Since Yesterday)','new-attachment','This is the list of items that have received attachments since yesterday','ProgramIssues',1,0,0,1,0,NULL,'2023-01-18 10:50:53','2023-01-18 10:50:53'),(233,1,'New items (Since Yesterday)','created-items','This is the list of new items since yesterday','ProgramIssues',1,0,0,1,0,NULL,'2023-01-18 10:50:53','2023-01-18 10:50:53'),(234,1,'Updated items (Since Yesterday)','modified-items','This is the list of items that received updates yesterday','ProgramIssues',1,0,0,1,0,NULL,'2023-01-18 10:50:53','2023-01-18 10:50:53'),(235,1,'All Items','all-items','Filter that shows everything','TeamRoles',1,0,0,1,0,NULL,'2023-01-18 10:50:53','2023-01-18 10:50:53'),(236,1,'Items with new comments (Since Yesterday)','new-comment','This is the list of items that have received comments since yesterday','TeamRoles',1,0,0,1,0,NULL,'2023-01-18 10:50:53','2023-01-18 10:50:53'),(237,1,'Items with new attachments (Since Yesterday)','new-attachment','This is the list of items that have received attachments since yesterday','TeamRoles',1,0,0,1,0,NULL,'2023-01-18 10:50:53','2023-01-18 10:50:53'),(238,1,'New items (Since Yesterday)','created-items','This is the list of new items since yesterday','TeamRoles',1,0,0,1,0,NULL,'2023-01-18 10:50:53','2023-01-18 10:50:53'),(239,1,'Updated items (Since Yesterday)','modified-items','This is the list of items that received updates yesterday','TeamRoles',1,0,0,1,0,NULL,'2023-01-18 10:50:53','2023-01-18 10:50:53'),(240,1,'All Items','all-items','Filter that shows everything','Goals',1,0,0,1,0,NULL,'2023-01-18 10:50:53','2023-01-18 10:50:53'),(241,1,'Items with new comments (Since Yesterday)','new-comment','This is the list of items that have received comments since yesterday','Goals',1,0,0,1,0,NULL,'2023-01-18 10:50:53','2023-01-18 10:50:53'),(242,1,'Items with new attachments (Since Yesterday)','new-attachment','This is the list of items that have received attachments since yesterday','Goals',1,0,0,1,0,NULL,'2023-01-18 10:50:53','2023-01-18 10:50:53'),(243,1,'New items (Since Yesterday)','created-items','This is the list of new items since yesterday','Goals',1,0,0,1,0,NULL,'2023-01-18 10:50:53','2023-01-18 10:50:53'),(244,1,'Updated items (Since Yesterday)','modified-items','This is the list of items that received updates yesterday','Goals',1,0,0,1,0,NULL,'2023-01-18 10:50:53','2023-01-18 10:50:53'),(245,1,'All Items','all-items','Filter that shows everything','GoalAudits',1,0,0,1,0,NULL,'2023-01-18 10:50:53','2023-01-18 10:50:53'),(246,1,'Items with new comments (Since Yesterday)','new-comment','This is the list of items that have received comments since yesterday','GoalAudits',1,0,0,1,0,NULL,'2023-01-18 10:50:53','2023-01-18 10:50:53'),(247,1,'Items with new attachments (Since Yesterday)','new-attachment','This is the list of items that have received attachments since yesterday','GoalAudits',1,0,0,1,0,NULL,'2023-01-18 10:50:53','2023-01-18 10:50:53'),(248,1,'New items (Since Yesterday)','created-items','This is the list of new items since yesterday','GoalAudits',1,0,0,1,0,NULL,'2023-01-18 10:50:53','2023-01-18 10:50:53'),(249,1,'Updated items (Since Yesterday)','modified-items','This is the list of items that received updates yesterday','GoalAudits',1,0,0,1,0,NULL,'2023-01-18 10:50:54','2023-01-18 10:50:54'),(250,1,'All Items','all-items','Filter that shows everything','BusinessContinuityPlans',1,0,0,1,0,NULL,'2023-01-18 10:50:54','2023-01-18 10:50:54'),(251,1,'Items with new comments (Since Yesterday)','new-comment','This is the list of items that have received comments since yesterday','BusinessContinuityPlans',1,0,0,1,0,NULL,'2023-01-18 10:50:54','2023-01-18 10:50:54'),(252,1,'Items with new attachments (Since Yesterday)','new-attachment','This is the list of items that have received attachments since yesterday','BusinessContinuityPlans',1,0,0,1,0,NULL,'2023-01-18 10:50:54','2023-01-18 10:50:54'),(253,1,'New items (Since Yesterday)','created-items','This is the list of new items since yesterday','BusinessContinuityPlans',1,0,0,1,0,NULL,'2023-01-18 10:50:54','2023-01-18 10:50:54'),(254,1,'Updated items (Since Yesterday)','modified-items','This is the list of items that received updates yesterday','BusinessContinuityPlans',1,0,0,1,0,NULL,'2023-01-18 10:50:54','2023-01-18 10:50:54'),(255,1,'All Items','all-items','Filter that shows everything','BusinessContinuityPlanAudits',1,0,0,1,0,NULL,'2023-01-18 10:50:54','2023-01-18 10:50:54'),(256,1,'Items with new comments (Since Yesterday)','new-comment','This is the list of items that have received comments since yesterday','BusinessContinuityPlanAudits',1,0,0,1,0,NULL,'2023-01-18 10:50:54','2023-01-18 10:50:54'),(257,1,'Items with new attachments (Since Yesterday)','new-attachment','This is the list of items that have received attachments since yesterday','BusinessContinuityPlanAudits',1,0,0,1,0,NULL,'2023-01-18 10:50:54','2023-01-18 10:50:54'),(258,1,'New items (Since Yesterday)','created-items','This is the list of new items since yesterday','BusinessContinuityPlanAudits',1,0,0,1,0,NULL,'2023-01-18 10:50:54','2023-01-18 10:50:54'),(259,1,'Updated items (Since Yesterday)','modified-items','This is the list of items that received updates yesterday','BusinessContinuityPlanAudits',1,0,0,1,0,NULL,'2023-01-18 10:50:54','2023-01-18 10:50:54'),(260,1,'All Items','all-items','Filter that shows everything','BusinessContinuityTasks',1,0,0,1,0,NULL,'2023-01-18 10:50:54','2023-01-18 10:50:54'),(261,1,'Items with new comments (Since Yesterday)','new-comment','This is the list of items that have received comments since yesterday','BusinessContinuityTasks',1,0,0,1,0,NULL,'2023-01-18 10:50:54','2023-01-18 10:50:54'),(262,1,'Items with new attachments (Since Yesterday)','new-attachment','This is the list of items that have received attachments since yesterday','BusinessContinuityTasks',1,0,0,1,0,NULL,'2023-01-18 10:50:54','2023-01-18 10:50:54'),(263,1,'New items (Since Yesterday)','created-items','This is the list of new items since yesterday','BusinessContinuityTasks',1,0,0,1,0,NULL,'2023-01-18 10:50:54','2023-01-18 10:50:54'),(264,1,'Updated items (Since Yesterday)','modified-items','This is the list of items that received updates yesterday','BusinessContinuityTasks',1,0,0,1,0,NULL,'2023-01-18 10:50:54','2023-01-18 10:50:54'),(265,1,'All Items','all-items','Filter that shows everything','Oauth.OauthConnectors',1,0,0,1,0,NULL,'2023-01-18 10:50:54','2023-01-18 10:50:54'),(266,1,'Items with new comments (Since Yesterday)','new-comment','This is the list of items that have received comments since yesterday','Oauth.OauthConnectors',1,0,0,1,0,NULL,'2023-01-18 10:50:54','2023-01-18 10:50:54'),(267,1,'Items with new attachments (Since Yesterday)','new-attachment','This is the list of items that have received attachments since yesterday','Oauth.OauthConnectors',1,0,0,1,0,NULL,'2023-01-18 10:50:54','2023-01-18 10:50:54'),(268,1,'New items (Since Yesterday)','created-items','This is the list of new items since yesterday','Oauth.OauthConnectors',1,0,0,1,0,NULL,'2023-01-18 10:50:54','2023-01-18 10:50:54'),(269,1,'Updated items (Since Yesterday)','modified-items','This is the list of items that received updates yesterday','Oauth.OauthConnectors',1,0,0,1,0,NULL,'2023-01-18 10:50:54','2023-01-18 10:50:54'),(270,1,'All Items','all-items','Filter that shows everything','Ldap.LdapConnectors',1,0,0,1,0,NULL,'2023-01-18 10:50:54','2023-01-18 10:50:54'),(271,1,'Items with new comments (Since Yesterday)','new-comment','This is the list of items that have received comments since yesterday','Ldap.LdapConnectors',1,0,0,1,0,NULL,'2023-01-18 10:50:54','2023-01-18 10:50:54'),(272,1,'Items with new attachments (Since Yesterday)','new-attachment','This is the list of items that have received attachments since yesterday','Ldap.LdapConnectors',1,0,0,1,0,NULL,'2023-01-18 10:50:54','2023-01-18 10:50:54'),(273,1,'New items (Since Yesterday)','created-items','This is the list of new items since yesterday','Ldap.LdapConnectors',1,0,0,1,0,NULL,'2023-01-18 10:50:54','2023-01-18 10:50:54'),(274,1,'Updated items (Since Yesterday)','modified-items','This is the list of items that received updates yesterday','Ldap.LdapConnectors',1,0,0,1,0,NULL,'2023-01-18 10:50:54','2023-01-18 10:50:54'),(275,1,'All Items','all-items','Filter that shows everything','LdapSync.LdapSynchronizationSystemLogs',1,0,0,1,0,NULL,'2023-01-18 10:50:54','2023-01-18 10:50:54'),(276,1,'All Items','all-items','Filter that shows everything','Translations.Translations',1,0,0,1,0,NULL,'2023-01-18 10:50:54','2023-01-18 10:50:54'),(277,1,'Items with new comments (Since Yesterday)','new-comment','This is the list of items that have received comments since yesterday','Translations.Translations',1,0,0,1,0,NULL,'2023-01-18 10:50:54','2023-01-18 10:50:54'),(278,1,'Items with new attachments (Since Yesterday)','new-attachment','This is the list of items that have received attachments since yesterday','Translations.Translations',1,0,0,1,0,NULL,'2023-01-18 10:50:54','2023-01-18 10:50:54'),(279,1,'New items (Since Yesterday)','created-items','This is the list of new items since yesterday','Translations.Translations',1,0,0,1,0,NULL,'2023-01-18 10:50:54','2023-01-18 10:50:54'),(280,1,'Updated items (Since Yesterday)','modified-items','This is the list of items that received updates yesterday','Translations.Translations',1,0,0,1,0,NULL,'2023-01-18 10:50:54','2023-01-18 10:50:54'),(281,1,'All Items','all-items','Filter that shows everything','Saml.SamlConnectors',1,0,0,1,0,NULL,'2023-01-18 10:50:54','2023-01-18 10:50:54'),(282,1,'Items with new comments (Since Yesterday)','new-comment','This is the list of items that have received comments since yesterday','Saml.SamlConnectors',1,0,0,1,0,NULL,'2023-01-18 10:50:54','2023-01-18 10:50:54'),(283,1,'Items with new attachments (Since Yesterday)','new-attachment','This is the list of items that have received attachments since yesterday','Saml.SamlConnectors',1,0,0,1,0,NULL,'2023-01-18 10:50:54','2023-01-18 10:50:54'),(284,1,'New items (Since Yesterday)','created-items','This is the list of new items since yesterday','Saml.SamlConnectors',1,0,0,1,0,NULL,'2023-01-18 10:50:54','2023-01-18 10:50:54'),(285,1,'Updated items (Since Yesterday)','modified-items','This is the list of items that received updates yesterday','Saml.SamlConnectors',1,0,0,1,0,NULL,'2023-01-18 10:50:54','2023-01-18 10:50:54'),(286,1,'All Items','all-items','Filter that shows everything','Dashboard.DashboardReports',1,0,0,1,0,NULL,'2023-01-18 10:50:54','2023-01-18 10:50:54'),(287,1,'All Items','all-items','Filter that shows everything','Purifier.PurifierTags',1,0,0,1,0,NULL,'2023-01-18 10:50:54','2023-01-18 10:50:54'),(288,1,'All Items','all-items','Filter that shows everything','QueuedJobs',1,0,0,1,0,NULL,'2023-01-18 10:50:54','2023-01-18 10:50:54'),(289,1,'All Items','all-items','Filter that shows everything','LoginBans',1,0,0,1,0,NULL,'2023-01-18 10:50:54','2023-01-18 10:50:54'),(290,1,'test','third-party-1','Filter shows specific Third Party','CompliancePackageItems',1,0,0,1,0,NULL,'2023-01-18 10:59:01','2023-01-18 10:59:01'),(291,1,'test','third-party-1','Filter shows specific Third Party','ComplianceManagements',1,0,0,1,0,NULL,'2023-01-18 10:59:01','2023-01-18 10:59:01');
/*!40000 ALTER TABLE `advanced_filters` ENABLE KEYS */;
UNLOCK TABLES;

--
-- Table structure for table `app_notification_views`
--

DROP TABLE IF EXISTS `app_notification_views`;
/*!40101 SET @saved_cs_client     = @@character_set_client */;
/*!50503 SET character_set_client = utf8mb4 */;
CREATE TABLE `app_notification_views` (
  `id` int NOT NULL AUTO_INCREMENT,
  `user_id` int NOT NULL,
  `notifications_view` datetime NOT NULL,
  PRIMARY KEY (`id`),
  KEY `user_id` (`user_id`),
  CONSTRAINT `app_notification_views_ibfk_1` FOREIGN KEY (`user_id`) REFERENCES `users` (`id`) ON DELETE CASCADE ON UPDATE CASCADE
) ENGINE=InnoDB DEFAULT CHARSET=utf8mb4 COLLATE=utf8mb4_unicode_ci;
/*!40101 SET character_set_client = @saved_cs_client */;

--
-- Dumping data for table `app_notification_views`
--

LOCK TABLES `app_notification_views` WRITE;
/*!40000 ALTER TABLE `app_notification_views` DISABLE KEYS */;
/*!40000 ALTER TABLE `app_notification_views` ENABLE KEYS */;
UNLOCK TABLES;

--
-- Table structure for table `app_notifications`
--

DROP TABLE IF EXISTS `app_notifications`;
/*!40101 SET @saved_cs_client     = @@character_set_client */;
/*!50503 SET character_set_client = utf8mb4 */;
CREATE TABLE `app_notifications` (
  `id` int NOT NULL AUTO_INCREMENT,
  `notification` varchar(255) COLLATE utf8mb4_unicode_ci NOT NULL,
  `title` varchar(255) COLLATE utf8mb4_unicode_ci DEFAULT NULL,
  `data` text COLLATE utf8mb4_unicode_ci,
  `model` varchar(255) COLLATE utf8mb4_unicode_ci DEFAULT NULL,
  `foreign_key` int DEFAULT NULL,
  `user_id` int NOT NULL,
  `reference` varchar(255) COLLATE utf8mb4_unicode_ci DEFAULT NULL,
  `seen` tinyint(1) NOT NULL,
  `created` datetime NOT NULL,
  `modified` datetime NOT NULL,
  PRIMARY KEY (`id`),
  KEY `user_id` (`user_id`),
  KEY `created` (`created`,`user_id`,`seen`),
  KEY `reference` (`reference`),
  CONSTRAINT `app_notifications_ibfk_1` FOREIGN KEY (`user_id`) REFERENCES `users` (`id`) ON DELETE CASCADE ON UPDATE CASCADE
) ENGINE=InnoDB DEFAULT CHARSET=utf8mb4 COLLATE=utf8mb4_unicode_ci;
/*!40101 SET character_set_client = @saved_cs_client */;

--
-- Dumping data for table `app_notifications`
--

LOCK TABLES `app_notifications` WRITE;
/*!40000 ALTER TABLE `app_notifications` DISABLE KEYS */;
/*!40000 ALTER TABLE `app_notifications` ENABLE KEYS */;
UNLOCK TABLES;

--
-- Table structure for table `aros`
--

DROP TABLE IF EXISTS `aros`;
/*!40101 SET @saved_cs_client     = @@character_set_client */;
/*!50503 SET character_set_client = utf8mb4 */;
CREATE TABLE `aros` (
  `id` int NOT NULL AUTO_INCREMENT,
  `parent_id` int DEFAULT NULL,
  `model` varchar(255) COLLATE utf8mb4_unicode_ci DEFAULT NULL,
  `foreign_key` int DEFAULT NULL,
  `alias` varchar(255) COLLATE utf8mb4_unicode_ci DEFAULT NULL,
  `lft` int DEFAULT NULL,
  `rght` int DEFAULT NULL,
  PRIMARY KEY (`id`),
  KEY `alias` (`alias`),
  KEY `model` (`model`)
) ENGINE=InnoDB DEFAULT CHARSET=utf8mb4 COLLATE=utf8mb4_unicode_ci;
/*!40101 SET character_set_client = @saved_cs_client */;

--
-- Dumping data for table `aros`
--

LOCK TABLES `aros` WRITE;
/*!40000 ALTER TABLE `aros` DISABLE KEYS */;
/*!40000 ALTER TABLE `aros` ENABLE KEYS */;
UNLOCK TABLES;

--
-- Table structure for table `aros_acos`
--

DROP TABLE IF EXISTS `aros_acos`;
/*!40101 SET @saved_cs_client     = @@character_set_client */;
/*!50503 SET character_set_client = utf8mb4 */;
CREATE TABLE `aros_acos` (
  `id` int NOT NULL AUTO_INCREMENT,
  `aro_id` int NOT NULL,
  `aco_id` int NOT NULL,
  `_create` varchar(2) COLLATE utf8mb4_unicode_ci NOT NULL DEFAULT '0',
  `_read` varchar(2) COLLATE utf8mb4_unicode_ci NOT NULL DEFAULT '0',
  `_update` varchar(2) COLLATE utf8mb4_unicode_ci NOT NULL DEFAULT '0',
  `_delete` varchar(2) COLLATE utf8mb4_unicode_ci NOT NULL DEFAULT '0',
  PRIMARY KEY (`id`),
  UNIQUE KEY `aro_id` (`aro_id`,`aco_id`)
) ENGINE=InnoDB DEFAULT CHARSET=utf8mb4 COLLATE=utf8mb4_unicode_ci;
/*!40101 SET character_set_client = @saved_cs_client */;

--
-- Dumping data for table `aros_acos`
--

LOCK TABLES `aros_acos` WRITE;
/*!40000 ALTER TABLE `aros_acos` DISABLE KEYS */;
/*!40000 ALTER TABLE `aros_acos` ENABLE KEYS */;
UNLOCK TABLES;

--
-- Table structure for table `asset_classification_types`
--

DROP TABLE IF EXISTS `asset_classification_types`;
/*!40101 SET @saved_cs_client     = @@character_set_client */;
/*!50503 SET character_set_client = utf8mb4 */;
CREATE TABLE `asset_classification_types` (
  `id` int NOT NULL AUTO_INCREMENT,
  `name` varchar(255) COLLATE utf8mb4_unicode_ci NOT NULL DEFAULT '',
  `asset_classification_count` int NOT NULL,
  PRIMARY KEY (`id`)
) ENGINE=InnoDB DEFAULT CHARSET=utf8mb4 COLLATE=utf8mb4_unicode_ci;
/*!40101 SET character_set_client = @saved_cs_client */;

--
-- Dumping data for table `asset_classification_types`
--

LOCK TABLES `asset_classification_types` WRITE;
/*!40000 ALTER TABLE `asset_classification_types` DISABLE KEYS */;
/*!40000 ALTER TABLE `asset_classification_types` ENABLE KEYS */;
UNLOCK TABLES;

--
-- Table structure for table `asset_classifications`
--

DROP TABLE IF EXISTS `asset_classifications`;
/*!40101 SET @saved_cs_client     = @@character_set_client */;
/*!50503 SET character_set_client = utf8mb4 */;
CREATE TABLE `asset_classifications` (
  `id` int NOT NULL AUTO_INCREMENT,
  `name` varchar(255) COLLATE utf8mb4_unicode_ci NOT NULL DEFAULT '',
  `criteria` text COLLATE utf8mb4_unicode_ci NOT NULL,
  `value` float DEFAULT NULL,
  `asset_classification_type_id` int NOT NULL,
  `workflow_owner_id` int DEFAULT NULL,
  `workflow_status` int NOT NULL DEFAULT '0',
  `created` datetime NOT NULL,
  `modified` datetime NOT NULL,
  PRIMARY KEY (`id`),
  KEY `asset_classification_type_id` (`asset_classification_type_id`),
  CONSTRAINT `asset_classifications_ibfk_1` FOREIGN KEY (`asset_classification_type_id`) REFERENCES `asset_classification_types` (`id`) ON DELETE CASCADE ON UPDATE CASCADE
) ENGINE=InnoDB DEFAULT CHARSET=utf8mb4 COLLATE=utf8mb4_unicode_ci;
/*!40101 SET character_set_client = @saved_cs_client */;

--
-- Dumping data for table `asset_classifications`
--

LOCK TABLES `asset_classifications` WRITE;
/*!40000 ALTER TABLE `asset_classifications` DISABLE KEYS */;
/*!40000 ALTER TABLE `asset_classifications` ENABLE KEYS */;
UNLOCK TABLES;

--
-- Table structure for table `asset_classifications_assets`
--

DROP TABLE IF EXISTS `asset_classifications_assets`;
/*!40101 SET @saved_cs_client     = @@character_set_client */;
/*!50503 SET character_set_client = utf8mb4 */;
CREATE TABLE `asset_classifications_assets` (
  `id` int NOT NULL AUTO_INCREMENT,
  `asset_classification_id` int NOT NULL,
  `asset_id` int NOT NULL,
  `asset_classification_type_id` int DEFAULT NULL,
  PRIMARY KEY (`id`),
  KEY `asset_id` (`asset_id`),
  KEY `asset_classification_id` (`asset_classification_id`),
  KEY `asset_classification_type_id` (`asset_classification_type_id`),
  CONSTRAINT `asset_classifications_assets_ibfk_1` FOREIGN KEY (`asset_id`) REFERENCES `assets` (`id`) ON DELETE CASCADE ON UPDATE CASCADE,
  CONSTRAINT `asset_classifications_assets_ibfk_2` FOREIGN KEY (`asset_classification_id`) REFERENCES `asset_classifications` (`id`) ON DELETE CASCADE ON UPDATE CASCADE,
  CONSTRAINT `asset_classifications_assets_ibfk_3` FOREIGN KEY (`asset_classification_type_id`) REFERENCES `asset_classification_types` (`id`) ON DELETE CASCADE ON UPDATE CASCADE
) ENGINE=InnoDB DEFAULT CHARSET=utf8mb4 COLLATE=utf8mb4_unicode_ci;
/*!40101 SET character_set_client = @saved_cs_client */;

--
-- Dumping data for table `asset_classifications_assets`
--

LOCK TABLES `asset_classifications_assets` WRITE;
/*!40000 ALTER TABLE `asset_classifications_assets` DISABLE KEYS */;
/*!40000 ALTER TABLE `asset_classifications_assets` ENABLE KEYS */;
UNLOCK TABLES;

--
-- Table structure for table `asset_labels`
--

DROP TABLE IF EXISTS `asset_labels`;
/*!40101 SET @saved_cs_client     = @@character_set_client */;
/*!50503 SET character_set_client = utf8mb4 */;
CREATE TABLE `asset_labels` (
  `id` int NOT NULL AUTO_INCREMENT,
  `name` varchar(255) COLLATE utf8mb4_unicode_ci NOT NULL DEFAULT '',
  `description` text COLLATE utf8mb4_unicode_ci NOT NULL,
  `workflow_owner_id` int DEFAULT NULL,
  `workflow_status` int NOT NULL DEFAULT '0',
  `created` datetime NOT NULL,
  `modified` datetime NOT NULL,
  PRIMARY KEY (`id`),
  FULLTEXT KEY `name` (`name`)
) ENGINE=InnoDB DEFAULT CHARSET=utf8mb4 COLLATE=utf8mb4_unicode_ci;
/*!40101 SET character_set_client = @saved_cs_client */;

--
-- Dumping data for table `asset_labels`
--

LOCK TABLES `asset_labels` WRITE;
/*!40000 ALTER TABLE `asset_labels` DISABLE KEYS */;
/*!40000 ALTER TABLE `asset_labels` ENABLE KEYS */;
UNLOCK TABLES;

--
-- Table structure for table `asset_media_types`
--

DROP TABLE IF EXISTS `asset_media_types`;
/*!40101 SET @saved_cs_client     = @@character_set_client */;
/*!50503 SET character_set_client = utf8mb4 */;
CREATE TABLE `asset_media_types` (
  `id` int NOT NULL AUTO_INCREMENT,
  `name` varchar(100) COLLATE utf8mb4_unicode_ci NOT NULL,
  `editable` int DEFAULT '0',
  `created` datetime DEFAULT NULL,
  `modified` datetime DEFAULT NULL,
  PRIMARY KEY (`id`),
  FULLTEXT KEY `name` (`name`)
) ENGINE=InnoDB AUTO_INCREMENT=9 DEFAULT CHARSET=utf8mb4 COLLATE=utf8mb4_unicode_ci;
/*!40101 SET character_set_client = @saved_cs_client */;

--
-- Dumping data for table `asset_media_types`
--

LOCK TABLES `asset_media_types` WRITE;
/*!40000 ALTER TABLE `asset_media_types` DISABLE KEYS */;
INSERT INTO `asset_media_types` VALUES (1,'Data Asset',0,NULL,NULL),(2,'Facilities',0,NULL,NULL),(3,'People',0,NULL,NULL),(4,'Hardware',0,NULL,NULL),(5,'Software',0,NULL,NULL),(6,'IT Service',0,NULL,NULL),(7,'Network',0,NULL,NULL),(8,'Financial',0,NULL,NULL);
/*!40000 ALTER TABLE `asset_media_types` ENABLE KEYS */;
UNLOCK TABLES;

--
-- Table structure for table `asset_media_types_threats`
--

DROP TABLE IF EXISTS `asset_media_types_threats`;
/*!40101 SET @saved_cs_client     = @@character_set_client */;
/*!50503 SET character_set_client = utf8mb4 */;
CREATE TABLE `asset_media_types_threats` (
  `id` int NOT NULL AUTO_INCREMENT,
  `asset_media_type_id` int NOT NULL,
  `threat_id` int NOT NULL,
  PRIMARY KEY (`id`),
  KEY `threat_id` (`threat_id`),
  KEY `asset_media_type_id` (`asset_media_type_id`),
  CONSTRAINT `asset_media_types_threats_ibfk_1` FOREIGN KEY (`threat_id`) REFERENCES `threats` (`id`) ON DELETE CASCADE ON UPDATE CASCADE,
  CONSTRAINT `asset_media_types_threats_ibfk_2` FOREIGN KEY (`asset_media_type_id`) REFERENCES `asset_media_types` (`id`) ON DELETE CASCADE ON UPDATE CASCADE
) ENGINE=InnoDB AUTO_INCREMENT=74 DEFAULT CHARSET=utf8mb4 COLLATE=utf8mb4_unicode_ci;
/*!40101 SET character_set_client = @saved_cs_client */;

--
-- Dumping data for table `asset_media_types_threats`
--

LOCK TABLES `asset_media_types_threats` WRITE;
/*!40000 ALTER TABLE `asset_media_types_threats` DISABLE KEYS */;
INSERT INTO `asset_media_types_threats` VALUES (1,1,6),(2,1,7),(3,1,10),(4,1,16),(5,1,27),(6,2,2),(7,2,3),(8,2,18),(9,2,19),(10,2,20),(12,2,30),(13,2,31),(14,2,32),(15,3,1),(16,3,2),(17,3,3),(18,3,4),(19,3,5),(20,3,6),(21,3,7),(22,3,13),(23,3,14),(24,3,15),(25,3,16),(26,3,17),(27,3,21),(28,3,26),(29,3,27),(30,3,30),(31,3,32),(32,3,33),(33,3,34),(34,3,35),(35,4,4),(36,4,5),(37,4,14),(38,4,15),(39,5,8),(40,5,9),(41,5,10),(42,5,14),(43,5,15),(44,5,21),(45,5,22),(46,5,23),(47,5,33),(48,6,8),(49,6,9),(50,6,10),(51,6,13),(52,6,14),(53,6,15),(54,6,21),(55,6,22),(56,6,23),(57,6,26),(58,6,30),(59,6,33),(60,7,8),(61,7,9),(62,7,10),(63,7,11),(64,7,12),(65,7,14),(66,7,15),(67,7,21),(68,7,22),(69,7,24),(70,7,25),(71,7,26),(72,8,16),(73,8,27);
/*!40000 ALTER TABLE `asset_media_types_threats` ENABLE KEYS */;
UNLOCK TABLES;

--
-- Table structure for table `asset_media_types_vulnerabilities`
--

DROP TABLE IF EXISTS `asset_media_types_vulnerabilities`;
/*!40101 SET @saved_cs_client     = @@character_set_client */;
/*!50503 SET character_set_client = utf8mb4 */;
CREATE TABLE `asset_media_types_vulnerabilities` (
  `id` int NOT NULL AUTO_INCREMENT,
  `asset_media_type_id` int NOT NULL,
  `vulnerability_id` int NOT NULL,
  PRIMARY KEY (`id`),
  KEY `vulnerability_id` (`vulnerability_id`),
  KEY `asset_media_type_id` (`asset_media_type_id`),
  CONSTRAINT `asset_media_types_vulnerabilities_ibfk_1` FOREIGN KEY (`vulnerability_id`) REFERENCES `vulnerabilities` (`id`) ON DELETE CASCADE ON UPDATE CASCADE,
  CONSTRAINT `asset_media_types_vulnerabilities_ibfk_2` FOREIGN KEY (`asset_media_type_id`) REFERENCES `asset_media_types` (`id`) ON DELETE CASCADE ON UPDATE CASCADE
) ENGINE=InnoDB AUTO_INCREMENT=12 DEFAULT CHARSET=utf8mb4 COLLATE=utf8mb4_unicode_ci;
/*!40101 SET character_set_client = @saved_cs_client */;

--
-- Dumping data for table `asset_media_types_vulnerabilities`
--

LOCK TABLES `asset_media_types_vulnerabilities` WRITE;
/*!40000 ALTER TABLE `asset_media_types_vulnerabilities` DISABLE KEYS */;
INSERT INTO `asset_media_types_vulnerabilities` VALUES (1,1,2),(2,1,3),(3,3,1),(4,3,3),(5,5,2),(6,5,3),(7,6,2),(8,6,3),(9,7,3),(10,8,3),(11,8,2);
/*!40000 ALTER TABLE `asset_media_types_vulnerabilities` ENABLE KEYS */;
UNLOCK TABLES;

--
-- Table structure for table `assets`
--

DROP TABLE IF EXISTS `assets`;
/*!40101 SET @saved_cs_client     = @@character_set_client */;
/*!50503 SET character_set_client = utf8mb4 */;
CREATE TABLE `assets` (
  `id` int NOT NULL AUTO_INCREMENT,
  `name` varchar(255) COLLATE utf8mb4_unicode_ci NOT NULL DEFAULT '',
  `description` text COLLATE utf8mb4_unicode_ci NOT NULL,
  `asset_label_id` int DEFAULT NULL,
  `asset_media_type_id` int DEFAULT NULL,
  `asset_owner_id` int DEFAULT NULL,
  `asset_guardian_id` int DEFAULT NULL,
  `asset_user_id` int DEFAULT NULL,
  `review` date NOT NULL,
  `expired_reviews` int NOT NULL DEFAULT '0',
  `security_incident_open_count` int NOT NULL,
  `workflow_owner_id` int DEFAULT NULL,
  `workflow_status` int NOT NULL DEFAULT '0',
  `created` datetime NOT NULL,
  `modified` datetime NOT NULL,
  `edited` datetime DEFAULT NULL,
  `deleted` int NOT NULL DEFAULT '0',
  `deleted_date` datetime DEFAULT NULL,
  PRIMARY KEY (`id`),
  KEY `asset_media_type_id` (`asset_media_type_id`),
  KEY `asset_label_id` (`asset_label_id`),
  KEY `asset_guardian_id` (`asset_guardian_id`),
  KEY `asset_user_id` (`asset_user_id`),
  KEY `asset_owner_id` (`asset_owner_id`),
  FULLTEXT KEY `name` (`name`),
  CONSTRAINT `assets_ibfk_1` FOREIGN KEY (`asset_media_type_id`) REFERENCES `asset_media_types` (`id`) ON DELETE SET NULL ON UPDATE CASCADE,
  CONSTRAINT `assets_ibfk_2` FOREIGN KEY (`asset_label_id`) REFERENCES `asset_labels` (`id`) ON DELETE SET NULL ON UPDATE CASCADE,
  CONSTRAINT `assets_ibfk_3` FOREIGN KEY (`asset_guardian_id`) REFERENCES `business_units` (`id`) ON DELETE SET NULL ON UPDATE CASCADE,
  CONSTRAINT `assets_ibfk_4` FOREIGN KEY (`asset_user_id`) REFERENCES `business_units` (`id`) ON DELETE SET NULL ON UPDATE CASCADE,
  CONSTRAINT `assets_ibfk_5` FOREIGN KEY (`asset_owner_id`) REFERENCES `business_units` (`id`) ON DELETE SET NULL ON UPDATE CASCADE
) ENGINE=InnoDB DEFAULT CHARSET=utf8mb4 COLLATE=utf8mb4_unicode_ci;
/*!40101 SET character_set_client = @saved_cs_client */;

--
-- Dumping data for table `assets`
--

LOCK TABLES `assets` WRITE;
/*!40000 ALTER TABLE `assets` DISABLE KEYS */;
/*!40000 ALTER TABLE `assets` ENABLE KEYS */;
UNLOCK TABLES;

--
-- Table structure for table `assets_business_units`
--

DROP TABLE IF EXISTS `assets_business_units`;
/*!40101 SET @saved_cs_client     = @@character_set_client */;
/*!50503 SET character_set_client = utf8mb4 */;
CREATE TABLE `assets_business_units` (
  `id` int NOT NULL AUTO_INCREMENT,
  `asset_id` int NOT NULL,
  `business_unit_id` int NOT NULL,
  PRIMARY KEY (`id`),
  KEY `business_unit_id` (`business_unit_id`),
  KEY `asset_id` (`asset_id`),
  CONSTRAINT `assets_business_units_ibfk_1` FOREIGN KEY (`business_unit_id`) REFERENCES `business_units` (`id`) ON DELETE CASCADE ON UPDATE CASCADE,
  CONSTRAINT `assets_business_units_ibfk_2` FOREIGN KEY (`asset_id`) REFERENCES `assets` (`id`) ON DELETE CASCADE ON UPDATE CASCADE
) ENGINE=InnoDB DEFAULT CHARSET=utf8mb4 COLLATE=utf8mb4_unicode_ci;
/*!40101 SET character_set_client = @saved_cs_client */;

--
-- Dumping data for table `assets_business_units`
--

LOCK TABLES `assets_business_units` WRITE;
/*!40000 ALTER TABLE `assets_business_units` DISABLE KEYS */;
/*!40000 ALTER TABLE `assets_business_units` ENABLE KEYS */;
UNLOCK TABLES;

--
-- Table structure for table `assets_compliance_managements`
--

DROP TABLE IF EXISTS `assets_compliance_managements`;
/*!40101 SET @saved_cs_client     = @@character_set_client */;
/*!50503 SET character_set_client = utf8mb4 */;
CREATE TABLE `assets_compliance_managements` (
  `id` int NOT NULL AUTO_INCREMENT,
  `asset_id` int NOT NULL,
  `compliance_management_id` int NOT NULL,
  PRIMARY KEY (`id`),
  KEY `compliance_management_id` (`compliance_management_id`),
  KEY `asset_id` (`asset_id`),
  CONSTRAINT `assets_compliance_managements_ibfk_1` FOREIGN KEY (`compliance_management_id`) REFERENCES `compliance_managements` (`id`) ON DELETE CASCADE ON UPDATE CASCADE,
  CONSTRAINT `assets_compliance_managements_ibfk_2` FOREIGN KEY (`asset_id`) REFERENCES `assets` (`id`) ON DELETE CASCADE ON UPDATE CASCADE
) ENGINE=InnoDB DEFAULT CHARSET=utf8mb4 COLLATE=utf8mb4_unicode_ci;
/*!40101 SET character_set_client = @saved_cs_client */;

--
-- Dumping data for table `assets_compliance_managements`
--

LOCK TABLES `assets_compliance_managements` WRITE;
/*!40000 ALTER TABLE `assets_compliance_managements` DISABLE KEYS */;
/*!40000 ALTER TABLE `assets_compliance_managements` ENABLE KEYS */;
UNLOCK TABLES;

--
-- Table structure for table `assets_legals`
--

DROP TABLE IF EXISTS `assets_legals`;
/*!40101 SET @saved_cs_client     = @@character_set_client */;
/*!50503 SET character_set_client = utf8mb4 */;
CREATE TABLE `assets_legals` (
  `id` int NOT NULL AUTO_INCREMENT,
  `asset_id` int NOT NULL,
  `legal_id` int NOT NULL,
  PRIMARY KEY (`id`),
  KEY `legal_id` (`legal_id`),
  KEY `asset_id` (`asset_id`),
  CONSTRAINT `assets_legals_ibfk_1` FOREIGN KEY (`legal_id`) REFERENCES `legals` (`id`) ON DELETE CASCADE ON UPDATE CASCADE,
  CONSTRAINT `assets_legals_ibfk_2` FOREIGN KEY (`asset_id`) REFERENCES `assets` (`id`) ON DELETE CASCADE ON UPDATE CASCADE
) ENGINE=InnoDB DEFAULT CHARSET=utf8mb4 COLLATE=utf8mb4_unicode_ci;
/*!40101 SET character_set_client = @saved_cs_client */;

--
-- Dumping data for table `assets_legals`
--

LOCK TABLES `assets_legals` WRITE;
/*!40000 ALTER TABLE `assets_legals` DISABLE KEYS */;
/*!40000 ALTER TABLE `assets_legals` ENABLE KEYS */;
UNLOCK TABLES;

--
-- Table structure for table `assets_policy_exceptions`
--

DROP TABLE IF EXISTS `assets_policy_exceptions`;
/*!40101 SET @saved_cs_client     = @@character_set_client */;
/*!50503 SET character_set_client = utf8mb4 */;
CREATE TABLE `assets_policy_exceptions` (
  `id` int NOT NULL AUTO_INCREMENT,
  `asset_id` int NOT NULL,
  `policy_exception_id` int NOT NULL,
  PRIMARY KEY (`id`),
  KEY `policy_exception_id` (`policy_exception_id`),
  KEY `asset_id` (`asset_id`),
  CONSTRAINT `assets_policy_exceptions_ibfk_1` FOREIGN KEY (`policy_exception_id`) REFERENCES `policy_exceptions` (`id`) ON DELETE CASCADE ON UPDATE CASCADE,
  CONSTRAINT `assets_policy_exceptions_ibfk_2` FOREIGN KEY (`asset_id`) REFERENCES `assets` (`id`) ON DELETE CASCADE ON UPDATE CASCADE
) ENGINE=InnoDB DEFAULT CHARSET=utf8mb4 COLLATE=utf8mb4_unicode_ci;
/*!40101 SET character_set_client = @saved_cs_client */;

--
-- Dumping data for table `assets_policy_exceptions`
--

LOCK TABLES `assets_policy_exceptions` WRITE;
/*!40000 ALTER TABLE `assets_policy_exceptions` DISABLE KEYS */;
/*!40000 ALTER TABLE `assets_policy_exceptions` ENABLE KEYS */;
UNLOCK TABLES;

--
-- Table structure for table `assets_related`
--

DROP TABLE IF EXISTS `assets_related`;
/*!40101 SET @saved_cs_client     = @@character_set_client */;
/*!50503 SET character_set_client = utf8mb4 */;
CREATE TABLE `assets_related` (
  `id` int NOT NULL AUTO_INCREMENT,
  `asset_id` int NOT NULL,
  `asset_related_id` int NOT NULL,
  `created` datetime NOT NULL,
  PRIMARY KEY (`id`),
  KEY `asset_related_id` (`asset_related_id`),
  KEY `asset_id` (`asset_id`),
  CONSTRAINT `assets_related_ibfk_1` FOREIGN KEY (`asset_related_id`) REFERENCES `assets` (`id`) ON DELETE CASCADE ON UPDATE CASCADE,
  CONSTRAINT `assets_related_ibfk_2` FOREIGN KEY (`asset_id`) REFERENCES `assets` (`id`) ON DELETE CASCADE ON UPDATE CASCADE
) ENGINE=InnoDB DEFAULT CHARSET=utf8mb4 COLLATE=utf8mb4_unicode_ci;
/*!40101 SET character_set_client = @saved_cs_client */;

--
-- Dumping data for table `assets_related`
--

LOCK TABLES `assets_related` WRITE;
/*!40000 ALTER TABLE `assets_related` DISABLE KEYS */;
/*!40000 ALTER TABLE `assets_related` ENABLE KEYS */;
UNLOCK TABLES;

--
-- Table structure for table `assets_risks`
--

DROP TABLE IF EXISTS `assets_risks`;
/*!40101 SET @saved_cs_client     = @@character_set_client */;
/*!50503 SET character_set_client = utf8mb4 */;
CREATE TABLE `assets_risks` (
  `id` int NOT NULL AUTO_INCREMENT,
  `asset_id` int NOT NULL,
  `risk_id` int NOT NULL,
  PRIMARY KEY (`id`),
  KEY `risk_id` (`risk_id`),
  KEY `asset_id` (`asset_id`),
  CONSTRAINT `assets_risks_ibfk_1` FOREIGN KEY (`risk_id`) REFERENCES `risks` (`id`) ON DELETE CASCADE ON UPDATE CASCADE,
  CONSTRAINT `assets_risks_ibfk_2` FOREIGN KEY (`asset_id`) REFERENCES `assets` (`id`) ON DELETE CASCADE ON UPDATE CASCADE
) ENGINE=InnoDB DEFAULT CHARSET=utf8mb4 COLLATE=utf8mb4_unicode_ci;
/*!40101 SET character_set_client = @saved_cs_client */;

--
-- Dumping data for table `assets_risks`
--

LOCK TABLES `assets_risks` WRITE;
/*!40000 ALTER TABLE `assets_risks` DISABLE KEYS */;
/*!40000 ALTER TABLE `assets_risks` ENABLE KEYS */;
UNLOCK TABLES;

--
-- Table structure for table `assets_security_incidents`
--

DROP TABLE IF EXISTS `assets_security_incidents`;
/*!40101 SET @saved_cs_client     = @@character_set_client */;
/*!50503 SET character_set_client = utf8mb4 */;
CREATE TABLE `assets_security_incidents` (
  `id` int NOT NULL AUTO_INCREMENT,
  `asset_id` int NOT NULL,
  `security_incident_id` int NOT NULL,
  `created` datetime NOT NULL,
  PRIMARY KEY (`id`),
  KEY `security_incident_id` (`security_incident_id`),
  KEY `asset_id` (`asset_id`),
  CONSTRAINT `assets_security_incidents_ibfk_1` FOREIGN KEY (`security_incident_id`) REFERENCES `security_incidents` (`id`) ON DELETE CASCADE ON UPDATE CASCADE,
  CONSTRAINT `assets_security_incidents_ibfk_2` FOREIGN KEY (`asset_id`) REFERENCES `assets` (`id`) ON DELETE CASCADE ON UPDATE CASCADE
) ENGINE=InnoDB DEFAULT CHARSET=utf8mb4 COLLATE=utf8mb4_unicode_ci;
/*!40101 SET character_set_client = @saved_cs_client */;

--
-- Dumping data for table `assets_security_incidents`
--

LOCK TABLES `assets_security_incidents` WRITE;
/*!40000 ALTER TABLE `assets_security_incidents` DISABLE KEYS */;
/*!40000 ALTER TABLE `assets_security_incidents` ENABLE KEYS */;
UNLOCK TABLES;

--
-- Table structure for table `assets_third_party_risks`
--

DROP TABLE IF EXISTS `assets_third_party_risks`;
/*!40101 SET @saved_cs_client     = @@character_set_client */;
/*!50503 SET character_set_client = utf8mb4 */;
CREATE TABLE `assets_third_party_risks` (
  `id` int NOT NULL AUTO_INCREMENT,
  `asset_id` int NOT NULL,
  `third_party_risk_id` int NOT NULL,
  PRIMARY KEY (`id`),
  KEY `asset_id` (`asset_id`),
  KEY `third_party_risk_id` (`third_party_risk_id`),
  CONSTRAINT `assets_third_party_risks_ibfk_1` FOREIGN KEY (`asset_id`) REFERENCES `assets` (`id`) ON DELETE CASCADE ON UPDATE CASCADE,
  CONSTRAINT `assets_third_party_risks_ibfk_2` FOREIGN KEY (`third_party_risk_id`) REFERENCES `third_party_risks` (`id`) ON DELETE CASCADE ON UPDATE CASCADE
) ENGINE=InnoDB DEFAULT CHARSET=utf8mb4 COLLATE=utf8mb4_unicode_ci;
/*!40101 SET character_set_client = @saved_cs_client */;

--
-- Dumping data for table `assets_third_party_risks`
--

LOCK TABLES `assets_third_party_risks` WRITE;
/*!40000 ALTER TABLE `assets_third_party_risks` DISABLE KEYS */;
/*!40000 ALTER TABLE `assets_third_party_risks` ENABLE KEYS */;
UNLOCK TABLES;

--
-- Table structure for table `attachments`
--

DROP TABLE IF EXISTS `attachments`;
/*!40101 SET @saved_cs_client     = @@character_set_client */;
/*!50503 SET character_set_client = utf8mb4 */;
CREATE TABLE `attachments` (
  `id` int NOT NULL AUTO_INCREMENT,
  `type` int NOT NULL DEFAULT '1',
  `hash` varchar(255) COLLATE utf8mb4_unicode_ci NOT NULL,
  `model` varchar(45) COLLATE utf8mb4_unicode_ci NOT NULL,
  `foreign_key` int DEFAULT NULL,
  `name` text COLLATE utf8mb4_unicode_ci,
  `filename` text COLLATE utf8mb4_unicode_ci NOT NULL,
  `extension` varchar(155) COLLATE utf8mb4_unicode_ci NOT NULL,
  `mime_type` varchar(155) COLLATE utf8mb4_unicode_ci NOT NULL,
  `file_size` int NOT NULL,
  `description` text COLLATE utf8mb4_unicode_ci NOT NULL,
  `user_id` int DEFAULT NULL,
  `latest` int NOT NULL DEFAULT '0',
  `created` datetime NOT NULL,
  `modified` datetime NOT NULL,
  PRIMARY KEY (`id`),
  KEY `user_id` (`user_id`),
  CONSTRAINT `attachments_ibfk_1` FOREIGN KEY (`user_id`) REFERENCES `users` (`id`) ON DELETE SET NULL ON UPDATE RESTRICT
) ENGINE=InnoDB DEFAULT CHARSET=utf8mb4 COLLATE=utf8mb4_unicode_ci;
/*!40101 SET character_set_client = @saved_cs_client */;

--
-- Dumping data for table `attachments`
--

LOCK TABLES `attachments` WRITE;
/*!40000 ALTER TABLE `attachments` DISABLE KEYS */;
/*!40000 ALTER TABLE `attachments` ENABLE KEYS */;
UNLOCK TABLES;

--
-- Table structure for table `audit_deltas`
--

DROP TABLE IF EXISTS `audit_deltas`;
/*!40101 SET @saved_cs_client     = @@character_set_client */;
/*!50503 SET character_set_client = utf8mb4 */;
CREATE TABLE `audit_deltas` (
  `id` char(36) COLLATE utf8mb4_unicode_ci NOT NULL,
  `audit_id` char(36) COLLATE utf8mb4_unicode_ci NOT NULL,
  `property_name` varchar(255) COLLATE utf8mb4_unicode_ci NOT NULL,
  `old_value` text COLLATE utf8mb4_unicode_ci,
  `new_value` text COLLATE utf8mb4_unicode_ci,
  PRIMARY KEY (`id`),
  KEY `audit_id` (`audit_id`),
  CONSTRAINT `audit_deltas_ibfk_1` FOREIGN KEY (`audit_id`) REFERENCES `audits` (`id`) ON DELETE CASCADE ON UPDATE CASCADE
) ENGINE=InnoDB DEFAULT CHARSET=utf8mb4 COLLATE=utf8mb4_unicode_ci;
/*!40101 SET character_set_client = @saved_cs_client */;

--
-- Dumping data for table `audit_deltas`
--

LOCK TABLES `audit_deltas` WRITE;
/*!40000 ALTER TABLE `audit_deltas` DISABLE KEYS */;
INSERT INTO `audit_deltas` VALUES ('0031ad0d-0fd3-4ded-b907-9ea690ea2d2d','1a855041-525e-413c-b004-e5b41a48aa52','package_id',NULL,'3'),('00680c8f-5370-4cee-9a59-ff246cc6e57b','64883c32-f735-4d60-b3a4-d5085537038f','description',NULL,''),('006d1a22-51f3-47eb-99e7-fda85b3e1bd5','e9631299-6e38-48cd-ac60-7bca3825240f','compliance_treatment_strategy_id',NULL,NULL),('009260db-c742-4ef8-a3d7-c3721e20f54b','19ee58ea-210f-49b5-a55a-3d1e0e8e979e','compliance_package_regulator_id',NULL,'1'),('00bd7f41-e779-43bb-9c94-5496c3d6f67d','660511c2-cfae-4625-9e89-e57f199187a3','package_id',NULL,'5'),('00ccc6bd-1519-422d-95a4-45e38b7270bc','4aa50cb2-2ca8-4c7d-ad83-34c385f7d552','description',NULL,'Voortdurend proces'),('00ec0aee-d7e7-454d-ae01-d2ff21c36971','0ee5e719-bd17-4cd6-a495-c41d5ca66594','compliance_exceptions',NULL,NULL),('01750a42-287e-4c0e-bbdb-04ead9084c36','5e071125-beed-420a-b981-c2be69e97bec','item_id',NULL,'2.2.3'),('01ec4410-6460-4f87-88eb-66b316111293','bc29d9eb-a010-4868-a802-01dbbabcd32d','risks',NULL,NULL),('0261806a-d292-4943-92ae-c753c3b1b866','c3ba6fc7-6e31-4d7c-914e-9b4ff7d7563f','name',NULL,'Regularly test security systems and processes.'),('0274d61b-a43c-4ee9-9c12-6a20e91b5b83','1e855519-011b-4401-ac07-2c7e1c4e219f','id',NULL,'3'),('0324bdb4-5325-48d0-8ebd-cbd391f1ccba','660511c2-cfae-4625-9e89-e57f199187a3','description',NULL,'Voortdurend proces'),('0329d92a-afff-4c7a-a6d0-8f5e7185f3f9','19263c3f-ff32-4560-8bae-10a395ef719e','owners',NULL,NULL),('04c0ff06-eb63-4e8c-92b2-d8423c4dc995','427ea6c6-d9db-4e12-810c-75d8581fe438','id',NULL,'6'),('05a84b6e-db82-4bc8-90f7-77f5705db880','4d4e725a-9916-4bcc-b530-c950998422b0','owners',NULL,NULL),('05a9caef-b3cf-4587-803f-35fb46fd7a6e','476d5b08-bfa2-4240-9890-367e1a2fc2ba','business_continuities',NULL,NULL),('05cbeef6-e4bb-4584-930e-45d1a39d6d20','0048b05e-f2cd-4f8a-800a-6bf57e264a45','compliance_analysis_findings',NULL,NULL),('06820473-8aff-433a-8a69-8f6c14c9e17a','3bf3d8dc-c6d9-4019-acdf-d398511bf1b5','audit_questionaire',NULL,'NA'),('06979eaa-b8a9-499c-82ce-e467e1f33ef2','993cc4a9-c85d-486d-942e-8d5b8c874fd6','compliance_treatment_strategy_id',NULL,NULL),('069ac621-f41a-46ff-af6f-097e6c0c4345','60f6c13d-eefc-4bce-8048-5aca700c8d68','business_continuities',NULL,NULL),('06bf5b57-a0ad-4aa7-97dd-a0305b43898b','7c6086c8-ed8e-4b89-8851-ed824c1a57a2','description',NULL,''),('07ac6fad-d28a-4f25-a934-2f285bf01255','00c10454-7fc8-48fa-bb14-efb241758980','third_party_risks',NULL,NULL),('07fd30e0-174f-4abe-8c37-9c390a3e5b42','0048b05e-f2cd-4f8a-800a-6bf57e264a45','id',NULL,'11'),('08256241-f0ac-483f-95c3-f1ce3c88ca5b','ea8ed1e1-b0bd-4594-8599-8b9e9f096b4e','assets',NULL,NULL),('08556590-596b-4696-9a70-a77337be4d23','4f1488d9-88fe-407b-91c8-b530d02bf96d','item_id',NULL,'1.1.3'),('09f90168-f3d5-4707-b7f7-23215a8bba49','b1ad8471-bacc-42c3-9823-c16da0bc40c4','description',NULL,''),('0a0a36bd-72b0-469f-90c4-1aa7fbe4506e','e9631299-6e38-48cd-ac60-7bca3825240f','compliance_analysis_findings',NULL,NULL),('0a0f9aed-a106-4cce-b9ab-6d292b149c89','211f85de-c859-4b6d-ba18-0f6b8829a9d2','projects',NULL,NULL),('0a4718c1-40ea-43a3-8a18-39007e450ef1','476d5b08-bfa2-4240-9890-367e1a2fc2ba','compliance_analysis_findings',NULL,NULL),('0a78cb8f-9d3a-44fd-9511-e422a6fdffba','e9631299-6e38-48cd-ac60-7bca3825240f','efficacy',NULL,'0'),('0ae914e3-ad22-42c5-85e4-dd7046af09c2','4347ae81-9af1-4355-a880-300433c53862','efficacy',NULL,'0'),('0af3c240-7927-4d60-80ae-2dce94dac333','86c329a2-673a-4a93-87c2-cbc5335e3060','name',NULL,'Always change vendor-supplied defaults and remove or disable unnecessary default accounts before installing a system on the network. This applies to ALL default passwords including but not limited to those used by operating systems software that provides security services application and system accounts point-of-sale(POS) terminals payment applications Simple Network Management Protocol(SNMP) community strings etc.).'),('0b1f1df8-854c-42f5-a1cf-6ef2424acf31','c7461e5f-dac8-40ad-8a27-0e8311870f30','compliance_exceptions',NULL,NULL),('0b7976d2-3899-422f-99f1-fa1163c5dbf4','4f1488d9-88fe-407b-91c8-b530d02bf96d','description',NULL,'NA'),('0baeab45-190d-4e4a-9f10-5ce539765682','09831c28-cfff-4e3a-a724-8f1f7fd78e18','item_id',NULL,'6.4.6'),('0bd02648-5ddf-48d1-a5e4-93a4031a50ac','505c3cc4-9eba-460d-8b1e-c1d61c142baf','id',NULL,'6'),('0c16d5e0-4f70-465b-8326-2fc30e771c83','9a352715-a7a0-40fd-a441-44989a236f23','id',NULL,'24'),('0d4f1636-cb1c-42aa-921b-0f7bd8186c16','01566f7b-e7a9-4980-869a-a94c2aa23118','assets',NULL,NULL),('0d675921-b9cd-4a6c-bf81-898a4e096d04','c37007cf-67c9-47d2-8be5-9ee046bbe6b6','compliance_treatment_strategy_id',NULL,NULL),('0d74f0bd-a53c-4f6e-b573-3c84ac537499','64883c32-f735-4d60-b3a4-d5085537038f','compliance_treatment_strategy_id',NULL,NULL),('0dd5d797-8941-4a54-96e0-f043ca4d700e','505c3cc4-9eba-460d-8b1e-c1d61c142baf','description',NULL,'NA'),('0e33b40f-368f-4411-843f-d58fbb2fefbd','4d4e725a-9916-4bcc-b530-c950998422b0','id',NULL,'26'),('0e7645d7-51f9-4ba8-953c-0d1d94ddcfcd','6456dd9b-b455-4192-a16d-f50ff469777c','security_services',NULL,NULL),('0ee0ffb1-7dab-4036-8c0f-680ff9ef6fa6','fcf434db-25b5-4be6-ae1f-e857a4cf1975','audit_questionaire',NULL,'NA'),('0f01aa3c-b95c-46f6-9e54-b000319b3207','476d5b08-bfa2-4240-9890-367e1a2fc2ba','third_party_risks',NULL,NULL),('1081afe8-e719-4b6c-8e2e-0d911ea7ecf4','23d3be9e-ced1-4881-865f-ae5a801cc240','risks',NULL,NULL),('10b7ef57-71ee-4d33-91f1-d15cbbbd7641','846945c8-d8a1-47a2-b91a-d25999cee2ae','owners',NULL,NULL),('10bcbec1-8454-4ebe-bcdf-5a7c1e10392d','bc29d9eb-a010-4868-a802-01dbbabcd32d','compliance_treatment_strategy_id',NULL,NULL),('10e6b334-f3fc-4832-aeb3-3b2b9477ccbd','4f1488d9-88fe-407b-91c8-b530d02bf96d','audit_questionaire',NULL,'NA'),('1100cc1e-1fbb-4aae-91ec-9c3b065f40ef','1426ecf2-eeea-4cbe-b0e1-0ab6e09d2927','description',NULL,'NA'),('1135aa3c-790b-407a-9877-65a94a72b34b','0ee5e719-bd17-4cd6-a495-c41d5ca66594','projects',NULL,NULL),('11826a72-201a-4365-81af-237a97e06086','ea8ed1e1-b0bd-4594-8599-8b9e9f096b4e','compliance_package_item_id',NULL,'1'),('11e167f9-0d25-43ff-ae60-dedc9195b850','b1ad8471-bacc-42c3-9823-c16da0bc40c4','assets',NULL,NULL),('11ec9223-4b14-4e9b-b184-1e827c589b05','adace978-256d-4372-8040-ab778b828374','package_id',NULL,'1'),('11f51f23-b970-4340-a437-12d39e0f1b8d','993cc4a9-c85d-486d-942e-8d5b8c874fd6','owners',NULL,NULL),('122b0654-c0d7-47d3-a27e-f8ef0e332606','e9631299-6e38-48cd-ac60-7bca3825240f','security_services',NULL,NULL),('122bad6c-8128-4355-b180-73ac12998e5d','01566f7b-e7a9-4980-869a-a94c2aa23118','compliance_analysis_findings',NULL,NULL),('13515d65-7ba9-4be7-8d83-ac69c074ff1b','19263c3f-ff32-4560-8bae-10a395ef719e','language',NULL,'en'),('13cce390-674c-4574-90d6-573b59914a20','660511c2-cfae-4625-9e89-e57f199187a3','name',NULL,'Protect all systems against malware and regularly update anti-virus software or programs'),('14411091-c739-4685-90de-414cfb5f6c03','64883c32-f735-4d60-b3a4-d5085537038f','projects',NULL,NULL),('156746c8-39f4-4393-b728-ef2766e7e966','660511c2-cfae-4625-9e89-e57f199187a3','compliance_package_regulator_id',NULL,'1'),('167fb34a-8d5e-4dee-9d33-a7db6364829b','4d4e725a-9916-4bcc-b530-c950998422b0','compliance_exceptions',NULL,NULL),('16f4f02b-f96a-48de-bfc8-d5827cf8d1c4','88c23ffe-56ab-49ce-aaea-1aec24c9d767','audit_questionaire',NULL,'NA'),('178ef6ec-ed8e-4bf2-91d0-90c1f13ddbc3','86c329a2-673a-4a93-87c2-cbc5335e3060','item_id',NULL,'2.1.0'),('180cfc1c-8a00-45a4-8ee4-34c0b36be06b','408649b7-5162-487e-aadc-1e04525df7ec','item_id',NULL,'6.7.0'),('18a1c2dd-56c1-479f-b726-e64d386d9dce','7c6086c8-ed8e-4b89-8851-ed824c1a57a2','compliance_treatment_strategy_id',NULL,NULL),('18c28ad5-dd13-40a8-8951-eb9b2a661e4a','4cef499d-d341-4ae6-8840-b650b1eef0a3','compliance_package_item_id',NULL,'4'),('197b23c8-1f59-4b49-adea-fda99ce9b009','5c25c694-1fa8-4b2c-bf63-a77c2e323697','audit_questionaire',NULL,'NA'),('1a2af4a4-0986-42db-8805-e6c77ee513e3','c7461e5f-dac8-40ad-8a27-0e8311870f30','third_party_risks',NULL,NULL),('1a43286e-bc7a-4c15-bfc3-c29a4e5a66dc','c3ba6fc7-6e31-4d7c-914e-9b4ff7d7563f','description',NULL,'Na blenagrijke wijziging'),('1a936995-b506-4a92-8d60-bb2635dd4768','e99adfe2-1a20-4c12-b66c-c3bf2d2502d5','description',NULL,'NA'),('1aa2d6a7-325b-4a7d-a3c1-c6e92f6cfa2e','b1ad8471-bacc-42c3-9823-c16da0bc40c4','compliance_analysis_findings',NULL,NULL),('1aa9b92a-2fa5-4f50-b19b-8a9f03b891dc','22a5f295-6249-45ce-b52a-32c2757763f7','compliance_package_id',NULL,'2'),('1b0e1ee6-302a-4040-a911-baca72fbf167','e99adfe2-1a20-4c12-b66c-c3bf2d2502d5','compliance_package_id',NULL,'6'),('1b3b90c3-e442-4120-b45b-d971177d509b','476d5b08-bfa2-4240-9890-367e1a2fc2ba','efficacy',NULL,'0'),('1bc5fa51-bd4b-4b80-a70b-6182b4497fb1','e9631299-6e38-48cd-ac60-7bca3825240f','third_party_risks',NULL,NULL),('1bf5773b-c796-474a-a4ab-6cb2f191030b','c587b2f4-3133-4a88-a144-5a71af42303b','description',NULL,'NA'),('1c1eed6c-e9f7-4e6f-977e-de3bb40b11f7','6456dd9b-b455-4192-a16d-f50ff469777c','compliance_treatment_strategy_id',NULL,NULL),('1c4866ed-19fc-41c8-bc36-818798d81cdd','7c6086c8-ed8e-4b89-8851-ed824c1a57a2','efficacy',NULL,'0'),('1d0049f2-28fe-4ca2-a16d-4735a90d327b','4347ae81-9af1-4355-a880-300433c53862','risks',NULL,NULL),('1d09ce47-ccc2-49b1-9774-279507ddbf82','846945c8-d8a1-47a2-b91a-d25999cee2ae','efficacy',NULL,'0'),('1d7cbf36-cebd-4105-96b8-f00015211743','bc29d9eb-a010-4868-a802-01dbbabcd32d','compliance_exceptions',NULL,NULL),('1e28dd5a-de69-4bb1-8941-ae4ae70d8abf','00c10454-7fc8-48fa-bb14-efb241758980','compliance_package_item_id',NULL,'7'),('1e74a0e4-9d1b-4771-989c-6e5c352556e5','3bf3d8dc-c6d9-4019-acdf-d398511bf1b5','compliance_package_id',NULL,'8'),('1e8e9708-a5ea-4ac8-b765-68e46f60c6f8','dadf7ee8-8c07-442a-b134-dad61365304c','owners',NULL,NULL),('1f46731f-3a07-4055-8ff3-84646559d13a','c3ba6fc7-6e31-4d7c-914e-9b4ff7d7563f','compliance_package_regulator_id',NULL,'1'),('1f50876d-1439-42b7-8394-a654c7c0483e','adace978-256d-4372-8040-ab778b828374','compliance_package_regulator_id',NULL,'1'),('1fb84a6f-7d2a-4107-933e-19b0433fd07b','aa83a032-22e6-41d8-86ed-9a9d32f01028','owners',NULL,NULL),('1ff05004-24f1-4f50-89a5-06ca4043430b','1fcc1ec4-1fe8-4c1e-b255-249d6ad4e6dd','compliance_analysis_findings',NULL,NULL),('20a57157-ec03-4d68-8afc-f863f9ae0987','e9631299-6e38-48cd-ac60-7bca3825240f','legal_id',NULL,NULL),('20ae4122-b73f-4014-b5ab-f32424820572','0ee5e719-bd17-4cd6-a495-c41d5ca66594','business_continuities',NULL,NULL),('21211e61-1246-416f-8fda-7c79a1587f44','bc29d9eb-a010-4868-a802-01dbbabcd32d','security_services',NULL,NULL),('213d7a2a-8973-4373-83e1-2d4e84e82274','3bf3d8dc-c6d9-4019-acdf-d398511bf1b5','item_id',NULL,'8.8.0'),('21f86838-d2f2-4819-ad70-9a0ef37dfd29','d6cc3a42-d372-405e-80c6-27c33f9d0043','compliance_treatment_strategy_id',NULL,NULL),('2230f2eb-e438-4c5b-a12d-77bd389e28a6','846945c8-d8a1-47a2-b91a-d25999cee2ae','compliance_analysis_findings',NULL,NULL),('225e3ef7-1f1d-4ccb-927d-89bf0c28be3d','4347ae81-9af1-4355-a880-300433c53862','compliance_analysis_findings',NULL,NULL),('235d535f-0fb8-4acf-8c5b-25be5a8c88a5','0c6095dc-551d-4592-9a0b-61e1367ef557','business_continuities',NULL,NULL),('2362ac6c-2be3-4051-bd60-8a54c757e080','1e855519-011b-4401-ac07-2c7e1c4e219f','item_id',NULL,'1.5.0'),('23b1f02f-d893-443f-be89-dc8571599983','5e071125-beed-420a-b981-c2be69e97bec','compliance_package_id',NULL,'2'),('23d10436-c20b-4fc8-a5a1-22adcb42dbdf','1426ecf2-eeea-4cbe-b0e1-0ab6e09d2927','name',NULL,'Review custom code prior to releaseto production or customers in order toidentify any potential coding vulnerability(using either manual or automatedprocesses) to include at least the following:'),('23d44d10-4f88-40c3-a731-c11379ecea75','9e6b3621-91d7-4e29-bafd-e8d181417780','name',NULL,'Ensure that security policies andoperational procedures for securitymonitoring and testing are documented inuse and known to all affected parties.'),('2469f4c0-5641-4f13-8f41-f7494876c9a2','c37007cf-67c9-47d2-8be5-9ee046bbe6b6','compliance_analysis_findings',NULL,NULL),('24fc96a5-c1f1-4589-910c-2e6a3930e3f1','01566f7b-e7a9-4980-869a-a94c2aa23118','owners',NULL,NULL),('2578f633-7c1e-4cca-91f9-af8f261b7e38','e9631299-6e38-48cd-ac60-7bca3825240f','compliance_exceptions',NULL,NULL),('2581ce40-717f-42c0-9fc8-47254810127d','00c10454-7fc8-48fa-bb14-efb241758980','efficacy',NULL,'0'),('2582fede-98eb-4110-875d-7c497714ac56','408649b7-5162-487e-aadc-1e04525df7ec','compliance_package_id',NULL,'6'),('2608cdf0-b6d7-4d3d-8148-f3ebc6c7d63a','929a9a01-1557-4b1b-914b-fc06901fe734','id',NULL,'12'),('260c1ba8-f958-41cb-90ae-b555577633d7','a7979608-54af-463c-b7ab-db34f65c2e13','description',NULL,''),('261dd9b9-0254-45a8-a977-71f51faf8b2c','9e6b3621-91d7-4e29-bafd-e8d181417780','id',NULL,'34'),('261f3d08-e6ff-4574-aada-1801306a580a','331db9b1-bfe4-470c-8e14-38788adcd01a','compliance_exceptions',NULL,NULL),('267a7523-9ec3-479f-96ca-fc1061c2e872','211f85de-c859-4b6d-ba18-0f6b8829a9d2','description',NULL,''),('269700be-0976-41cf-9acd-8d37ff83cafc','c7461e5f-dac8-40ad-8a27-0e8311870f30','security_services',NULL,NULL),('26e84c94-ccb5-4adb-8126-0e1df20e607d','60f6c13d-eefc-4bce-8048-5aca700c8d68','legal_id',NULL,NULL),('270f6632-8b6f-4fad-8ecd-9081aa7a444a','6ad9c3dc-22cd-4282-90f8-5b135470ae63','item_id',NULL,'6.3.1'),('2752b290-7e54-40c7-aca6-6107cf117fcb','9e6b3621-91d7-4e29-bafd-e8d181417780','item_id',NULL,'11.6.0'),('285e620d-e5bc-4c04-98df-7dcb5b749d65','dadf7ee8-8c07-442a-b134-dad61365304c','projects',NULL,NULL),('28e482b0-1811-4816-a857-f85308a6eb2b','4347ae81-9af1-4355-a880-300433c53862','compliance_package_item_id',NULL,'31'),('29687038-888b-4fd1-accb-d6c1ebcca653','e9631299-6e38-48cd-ac60-7bca3825240f','compliance_package_item_id',NULL,'12'),('2971a38c-2b27-4754-8c1e-da3fedb3b61f','eef28375-5c23-4c82-a173-07b858809849','compliance_package_id',NULL,'5'),('2980b545-5eb2-4315-890a-fd76824c6f55','6456dd9b-b455-4192-a16d-f50ff469777c','compliance_exceptions',NULL,NULL),('29ac70d2-345d-493a-a9f4-873d2a1ce734','1fcc1ec4-1fe8-4c1e-b255-249d6ad4e6dd','description',NULL,''),('29cd8399-6bb4-4043-ad3c-931fc5a664bf','0ee5e719-bd17-4cd6-a495-c41d5ca66594','security_services',NULL,NULL),('2a6150a3-6962-45d3-9936-dbe8a32469f3','fd4a13da-1e94-4ff1-842d-13b1ba78f4e8','description',NULL,'NA'),('2b458d86-07d6-4986-93b7-dfeff32298b8','459a7c58-97e4-4bc9-a0b1-27ca8dad13ec','description',NULL,'NA'),('2bb8db09-6ac5-48cd-a143-05d7d288a84d','4cef499d-d341-4ae6-8840-b650b1eef0a3','owners',NULL,NULL),('2be6ce5c-41fd-44fe-8bfd-861b8a1a598b','6ad9c3dc-22cd-4282-90f8-5b135470ae63','description',NULL,'NA'),('2be90cb8-f1a5-4dc9-b384-adcaee059c80','331db9b1-bfe4-470c-8e14-38788adcd01a','projects',NULL,NULL),('2bfb085f-8039-4550-8d46-d70a5c915199','476d5b08-bfa2-4240-9890-367e1a2fc2ba','description',NULL,''),('2c68d08f-8b24-492e-b8e9-570545e8bf84','fd4a13da-1e94-4ff1-842d-13b1ba78f4e8','item_id',NULL,'11.2.3'),('2ca11405-b589-4809-b9a1-2d42c1117b74','211f85de-c859-4b6d-ba18-0f6b8829a9d2','third_party_risks',NULL,NULL),('2cdb41e4-dc13-431b-9f70-f8ac16cce9a6','30a69c7f-6cd2-4050-afb4-28607722cf7b','security_services',NULL,NULL),('2d1542ed-27db-46cd-94fa-905452d77204','4cef499d-d341-4ae6-8840-b650b1eef0a3','id',NULL,'4'),('2d2253ed-e6ad-4176-a8f5-1cc856427e1b','9a352715-a7a0-40fd-a441-44989a236f23','description',NULL,''),('2d649929-c7e7-425f-bd0e-3284d38c7e1b','fcf434db-25b5-4be6-ae1f-e857a4cf1975','id',NULL,'26'),('2d7f6f4c-5367-4780-ac8c-e756b34c12a8','890c6df3-d07c-4fa8-9da7-76f5159f0902','name',NULL,'Ensure that security policies andoperational procedures for restrictingaccess to cardholder data aredocumented in use and known toall affected parties.'),('2d87305e-b387-4893-9d8b-db7547df4a22','846945c8-d8a1-47a2-b91a-d25999cee2ae','projects',NULL,NULL),('2d927e98-533f-4c3d-b644-b96d9b3629df','c7461e5f-dac8-40ad-8a27-0e8311870f30','business_continuities',NULL,NULL),('2da30f5d-6467-4652-ab13-a5a47ef715c1','00c10454-7fc8-48fa-bb14-efb241758980','assets',NULL,NULL),('2e32544b-c8c5-4921-827f-f29cec00cdb7','0f78fa30-e0b4-4796-a531-c44e01f9223d','owners',NULL,NULL),('2e50c46d-b276-4f8e-87b6-6321d5c34266','bc29d9eb-a010-4868-a802-01dbbabcd32d','description',NULL,''),('2e560371-96b8-4715-b804-fba176863260','408649b7-5162-487e-aadc-1e04525df7ec','description',NULL,'NA'),('2e5cff51-e173-4712-932b-54184c5c5506','51da3eb0-7ebf-4025-ab68-5fb87dc02732','id',NULL,'29'),('2e9072ee-ab7c-4ccf-9664-f5c5ea65274d','1fcc1ec4-1fe8-4c1e-b255-249d6ad4e6dd','compliance_package_item_id',NULL,'35'),('2eda0131-6769-4067-ac40-156d6554d36d','22a5f295-6249-45ce-b52a-32c2757763f7','audit_questionaire',NULL,'NA'),('2f131df4-3c3e-4c9b-94dd-ed8ec48d2c67','993cc4a9-c85d-486d-942e-8d5b8c874fd6','legal_id',NULL,NULL),('2f5cbefa-6e3d-4ed1-abbc-2efe672c1270','60f6c13d-eefc-4bce-8048-5aca700c8d68','projects',NULL,NULL),('3151586b-38f5-472e-879e-e259c92d5753','30a69c7f-6cd2-4050-afb4-28607722cf7b','compliance_treatment_strategy_id',NULL,NULL),('316b9699-93d3-4c94-825c-ef7fd5b6978e','88c23ffe-56ab-49ce-aaea-1aec24c9d767','name',NULL,'Maintain an inventory of system components that are in scope for PCIDSS.'),('3194c909-1193-4af0-b7ec-166f483b662d','993cc4a9-c85d-486d-942e-8d5b8c874fd6','id',NULL,'30'),('31c6b627-469d-47a5-9c45-8a80b3d20b8d','a7979608-54af-463c-b7ab-db34f65c2e13','security_services',NULL,NULL),('31e8943e-80ce-4538-806b-e0eb8d6ae7e9','dbe1d76c-517e-4f30-8238-cf6116e8a7d3','description',NULL,'NA'),('3248ec14-7714-48e6-a5b3-cff66fa4f435','a7979608-54af-463c-b7ab-db34f65c2e13','compliance_treatment_strategy_id',NULL,NULL),('32d4a45c-ccc6-4c55-a772-3cfd3d45b269','427ea6c6-d9db-4e12-810c-75d8581fe438','third_party_risks',NULL,NULL),('32f2c028-0973-454b-9413-4535251fea2d','4347ae81-9af1-4355-a880-300433c53862','security_services',NULL,NULL),('32fb6583-6848-4281-9aae-eebbc5d28d65','4d4e725a-9916-4bcc-b530-c950998422b0','security_services',NULL,NULL),('3313a7b4-3892-4304-8376-950f1004654f','b1ad8471-bacc-42c3-9823-c16da0bc40c4','compliance_treatment_strategy_id',NULL,NULL),('3348a9e8-1dd5-45d0-b93e-d20c104270cd','bc29d9eb-a010-4868-a802-01dbbabcd32d','compliance_analysis_findings',NULL,NULL),('3365de17-168f-41bd-ac3c-ae8c3984db1d','476d5b08-bfa2-4240-9890-367e1a2fc2ba','projects',NULL,NULL),('33753300-f8d4-49ab-82a0-c3ee204d266b','846945c8-d8a1-47a2-b91a-d25999cee2ae','assets',NULL,NULL),('33995ef7-5368-4e96-b426-739e33e9c384','5e071125-beed-420a-b981-c2be69e97bec','id',NULL,'7'),('346f3959-32e1-4fef-b87f-27dd40acd06e','4cef499d-d341-4ae6-8840-b650b1eef0a3','security_services',NULL,NULL),('34e7defc-7b74-4692-8e55-c30344c00e3c','23d3be9e-ced1-4881-865f-ae5a801cc240','compliance_analysis_findings',NULL,NULL),('351f3c2e-c4df-4f5b-92da-f1305dc580a9','408649b7-5162-487e-aadc-1e04525df7ec','name',NULL,'Ensure that security policies andoperational procedures for developing andmaintaining secure systems and applicationsare documented in use and known to allaffected parties.'),('3525d681-a8dd-4fe0-b513-327c5d3baee0','0c6095dc-551d-4592-9a0b-61e1367ef557','assets',NULL,NULL),('352bf2b4-6b27-4751-9df5-07409dabfcd0','211f85de-c859-4b6d-ba18-0f6b8829a9d2','compliance_exceptions',NULL,NULL),('3535603e-5f8a-472a-a8df-6ca1e05c064a','395125b6-810b-431d-94a6-632eba3bfcf3','id',NULL,'9'),('353ebdf6-88f7-4b5c-8753-34f2d39b32c9','23d3be9e-ced1-4881-865f-ae5a801cc240','id',NULL,'17'),('355fff92-f890-405b-b4a8-171d758384ed','09831c28-cfff-4e3a-a724-8f1f7fd78e18','name',NULL,'Upon completion of a significantchange all relevant PCI DSS requirementsmust be implemented on all new or changedsystems and networks and documentationupdated as applicable.'),('358a9ff8-7886-4e30-adac-e677319345b6','dadf7ee8-8c07-442a-b134-dad61365304c','efficacy',NULL,'0'),('35a9535e-0780-4446-9dc4-52d8e9e8b6a8','fb47703f-05b3-4f34-a8d2-bad2424af399','compliance_package_regulator_id',NULL,'1'),('35ddcb88-f736-458e-a5bb-5265f4ea8b65','0048b05e-f2cd-4f8a-800a-6bf57e264a45','third_party_risks',NULL,NULL),('35f8d853-8630-409d-9a09-89df576b2498','aa83a032-22e6-41d8-86ed-9a9d32f01028','assets',NULL,NULL),('363b2538-4792-4640-8daa-4b43670a6fa8','30a69c7f-6cd2-4050-afb4-28607722cf7b','compliance_package_item_id',NULL,'15'),('363f43b8-3ff5-4472-8967-3719676686ce','4d4e725a-9916-4bcc-b530-c950998422b0','assets',NULL,NULL),('36b71c82-46c6-42b0-9b6b-8c29fd624bea','2fd5db46-49bf-4a58-ba88-9f4dff429150','id',NULL,'17'),('36c31691-606f-4cce-a78d-cbded72846c4','aa83a032-22e6-41d8-86ed-9a9d32f01028','third_party_risks',NULL,NULL),('376fc709-1298-4d59-bf2f-c1c0379b8d1c','30a69c7f-6cd2-4050-afb4-28607722cf7b','third_party_risks',NULL,NULL),('37a5ea95-a9f9-4059-8a80-57e86e2e6788','846945c8-d8a1-47a2-b91a-d25999cee2ae','business_continuities',NULL,NULL),('37b48642-d919-42bd-9f16-89afc11b4f9d','846945c8-d8a1-47a2-b91a-d25999cee2ae','compliance_exceptions',NULL,NULL),('38ef29e7-f01d-4e8e-b948-7b4ecbbd1c18','30a69c7f-6cd2-4050-afb4-28607722cf7b','assets',NULL,NULL),('397917af-e27f-45d8-8d87-33147857a67a','dadf7ee8-8c07-442a-b134-dad61365304c','assets',NULL,NULL),('39ef50ed-cf5a-4503-ac0f-e16a0f7ad0b3','19ee58ea-210f-49b5-a55a-3d1e0e8e979e','package_id',NULL,'6'),('3a42b951-d203-4b11-8813-085b41d9679e','dadf7ee8-8c07-442a-b134-dad61365304c','risks',NULL,NULL),('3a63cb9c-e5a2-4504-802b-984398ab074d','1fcc1ec4-1fe8-4c1e-b255-249d6ad4e6dd','third_party_risks',NULL,NULL),('3a8813d5-b77e-4ebc-8fc0-7549f9680007','166383f9-7a80-4be3-ab1c-966dbc7145c2','audit_questionaire',NULL,'NA'),('3a9056f3-f316-4572-bb74-2e4ed16e36bc','23d3be9e-ced1-4881-865f-ae5a801cc240','efficacy',NULL,'0'),('3c0a3943-c9ba-4962-a90d-3f71bffb3ed1','660511c2-cfae-4625-9e89-e57f199187a3','id',NULL,'5'),('3c0dfa9f-3312-434a-a472-de17aba13f5f','19263c3f-ff32-4560-8bae-10a395ef719e','id',NULL,'1'),('3c22a319-498b-4db2-97d5-60348a5664fe','60f6c13d-eefc-4bce-8048-5aca700c8d68','assets',NULL,NULL),('3c3aa3d3-13a8-43da-9888-e5f560ad34f7','0ee5e719-bd17-4cd6-a495-c41d5ca66594','risks',NULL,NULL),('3c9a1258-387d-4dbb-8993-32781a7c38f2','ea8ed1e1-b0bd-4594-8599-8b9e9f096b4e','legal_id',NULL,NULL),('3cddc3bd-40b9-4880-a07d-faf7b324b8f0','00c10454-7fc8-48fa-bb14-efb241758980','id',NULL,'7'),('3dcd0a39-d69d-4ed8-9c4c-9afc56706c48','d811217c-4317-45ab-a746-fd4d2cbb06eb','efficacy',NULL,'0'),('3dd85a63-d77b-4d52-bf68-184a65b8f966','23d3be9e-ced1-4881-865f-ae5a801cc240','business_continuities',NULL,NULL),('3ddba90a-810a-4175-9c88-94b79c4551e6','9a352715-a7a0-40fd-a441-44989a236f23','business_continuities',NULL,NULL),('3e2b5da1-c354-4274-9c2f-ab80a7f659d0','d811217c-4317-45ab-a746-fd4d2cbb06eb','compliance_exceptions',NULL,NULL),('3ee68a59-7341-48e1-ad06-8b251bda54fc','1426ecf2-eeea-4cbe-b0e1-0ab6e09d2927','item_id',NULL,'6.3.2'),('3f449a38-8629-4a93-bb79-2446cc372ad0','f8b01dc3-7c24-4fe1-8bac-130a0ffee179','item_id',NULL,'10.5.3'),('40499547-f78b-4c5f-86e8-6f54c2e5ce64','427ea6c6-d9db-4e12-810c-75d8581fe438','risks',NULL,NULL),('406d56b4-e2f8-470d-8da2-ba8081aaf375','0f78fa30-e0b4-4796-a531-c44e01f9223d','legal_id',NULL,NULL),('406dcdf8-b293-4dbd-9028-4a01411a901e','5fa7d0e0-44cf-47d9-965a-192c2e3b9bc7','description',NULL,'NA'),('40a942a1-d15f-460a-97c4-f238032f529f','d6cc3a42-d372-405e-80c6-27c33f9d0043','owners',NULL,NULL),('40ab0c94-23d2-435c-9d2f-6e5b083db803','0c6095dc-551d-4592-9a0b-61e1367ef557','efficacy',NULL,'0'),('40c7e9aa-7fdb-4c4e-b161-3f77cbbe6239','30a69c7f-6cd2-4050-afb4-28607722cf7b','risks',NULL,NULL),('40e2c174-52b3-453f-ad6b-c06b97124da5','aa83a032-22e6-41d8-86ed-9a9d32f01028','description',NULL,''),('418bd6cf-9565-4660-9253-3e8ad9a24d3f','6456dd9b-b455-4192-a16d-f50ff469777c','efficacy',NULL,'0'),('419be0a1-0292-4734-bd4a-ada59ed549f1','19263c3f-ff32-4560-8bae-10a395ef719e','version',NULL,'3.2'),('4267d4cf-fea0-4eff-a54a-d857d5074343','331db9b1-bfe4-470c-8e14-38788adcd01a','compliance_treatment_strategy_id',NULL,NULL),('4272851f-66d1-405f-af2c-a5741d5b264c','4347ae81-9af1-4355-a880-300433c53862','third_party_risks',NULL,NULL),('438a2af9-947a-4f4a-b317-6bfdb70b0eb9','c3ba6fc7-6e31-4d7c-914e-9b4ff7d7563f','package_id',NULL,'11'),('43e6ad68-5a67-4433-b3eb-bd650fc096cd','ea8ed1e1-b0bd-4594-8599-8b9e9f096b4e','third_party_risks',NULL,NULL),('43f6782e-1ead-497d-96c8-5a5050c748de','b1ad8471-bacc-42c3-9823-c16da0bc40c4','compliance_exceptions',NULL,NULL),('44060618-df35-49d3-92ec-40bf8d154164','a7979608-54af-463c-b7ab-db34f65c2e13','owners',NULL,NULL),('44133fe6-15dd-477b-be8d-25072767e0cc','60f6c13d-eefc-4bce-8048-5aca700c8d68','description',NULL,''),('4478a3e5-9ddf-4b16-943b-344939ba7b92','fb47703f-05b3-4f34-a8d2-bad2424af399','package_id',NULL,'8'),('45f420ce-56bd-427c-bdb0-6f283047bc32','dadf7ee8-8c07-442a-b134-dad61365304c','compliance_exceptions',NULL,NULL),('46ad437b-ce5e-4daa-a6ca-aa316689b30d','476d5b08-bfa2-4240-9890-367e1a2fc2ba','compliance_package_item_id',NULL,'3'),('46d9324d-7898-4da4-a28e-5ae6e2de2f7e','4d4e725a-9916-4bcc-b530-c950998422b0','risks',NULL,NULL),('47369b6e-30f4-49e6-86a8-d0798c9c8fa4','427ea6c6-d9db-4e12-810c-75d8581fe438','compliance_package_item_id',NULL,'6'),('474b8ea3-0813-481e-9c5b-45928609d2ed','d811217c-4317-45ab-a746-fd4d2cbb06eb','compliance_treatment_strategy_id',NULL,NULL),('478ffdf3-f96f-4788-bb1c-50484528c807','9538c7ca-4c42-4f5c-a9d5-0a406ef2cafa','name',NULL,'For wireless environments connected to the cardholder data environment or transmitting cardholder data change ALL wireless vendor defaults at installation including but not limited to default wireless encryption keys passwords and SNMP community strings.'),('480d842e-055b-401f-a1ff-09ac3fdb3189','331db9b1-bfe4-470c-8e14-38788adcd01a','legal_id',NULL,NULL),('48213c73-20a7-43ac-9ea9-d03e5efc1c26','dadf7ee8-8c07-442a-b134-dad61365304c','compliance_analysis_findings',NULL,NULL),('48c20ac8-3178-49d7-9ac2-eceed5260b80','dadf7ee8-8c07-442a-b134-dad61365304c','security_services',NULL,NULL),('48d3d38e-603a-4b84-a8dd-2da41fc7ab46','f8b01dc3-7c24-4fe1-8bac-130a0ffee179','id',NULL,'31'),('48eb9e4e-ac7d-443c-abe2-81eb0b15433f','eef28375-5c23-4c82-a173-07b858809849','name',NULL,'Ensure that security policies andoperational procedures for protectingsystems against malware aredocumented in use and known to allaffected parties.'),('4914a12f-c08d-45bc-87ce-0d8a84e80a67','0f78fa30-e0b4-4796-a531-c44e01f9223d','compliance_analysis_findings',NULL,NULL),('4969cb2f-e4ff-4d40-823c-7f36846f8ebc','c7461e5f-dac8-40ad-8a27-0e8311870f30','compliance_package_item_id',NULL,'34'),('496ad184-51e5-4ec4-80be-b333ec9e2240','476d5b08-bfa2-4240-9890-367e1a2fc2ba','owners',NULL,NULL),('49919a44-4c71-43d5-b0bb-adeb831697bd','01566f7b-e7a9-4980-869a-a94c2aa23118','compliance_treatment_strategy_id',NULL,NULL),('49c09f69-d8e1-4dc0-b992-292b25525a15','427ea6c6-d9db-4e12-810c-75d8581fe438','compliance_exceptions',NULL,NULL),('4a2317cc-b55d-4eaa-8ef8-312e7ab2a2ee','60f6c13d-eefc-4bce-8048-5aca700c8d68','id',NULL,'32'),('4adf3a5e-9d25-422b-91d7-6a25daad9b30','0c6095dc-551d-4592-9a0b-61e1367ef557','risks',NULL,NULL),('4b3a0fca-7aae-4f6b-9a9d-ac3c8f3e8662','0c6095dc-551d-4592-9a0b-61e1367ef557','compliance_analysis_findings',NULL,NULL),('4b9527a1-8dbf-4377-9885-c1d62ac4a7a2','d6cc3a42-d372-405e-80c6-27c33f9d0043','security_services',NULL,NULL),('4be876f4-7372-48da-9cea-fbb762c86799','c37007cf-67c9-47d2-8be5-9ee046bbe6b6','owners',NULL,NULL),('4c3e72fe-f073-4f3a-9c75-64b807617b52','7c6086c8-ed8e-4b89-8851-ed824c1a57a2','id',NULL,'22'),('4c48aa6a-30a4-458f-8f63-2eee89cd0bae','0ee5e719-bd17-4cd6-a495-c41d5ca66594','efficacy',NULL,'0'),('4c4b4d29-2cfc-43f1-bacc-2638ce39eba2','64883c32-f735-4d60-b3a4-d5085537038f','efficacy',NULL,'0'),('4ca63ce0-ecaf-4474-b88f-62b5c1fa6780','d6cc3a42-d372-405e-80c6-27c33f9d0043','id',NULL,'8'),('4cf8dec8-79b8-439d-840e-063c65127ad3','60f6c13d-eefc-4bce-8048-5aca700c8d68','third_party_risks',NULL,NULL),('4d0f8b20-c13a-42fe-8477-b3094ba7479c','7c6086c8-ed8e-4b89-8851-ed824c1a57a2','legal_id',NULL,NULL),('4d68f69b-2d93-4de6-9718-2e47d4299512','1e855519-011b-4401-ac07-2c7e1c4e219f','audit_questionaire',NULL,'NA'),('4d9075be-6787-4759-8d48-8f9aeb34520a','ea65d5b5-7d1b-47c6-a3f9-58f038667b30','package_id',NULL,'4'),('4dc8e57e-f068-429c-a64f-49d4d119b1e9','993cc4a9-c85d-486d-942e-8d5b8c874fd6','third_party_risks',NULL,NULL),('4e133e3c-f959-43a0-b01c-b4aac5f05337','993cc4a9-c85d-486d-942e-8d5b8c874fd6','business_continuities',NULL,NULL),('4e1ee32c-7bc0-4efc-a3ae-a631baf986e8','fd4a13da-1e94-4ff1-842d-13b1ba78f4e8','audit_questionaire',NULL,'NA'),('4e586fd5-9dac-453d-9c08-3434cafda8fe','0048b05e-f2cd-4f8a-800a-6bf57e264a45','description',NULL,''),('4e805321-f210-4bab-8310-c7da398c070e','64883c32-f735-4d60-b3a4-d5085537038f','business_continuities',NULL,NULL),('4ea07bc8-4689-45a3-bab5-7471e21e534b','211f85de-c859-4b6d-ba18-0f6b8829a9d2','compliance_analysis_findings',NULL,NULL),('50103d52-e311-4822-991d-61297ac4363e','23d3be9e-ced1-4881-865f-ae5a801cc240','compliance_package_item_id',NULL,'17'),('50324105-3911-470a-bc65-0818b21f511f','5e071125-beed-420a-b981-c2be69e97bec','audit_questionaire',NULL,'NA'),('516ce9ce-b565-4730-bc77-1faf901a708a','598486fc-5e7e-4cf4-89d0-a85ea1dfe451','description',NULL,'NA'),('529f9c81-f89e-4f25-9ef5-dfd393479240','929a9a01-1557-4b1b-914b-fc06901fe734','description',NULL,'NA'),('52b281ea-2730-4d35-8a41-1687e0aeddc8','4cef499d-d341-4ae6-8840-b650b1eef0a3','assets',NULL,NULL),('52b73feb-6e10-45af-a790-5d7e0b8dcb98','890c6df3-d07c-4fa8-9da7-76f5159f0902','compliance_package_id',NULL,'7'),('5303e6e0-e6b5-41d4-a784-fec030c386d5','249db5a3-d9cc-4327-b67b-e65c41b33c45','assets',NULL,NULL),('5363e551-9bdd-44a1-a406-296ad92b1e8a','331db9b1-bfe4-470c-8e14-38788adcd01a','business_continuities',NULL,NULL),('53b64f10-9120-474c-890f-adfffb368a98','d6cc3a42-d372-405e-80c6-27c33f9d0043','compliance_analysis_findings',NULL,NULL),('53d38ffd-7e2d-4af7-aad1-a29fe11f5736','4f1488d9-88fe-407b-91c8-b530d02bf96d','name',NULL,'Current diagram that shows all cardholder data flows across systems and networks'),('53d7c5f7-1113-42a6-b11e-0beb69106b68','395125b6-810b-431d-94a6-632eba3bfcf3','name',NULL,'Restrict physical access to cardholder data'),('5413950a-07a6-410c-8259-6b1f0b817c91','d811217c-4317-45ab-a746-fd4d2cbb06eb','third_party_risks',NULL,NULL),('5436175b-7830-4982-9853-f816151046c2','f8b01dc3-7c24-4fe1-8bac-130a0ffee179','compliance_package_id',NULL,'10'),('543bdfe0-3345-4ca3-b1b6-bace00771d75','6456dd9b-b455-4192-a16d-f50ff469777c','assets',NULL,NULL),('544d8973-7b1c-4033-8e2d-ca6c48b30902','331db9b1-bfe4-470c-8e14-38788adcd01a','owners',NULL,NULL),('54a0b7e3-82eb-4d85-9a2b-a9498a0eebf3','0048b05e-f2cd-4f8a-800a-6bf57e264a45','owners',NULL,NULL),('55eaa888-f93c-4213-afed-f3285dca4ed3','09831c28-cfff-4e3a-a724-8f1f7fd78e18','id',NULL,'22'),('568b1938-d064-4d3f-88d9-53cc4a8eabaa','64883c32-f735-4d60-b3a4-d5085537038f','id',NULL,'23'),('570bcbac-825e-4f0f-aff1-2b36bad9e775','4d4e725a-9916-4bcc-b530-c950998422b0','description',NULL,''),('574c32e0-a87e-4fa2-85b7-a405c65ab992','19263c3f-ff32-4560-8bae-10a395ef719e','url',NULL,''),('57611b23-08bc-44db-b5fb-82aac1c2f2f9','4d4e725a-9916-4bcc-b530-c950998422b0','compliance_package_item_id',NULL,'26'),('57949b5d-7d3e-489f-8fcd-0642ff43ce8c','d6cc3a42-d372-405e-80c6-27c33f9d0043','efficacy',NULL,'0'),('580a7b50-7411-4b6a-bd02-1c2c1d51dab6','c37007cf-67c9-47d2-8be5-9ee046bbe6b6','compliance_exceptions',NULL,NULL),('580dda90-d816-48c8-8a24-2ca2e9330f3b','aa83a032-22e6-41d8-86ed-9a9d32f01028','compliance_analysis_findings',NULL,NULL),('59214ced-a4f0-4c6c-894e-105714ccc046','01566f7b-e7a9-4980-869a-a94c2aa23118','compliance_exceptions',NULL,NULL),('594d95e6-fd9b-4cbf-9657-e29026e2fc98','0048b05e-f2cd-4f8a-800a-6bf57e264a45','compliance_package_item_id',NULL,'11'),('59746cba-3860-4117-9631-0b968280595e','e9631299-6e38-48cd-ac60-7bca3825240f','description',NULL,''),('59947d61-63ab-4425-8240-d2c72295afd9','476d5b08-bfa2-4240-9890-367e1a2fc2ba','security_services',NULL,NULL),('599b75c4-4645-414f-9a9c-0eb922af4945','b1ad8471-bacc-42c3-9823-c16da0bc40c4','efficacy',NULL,'0'),('59c44a90-f886-4a80-bd50-0d1fd1f2ddcf','846945c8-d8a1-47a2-b91a-d25999cee2ae','third_party_risks',NULL,NULL),('59f48744-a936-4cf8-bcc5-99f672cf9367','9538c7ca-4c42-4f5c-a9d5-0a406ef2cafa','audit_questionaire',NULL,'NA'),('5b6be51e-3e9c-4957-81e4-b50201fd1280','c37007cf-67c9-47d2-8be5-9ee046bbe6b6','compliance_package_item_id',NULL,'20'),('5ba55ad2-19f8-429e-a58f-696e71e747db','0048b05e-f2cd-4f8a-800a-6bf57e264a45','assets',NULL,NULL),('5bc8a249-ff2c-4f44-8cc6-777dc8779ef5','da432b62-3bbf-4f20-8b08-4972fd373771','compliance_package_regulator_id',NULL,'1'),('5c2dfbaf-7e1e-47ab-82c2-dbba3053cb03','211f85de-c859-4b6d-ba18-0f6b8829a9d2','id',NULL,'2'),('5c45b443-0ac4-4de4-b8b8-5141bf18cbe1','0f78fa30-e0b4-4796-a531-c44e01f9223d','efficacy',NULL,'0'),('5c7cb8bf-6e2d-432d-9704-49424ee8f04e','01566f7b-e7a9-4980-869a-a94c2aa23118','description',NULL,''),('5c96b97c-3694-46d5-be64-2978f6d0e006','211f85de-c859-4b6d-ba18-0f6b8829a9d2','compliance_treatment_strategy_id',NULL,NULL),('5cb15b59-85c4-4970-89a9-3fcaf019b043','6ad9c3dc-22cd-4282-90f8-5b135470ae63','audit_questionaire',NULL,'NA'),('5cb9339a-dd69-45a0-8adb-716234e936e9','427ea6c6-d9db-4e12-810c-75d8581fe438','compliance_treatment_strategy_id',NULL,NULL),('5cd67ab8-549f-49a6-a38b-04bc3f62b4e9','4cef499d-d341-4ae6-8840-b650b1eef0a3','legal_id',NULL,NULL),('5ce3f0aa-00f0-4e1a-bcd4-96a700000000','5ce3f0aa-9430-47b8-a0c7-96a700000000','name','','Intentional Theft of Equipment'),('5ce3f0aa-0104-47da-8c06-96a700000000','5ce3f0aa-ab50-408a-9f4b-96a700000000','name','','Remote Exploit'),('5ce3f0aa-0274-40fd-a39f-96a700000000','5ce3f0aa-8eac-4b14-8301-96a700000000','name','','Pandemic Issues'),('5ce3f0aa-02f8-449f-94f0-96a700000000','5ce3f0aa-2990-4e1f-97db-96a700000000','id','','3'),('5ce3f0aa-0a84-4204-a488-96a700000000','5ce3f0aa-a2e8-45f8-8537-96a700000000','id','','1'),('5ce3f0aa-48b4-4825-bd1b-96a700000000','5ce3f0aa-a2e8-45f8-8537-96a700000000','name','','Intentional Complot'),('5ce3f0aa-613c-45fb-b900-96a700000000','5ce3f0aa-e6d0-42d1-bc34-96a700000000','name','','Unintentional Loss of Information'),('5ce3f0aa-6d14-4d1d-b6c1-96a700000000','5ce3f0aa-5fb8-4418-895d-96a700000000','id','','7'),('5ce3f0aa-7e18-408e-a328-96a700000000','5ce3f0aa-2990-4e1f-97db-96a700000000','name','','Strikes'),('5ce3f0aa-8a30-466c-bae8-96a700000000','5ce3f0aa-5628-4506-a0ea-96a700000000','id','','4'),('5ce3f0aa-9c78-4f84-86b5-96a700000000','5ce3f0aa-9430-47b8-a0c7-96a700000000','id','','5'),('5ce3f0aa-b8ac-45e5-8bee-96a700000000','5ce3f0aa-ab50-408a-9f4b-96a700000000','id','','8'),('5ce3f0aa-b954-4c4e-8204-96a700000000','5ce3f0aa-5fb8-4418-895d-96a700000000','name','','Intentional Theft of Information'),('5ce3f0aa-c5d4-4dd8-88ed-96a700000000','5ce3f0aa-8eac-4b14-8301-96a700000000','id','','2'),('5ce3f0aa-ddb8-463a-af4f-96a700000000','5ce3f0aa-5628-4506-a0ea-96a700000000','name','','Unintentional Loss of Equipment'),('5ce3f0aa-deb0-4f21-b1c7-96a700000000','5ce3f0aa-e6d0-42d1-bc34-96a700000000','id','','6'),('5ce3f0ab-0030-411b-aa56-96a700000000','5ce3f0ab-99c4-400f-b9de-96a700000000','id','','30'),('5ce3f0ab-03ec-4a51-8192-96a700000000','5ce3f0ab-c0a8-4df5-b635-96a700000000','id','','29'),('5ce3f0ab-03f8-481a-8a44-96a700000000','5ce3f0ab-ba74-4f24-b133-96a700000000','id','','27'),('5ce3f0ab-06d8-42a3-b087-96a700000000','5ce3f0ab-a9b8-425f-96cf-96a700000000','name','','Abuse of Priviledge'),('5ce3f0ab-07d4-477b-a178-96a700000000','5ce3f0ab-544c-46cd-b919-96a700000000','name','','Other'),('5ce3f0ab-0820-4655-b627-96a700000000','5ce3f0ab-8e18-4cfa-8129-96a700000000','name','','Fire'),('5ce3f0ab-0850-4f67-b920-96a700000000','5ce3f0ab-9618-438a-9d5d-96a700000000','name','','Hardware Malfunction'),('5ce3f0ab-08e8-406c-beb1-96a700000000','5ce3f0ab-01cc-4973-b93c-96a700000000','id','','23'),('5ce3f0ab-0938-46fe-a483-96a700000000','5ce3f0ab-f600-46e4-bd85-96a700000000','id','','2'),('5ce3f0ab-0a08-45a2-88e2-96a700000000','5ce3f0ab-2944-46a7-ae2e-96a700000000','name','','Terrorist Attack'),('5ce3f0ab-0fb4-471a-b9d7-96a700000000','5ce3f0ab-8a7c-411a-9c5e-96a700000000','name','','DOS Attack'),('5ce3f0ab-100c-4649-91b4-96a700000000','5ce3f0ab-4194-442b-b10d-96a700000000','id','','14'),('5ce3f0ab-1050-4b82-b3b7-96a700000000','5ce3f0ab-d400-4eeb-8859-96a700000000','name','','Phishing'),('5ce3f0ab-1194-4ee5-a2e9-96a700000000','5ce3f0ab-8810-479d-b416-96a700000000','name','','Lack of CCTV'),('5ce3f0ab-1404-4f9b-bb5c-96a700000000','5ce3f0ab-0af4-44e5-95d2-96a700000000','id','','11'),('5ce3f0ab-14b4-43ad-a9ba-96a700000000','5ce3f0ab-5414-40a4-a97a-96a700000000','id','','5'),('5ce3f0ab-19b4-476f-a853-96a700000000','5ce3f0ab-9be0-4b68-b0dd-96a700000000','id','','33'),('5ce3f0ab-1ae8-4e1b-93dd-96a700000000','5ce3f0ab-9234-46c5-9af6-96a700000000','name','','Lack of Procedures'),('5ce3f0ab-1b98-4544-9bce-96a700000000','5ce3f0ab-0c48-4ef1-a326-96a700000000','id','','17'),('5ce3f0ab-1eb4-4756-9bc9-96a700000000','5ce3f0ab-0474-4f2f-87a6-96a700000000','id','','28'),('5ce3f0ab-1f0c-4918-825d-96a700000000','5ce3f0ab-178c-4fbc-9721-96a700000000','id','','25'),('5ce3f0ab-2284-4658-b809-96a700000000','5ce3f0ab-8e64-4dea-a30e-96a700000000','id','','15'),('5ce3f0ab-2324-48e5-b794-96a700000000','5ce3f0ab-1050-4af5-a898-96a700000000','id','','12'),('5ce3f0ab-236c-409c-8b52-96a700000000','5ce3f0ab-ace8-43e4-9087-96a700000000','name','','Unauthorised records'),('5ce3f0ab-263c-422f-888f-96a700000000','5ce3f0ab-1b9c-43d8-bf7d-96a700000000','id','','16'),('5ce3f0ab-267c-4e65-a31a-96a700000000','5ce3f0ab-5df0-4054-83ca-96a700000000','name','','Other'),('5ce3f0ab-2760-4406-9751-96a700000000','5ce3f0ab-d6c0-480d-9f6d-96a700000000','name','','Software Malfunction'),('5ce3f0ab-2c9c-40c2-bdf3-96a700000000','5ce3f0ab-4618-4c6f-9c48-96a700000000','id','','21'),('5ce3f0ab-333c-4be7-b405-96a700000000','5ce3f0ab-9e40-4258-a39b-96a700000000','name','','Weak Awareness'),('5ce3f0ab-374c-42eb-91e2-96a700000000','5ce3f0ab-8e64-4dea-a30e-96a700000000','name','','Lack of Strong Authentication'),('5ce3f0ab-37c0-4d0e-a4e8-96a700000000','5ce3f0ab-ef04-4374-81d8-96a700000000','id','','10'),('5ce3f0ab-3a84-40a4-9a61-96a700000000','5ce3f0ab-4308-43d1-9625-96a700000000','id','','10'),('5ce3f0ab-3ac8-4da8-987d-96a700000000','5ce3f0ab-b0bc-43f8-95b4-96a700000000','name','','Lack of alternative exit doors'),('5ce3f0ab-3b0c-4439-b3a3-96a700000000','5ce3f0ab-3e44-49a6-ac3e-96a700000000','name','','Weak Software Development Procedures'),('5ce3f0ab-3d1c-46d5-a2de-96a700000000','5ce3f0ab-fb04-49b8-b74d-96a700000000','id','','18'),('5ce3f0ab-41d0-4172-9f6a-96a700000000','5ce3f0aa-d5b4-49a6-a14e-96a700000000','name','','Abuse of Service'),('5ce3f0ab-4310-4b82-b581-96a700000000','5ce3f0ab-c800-4524-aa29-96a700000000','name','','Copyright Infrigment'),('5ce3f0ab-446c-4234-890e-96a700000000','5ce3f0ab-28b4-43e2-827a-96a700000000','name','','Tampering'),('5ce3f0ab-4730-4ca4-a28f-96a700000000','5ce3f0ab-5490-4b28-a7c2-96a700000000','id','','7'),('5ce3f0ab-5000-4727-a387-96a700000000','5ce3f0ab-f600-46e4-bd85-96a700000000','name','','Lack of Integrity Checks'),('5ce3f0ab-51b4-4bfe-90b3-96a700000000','5ce3f0ab-08f8-4305-a3e7-96a700000000','id','','32'),('5ce3f0ab-5234-4fbe-8fcf-96a700000000','5ce3f0ab-0af4-44e5-95d2-96a700000000','name','','Network Attack'),('5ce3f0ab-5284-45cf-b940-96a700000000','5ce3f0ab-b234-42c4-952e-96a700000000','name','','Lack of Encryption at Rest'),('5ce3f0ab-5b54-47e4-8929-96a700000000','5ce3f0ab-5c24-4dc0-8735-96a700000000','id','','1'),('5ce3f0ab-5bc0-4656-b0e4-96a700000000','5ce3f0ab-c0a8-4df5-b635-96a700000000','name','','Prone to Natural Disasters Area'),('5ce3f0ab-5bcc-4f90-a480-96a700000000','5ce3f0ab-4aec-446a-a999-96a700000000','id','','31'),('5ce3f0ab-6124-4d17-8fd1-96a700000000','5ce3f0ab-99c4-400f-b9de-96a700000000','name','','Flood Prone Areas'),('5ce3f0ab-6338-42c0-adbb-96a700000000','5ce3f0ab-495c-4a5a-a436-96a700000000','id','','26'),('5ce3f0ab-63c0-4a77-8af0-96a700000000','5ce3f0ab-ba74-4f24-b133-96a700000000','name','','Fraud'),('5ce3f0ab-6414-4faf-ab90-96a700000000','5ce3f0ab-7788-4ada-bb41-96a700000000','id','','14'),('5ce3f0ab-65c8-42c0-b9fb-96a700000000','5ce3f0ab-ef04-4374-81d8-96a700000000','name','','Web Application Vulnerabilities'),('5ce3f0ab-6df4-48a2-a9dc-96a700000000','5ce3f0ab-7934-4326-a536-96a700000000','id','','25'),('5ce3f0ab-7358-4399-985b-96a700000000','5ce3f0ab-fc20-4451-96c6-96a700000000','id','','4'),('5ce3f0ab-7450-4eec-bea7-96a700000000','5ce3f0ab-4048-4439-a619-96a700000000','id','','12'),('5ce3f0ab-74a4-4be6-b2bb-96a700000000','5ce3f0ab-74f4-47f3-909f-96a700000000','id','','15'),('5ce3f0ab-75f8-4204-a652-96a700000000','5ce3f0ab-6194-4efc-ab3a-96a700000000','id','','35'),('5ce3f0ab-77c8-4f5a-977f-96a700000000','5ce3f0ab-c284-4140-8703-96a700000000','name','','Reputational Issues'),('5ce3f0ab-77e4-44be-835c-96a700000000','5ce3f0ab-69ac-4e87-bfa2-96a700000000','name','','Unprotected Network'),('5ce3f0ab-7a28-4782-8d31-96a700000000','5ce3f0ab-a6ac-4836-8376-96a700000000','name','','Brute Force Attack'),('5ce3f0ab-7a3c-4c03-ba7b-96a700000000','5ce3f0ab-5cdc-49b8-a01c-96a700000000','id','','9'),('5ce3f0ab-87a8-493f-a680-96a700000000','5ce3f0ab-4194-442b-b10d-96a700000000','name','','Malware/Trojan Distribution'),('5ce3f0ab-8924-4e4d-860e-96a700000000','5ce3f0ab-1b9c-43d8-bf7d-96a700000000','name','','Lack of Encryption in Motion'),('5ce3f0ab-8a68-4d3d-a547-96a700000000','5ce3f0ab-fc10-4e99-88d7-96a700000000','name','','Flooding'),('5ce3f0ab-8c6c-4430-8fb1-96a700000000','5ce3f0ab-0c48-4ef1-a326-96a700000000','name','','Social Engineering'),('5ce3f0ab-8ea0-41a3-a8a6-96a700000000','5ce3f0ab-846c-4aa6-b793-96a700000000','name','','Creeping Accounts'),('5ce3f0ab-8ea4-4391-ab9e-96a700000000','5ce3f0ab-1050-4af5-a898-96a700000000','name','','Lack of Movement Sensors'),('5ce3f0ab-8f24-40ae-acd9-96a700000000','5ce3f0ab-0474-4f2f-87a6-96a700000000','name','','Seismic Areas'),('5ce3f0ab-9138-4fb2-baa3-96a700000000','5ce3f0ab-6884-41c2-a512-96a700000000','id','','8'),('5ce3f0ab-91a4-4e21-9951-96a700000000','5ce3f0ab-2944-46a7-ae2e-96a700000000','id','','30'),('5ce3f0ab-92e0-413d-b475-96a700000000','5ce3f0ab-01cc-4973-b93c-96a700000000','name','','Weak Passwords'),('5ce3f0ab-930c-42c2-9be9-96a700000000','5ce3f0ab-5490-4b28-a7c2-96a700000000','name','','Lack of alternative Power Sources'),('5ce3f0ab-99e4-4ef2-97d2-96a700000000','5ce3f0ab-8e18-4cfa-8129-96a700000000','id','','19'),('5ce3f0ab-9b38-449e-a404-96a700000000','5ce3f0ab-8a7c-411a-9c5e-96a700000000','id','','22'),('5ce3f0ab-a234-47ea-8e6c-96a700000000','5ce3f0ab-4048-4439-a619-96a700000000','name','','Sniffing'),('5ce3f0ab-a30c-4bef-9a16-96a700000000','5ce3f0ab-4618-4c6f-9c48-96a700000000','name','','Ilegal Infiltration'),('5ce3f0ab-a480-439d-bc97-96a700000000','5ce3f0ab-8c98-4386-960d-96a700000000','id','','21'),('5ce3f0ab-a494-44ea-b724-96a700000000','5ce3f0ab-3e44-49a6-ac3e-96a700000000','id','','34'),('5ce3f0ab-a5ac-47b8-ad78-96a700000000','5ce3f0ab-7528-4c25-bbba-96a700000000','id','','3'),('5ce3f0ab-a6cc-4ba2-9637-96a700000000','5ce3f0ab-9be0-4b68-b0dd-96a700000000','name','','Cabling Unsecured'),('5ce3f0ab-ae6c-4ba2-bbb5-96a700000000','5ce3f0ab-8810-479d-b416-96a700000000','id','','11'),('5ce3f0ab-b020-4937-9b32-96a700000000','5ce3f0ab-a774-473f-be86-96a700000000','id','','6'),('5ce3f0ab-b0d4-44d9-899b-96a700000000','5ce3f0ab-178c-4fbc-9721-96a700000000','name','','Tunneling'),('5ce3f0ab-b0d4-44e7-80a5-96a700000000','5ce3f0ab-7934-4326-a536-96a700000000','name','','Missing Configuration Standards'),('5ce3f0ab-b198-4d6d-a42e-96a700000000','5ce3f0ab-fb04-49b8-b74d-96a700000000','name','','Natural Disasters'),('5ce3f0ab-b38c-43bf-a895-96a700000000','5ce3f0ab-4308-43d1-9625-96a700000000','name','','Web Application Attack'),('5ce3f0ab-b44c-439a-b143-96a700000000','5ce3f0ab-5414-40a4-a97a-96a700000000','name','','Weak CheckOut Procedures'),('5ce3f0ab-b4f0-4c54-9ba7-96a700000000','5ce3f0ab-4aec-446a-a999-96a700000000','name','','Floodings'),('5ce3f0ab-b520-4842-802b-96a700000000','5ce3f0ab-a9b8-425f-96cf-96a700000000','id','','33'),('5ce3f0ab-b628-42a5-af11-96a700000000','5ce3f0ab-28b4-43e2-827a-96a700000000','id','','24'),('5ce3f0ab-b7c8-46bf-8cf5-96a700000000','5ce3f0ab-fc20-4451-96c6-96a700000000','name','','No Change Management'),('5ce3f0ab-b9ac-4d40-8ba5-96a700000000','5ce3f0ab-9e40-4258-a39b-96a700000000','id','','24'),('5ce3f0ab-ba80-41ce-a2da-96a700000000','5ce3f0ab-9618-438a-9d5d-96a700000000','id','','19'),('5ce3f0ab-bb40-4e45-9b52-96a700000000','5ce3f0ab-08f8-4305-a3e7-96a700000000','name','','Third Party Intrusion'),('5ce3f0ab-bf58-473e-b68f-96a700000000','5ce3f0ab-ace8-43e4-9087-96a700000000','id','','34'),('5ce3f0ab-c0fc-4627-b0c3-96a700000000','5ce3f0ab-9234-46c5-9af6-96a700000000','id','','13'),('5ce3f0ab-c478-444b-8b78-96a700000000','5ce3f0ab-6884-41c2-a512-96a700000000','name','','Lack of Physical Guards'),('5ce3f0ab-c8a8-4a25-a4a2-96a700000000','5ce3f0ab-5df0-4054-83ca-96a700000000','id','','28'),('5ce3f0ab-c940-4623-aca0-96a700000000','5ce3f0ab-6194-4efc-ab3a-96a700000000','name','','Spying'),('5ce3f0ab-c984-4c9a-bc6c-96a700000000','5ce3f0ab-a6ac-4836-8376-96a700000000','id','','23'),('5ce3f0ab-ce9c-4a4d-a417-96a700000000','5ce3f0ab-d400-4eeb-8859-96a700000000','id','','13'),('5ce3f0ab-cfe4-4086-8d65-96a700000000','5ce3f0ab-495c-4a5a-a436-96a700000000','name','','Man in the Middle'),('5ce3f0ab-d044-4356-bdbf-96a700000000','5ce3f0ab-c284-4140-8703-96a700000000','id','','27'),('5ce3f0ab-d2bc-4e64-8e6e-96a700000000','5ce3f0ab-fc10-4e99-88d7-96a700000000','id','','20'),('5ce3f0ab-d4a0-46bd-b4ff-96a700000000','5ce3f0ab-8c98-4386-960d-96a700000000','name','','Lack of Fire Extinguishers'),('5ce3f0ab-d5c8-4010-a365-96a700000000','5ce3f0ab-544c-46cd-b919-96a700000000','id','','31'),('5ce3f0ab-d884-463e-aab0-96a700000000','5ce3f0ab-846c-4aa6-b793-96a700000000','id','','18'),('5ce3f0ab-dc14-4cd3-bff9-96a700000000','5ce3f0ab-7788-4ada-bb41-96a700000000','name','','Lack of Network Controls'),('5ce3f0ab-ddd0-4651-b093-96a700000000','5ce3f0ab-a780-4c3c-944e-96a700000000','name','','Open Network Ports'),('5ce3f0ab-de20-4fd9-8130-96a700000000','5ce3f0ab-5c24-4dc0-8735-96a700000000','name','','Lack of Information'),('5ce3f0ab-e2a4-4abd-96a8-96a700000000','5ce3f0ab-c800-4524-aa29-96a700000000','id','','16'),('5ce3f0ab-e2f4-42af-861b-96a700000000','5ce3f0ab-a780-4c3c-944e-96a700000000','id','','26'),('5ce3f0ab-e6b8-4c91-ba3c-96a700000000','5ce3f0ab-b0bc-43f8-95b4-96a700000000','id','','22'),('5ce3f0ab-ef30-4be6-a92c-96a700000000','5ce3f0ab-7528-4c25-bbba-96a700000000','name','','Lack of Logs'),('5ce3f0ab-f0c8-4e50-b9a7-96a700000000','5ce3f0ab-b234-42c4-952e-96a700000000','id','','17'),('5ce3f0ab-f20c-4189-a530-96a700000000','5ce3f0aa-d5b4-49a6-a14e-96a700000000','id','','9'),('5ce3f0ab-f3ec-4979-b79b-96a700000000','5ce3f0ab-74f4-47f3-909f-96a700000000','name','','Viruses'),('5ce3f0ab-f4e8-4115-bf73-96a700000000','5ce3f0ab-d6c0-480d-9f6d-96a700000000','id','','20'),('5ce3f0ab-f814-4119-9059-96a700000000','5ce3f0ab-69ac-4e87-bfa2-96a700000000','id','','32'),('5ce3f0ab-f944-4a6b-8925-96a700000000','5ce3f0ab-5cdc-49b8-a01c-96a700000000','name','','Lack of Patching'),('5ce3f0ab-fb34-4f3f-bc1c-96a700000000','5ce3f0ab-a774-473f-be86-96a700000000','name','','Supplier Failure'),('5e1e8b58-0fac-48e8-a6af-e931b3541a8b','7c6086c8-ed8e-4b89-8851-ed824c1a57a2','risks',NULL,NULL),('5f164139-6cbf-4031-b458-53c908a15449','01566f7b-e7a9-4980-869a-a94c2aa23118','projects',NULL,NULL),('5f5731f2-3d80-4e1f-bfd1-ea748193f432','dadf7ee8-8c07-442a-b134-dad61365304c','business_continuities',NULL,NULL),('5f66c409-c8ba-4b9d-9ab2-e77a262bb63b','598486fc-5e7e-4cf4-89d0-a85ea1dfe451','name',NULL,'Encrypt all non-console administrative access using strong cryptography.'),('5fdebd72-9d63-4a60-9929-e96014c523a9','c587b2f4-3133-4a88-a144-5a71af42303b','name',NULL,'Requirement for cryptographic keycustodians to formally acknowledge thatthey understand and accept their keycustodian responsibilities.'),('6025f3f1-9897-4e3e-a8ef-6ed3c0eac199','0f78fa30-e0b4-4796-a531-c44e01f9223d','third_party_risks',NULL,NULL),('60b0feaf-212b-4c5f-abf9-3bcb0e5d3703','993cc4a9-c85d-486d-942e-8d5b8c874fd6','assets',NULL,NULL),('611b8c1b-949f-4fbc-9c9d-785c24a00220','6456dd9b-b455-4192-a16d-f50ff469777c','description',NULL,''),('61bb7b55-38f5-4eee-86e2-42e994c9da83','211f85de-c859-4b6d-ba18-0f6b8829a9d2','legal_id',NULL,NULL),('620a9c55-aba0-4bb3-8d2c-fb8413ace30a','aa83a032-22e6-41d8-86ed-9a9d32f01028','security_services',NULL,NULL),('620e4b4e-3df6-489f-a6c4-3f442505c50f','211f85de-c859-4b6d-ba18-0f6b8829a9d2','assets',NULL,NULL),('621b8323-8b2b-4545-9b07-19530e1773bb','63736495-acb2-4490-9741-faf82749ed2a','description',NULL,'NA'),('622dd0a7-8ccd-4c18-9973-630f3a84dbb2','88c23ffe-56ab-49ce-aaea-1aec24c9d767','item_id',NULL,'2.4.0'),('624f717b-b34f-4dd5-a16a-0e885db7e8bf','5c25c694-1fa8-4b2c-bf63-a77c2e323697','item_id',NULL,'9.8.0'),('6360dcb6-e421-4bb8-829d-134e30e19f3c','19ee58ea-210f-49b5-a55a-3d1e0e8e979e','name',NULL,'Develop and maintain secure systems and applications'),('6369e19c-7245-4c24-99b3-c3f200b69b75','5fa7d0e0-44cf-47d9-965a-192c2e3b9bc7','name',NULL,'Removal of test data and accountsfrom system components before the systembecomes active / goes into production.'),('63813d79-eb50-4d28-9f4c-6a475ebabe1b','0f78fa30-e0b4-4796-a531-c44e01f9223d','compliance_exceptions',NULL,NULL),('638e6d75-0043-4409-a304-315f9c06a034','30a69c7f-6cd2-4050-afb4-28607722cf7b','legal_id',NULL,NULL),('63a81d5e-d287-401e-826c-29ae55a1fe2a','b1ad8471-bacc-42c3-9823-c16da0bc40c4','business_continuities',NULL,NULL),('63fd89fe-0734-41b1-97b1-7798a2449a5a','4cef499d-d341-4ae6-8840-b650b1eef0a3','compliance_exceptions',NULL,NULL),('63fdbb8a-b3a3-4175-ba09-1777a3abdb79','427ea6c6-d9db-4e12-810c-75d8581fe438','legal_id',NULL,NULL),('648735e2-d5dc-4d6f-93ec-55adc687b54b','993cc4a9-c85d-486d-942e-8d5b8c874fd6','compliance_package_item_id',NULL,'30'),('64b52429-3bd6-40db-bd34-dadae4ff3572','b1ad8471-bacc-42c3-9823-c16da0bc40c4','risks',NULL,NULL),('65c964a0-1edb-4291-80cf-7e75ee02e224','211f85de-c859-4b6d-ba18-0f6b8829a9d2','security_services',NULL,NULL),('66c131d9-9b65-4aa3-99d3-e88dc1ca922b','60f6c13d-eefc-4bce-8048-5aca700c8d68','compliance_treatment_strategy_id',NULL,NULL),('67972026-86d2-4802-b47c-d2d012b9c861','5c25c694-1fa8-4b2c-bf63-a77c2e323697','id',NULL,'30'),('67b9ce92-d132-4ec6-b7dc-3f1da537d66e','51da3eb0-7ebf-4025-ab68-5fb87dc02732','name',NULL,'Use appropriate facility entry controls to limit and monitor physical access to systems in the cardholder data environment.'),('6819f0ec-ee57-4847-81c6-bedef9356214','01566f7b-e7a9-4980-869a-a94c2aa23118','third_party_risks',NULL,NULL),('690fe2ec-f923-4038-a1af-26f2b6d4ea82','395125b6-810b-431d-94a6-632eba3bfcf3','compliance_package_regulator_id',NULL,'1'),('692583c4-4e29-42f3-87c6-6dbe23d5435f','7c6086c8-ed8e-4b89-8851-ed824c1a57a2','compliance_analysis_findings',NULL,NULL),('69b8f921-6f19-4d1c-8c1f-05e0f3e6d36a','d6cc3a42-d372-405e-80c6-27c33f9d0043','projects',NULL,NULL),('6a28df4b-8585-40c9-acfe-18ae9ff0813e','e9631299-6e38-48cd-ac60-7bca3825240f','assets',NULL,NULL),('6a295028-1921-4f4f-9682-4ab18fd612f7','ddbe07bf-d2ca-46fc-b86f-a82b4ab0cdcd','description',NULL,'NA'),('6b6cccb8-55a9-4842-a75c-162626343d2d','395125b6-810b-431d-94a6-632eba3bfcf3','description',NULL,'Voortdurend proces'),('6b9931f1-d6b4-4ec4-8858-1bb4e623282a','4aa50cb2-2ca8-4c7d-ad83-34c385f7d552','package_id',NULL,'7'),('6b9c31dd-6661-4b43-9451-4f56d14de726','c587b2f4-3133-4a88-a144-5a71af42303b','compliance_package_id',NULL,'3'),('6bc694b2-d347-4c98-a74d-4e77f3499a4f','408649b7-5162-487e-aadc-1e04525df7ec','id',NULL,'23'),('6c088860-a00a-48af-a653-59efcd16700f','ea8ed1e1-b0bd-4594-8599-8b9e9f096b4e','security_services',NULL,NULL),('6c15da76-efa4-4153-a442-68b979240290','5e071125-beed-420a-b981-c2be69e97bec','name',NULL,'Implement additional security features for any required services protocols or daemons that are considered to be insecure.'),('6c3408a1-4575-4d49-8d3c-399550fe06ab','331db9b1-bfe4-470c-8e14-38788adcd01a','third_party_risks',NULL,NULL),('6c4d1ccc-518d-4766-9d86-82303acf4ce4','da432b62-3bbf-4f20-8b08-4972fd373771','description',NULL,'Onmiddelijk'),('6c60ff69-ac53-462e-ad00-76341af9028b','331db9b1-bfe4-470c-8e14-38788adcd01a','id',NULL,'27'),('6c85f6eb-c360-45a5-bffc-bb20fa19acc3','ea8ed1e1-b0bd-4594-8599-8b9e9f096b4e','projects',NULL,NULL),('6cf1a472-858e-42d6-be86-dcc145639ff3','fd4a13da-1e94-4ff1-842d-13b1ba78f4e8','name',NULL,'Perform internal and externalscans and rescans as needed after anysignificant change. Scans must beperformed by qualified personnel.'),('6d30cc93-adaf-4688-90ee-edb96a3e7814','dbe1d76c-517e-4f30-8238-cf6116e8a7d3','id',NULL,'27'),('6e094c77-840e-4c53-923d-cd90b2216af0','d811217c-4317-45ab-a746-fd4d2cbb06eb','assets',NULL,NULL),('6e88284a-ace0-4af2-8e6b-46ddce72a5e0','249db5a3-d9cc-4327-b67b-e65c41b33c45','projects',NULL,NULL),('6eb45ded-e388-4a03-814e-59ad9e8a1d60','0c6095dc-551d-4592-9a0b-61e1367ef557','compliance_treatment_strategy_id',NULL,NULL),('6ebf8963-e204-40c9-b516-51f13b99e583','9a352715-a7a0-40fd-a441-44989a236f23','legal_id',NULL,NULL),('6ecb0344-5657-47e9-9545-a88bf3f1429e','c7461e5f-dac8-40ad-8a27-0e8311870f30','compliance_treatment_strategy_id',NULL,NULL),('6ed1ae85-a911-4c8d-8d78-52dd02585604','fcf434db-25b5-4be6-ae1f-e857a4cf1975','description',NULL,'NA'),('6f147c18-0a1b-4678-b7d1-5f82e898ebf6','64883c32-f735-4d60-b3a4-d5085537038f','compliance_analysis_findings',NULL,NULL),('6f75dc7f-d480-400a-9e48-695a083da9a8','64883c32-f735-4d60-b3a4-d5085537038f','owners',NULL,NULL),('6fe355d6-5825-4c6f-b4ff-55650691e7aa','88c23ffe-56ab-49ce-aaea-1aec24c9d767','id',NULL,'9'),('708b4f27-0a8d-45b5-a20b-5b7270c66443','249db5a3-d9cc-4327-b67b-e65c41b33c45','owners',NULL,NULL),('70c6d019-aa80-4083-b235-4e742c4af259','eef28375-5c23-4c82-a173-07b858809849','item_id',NULL,'5.4.0'),('712f9500-d188-4179-9961-d77166f021cc','d6cc3a42-d372-405e-80c6-27c33f9d0043','compliance_exceptions',NULL,NULL),('71480a43-178b-41f0-954d-58e8a678151f','ddbe07bf-d2ca-46fc-b86f-a82b4ab0cdcd','compliance_package_id',NULL,'10'),('7191fcbd-e89a-4f34-9091-504d3790e71c','4aa50cb2-2ca8-4c7d-ad83-34c385f7d552','name',NULL,'Restrict access to cardholder data by business need to know'),('71a0baff-e9b4-4b8f-8190-701aca50af2c','23d3be9e-ced1-4881-865f-ae5a801cc240','third_party_risks',NULL,NULL),('71c0d896-46cb-405a-8ac5-7a905ce53759','a7979608-54af-463c-b7ab-db34f65c2e13','compliance_package_item_id',NULL,'33'),('71d898a3-293c-44df-b3bf-cc7aa0233cdb','249db5a3-d9cc-4327-b67b-e65c41b33c45','third_party_risks',NULL,NULL),('72060e5b-656f-4d53-a4dd-8555a0e50a49','19263c3f-ff32-4560-8bae-10a395ef719e','restriction',NULL,'1'),('7268eefe-3cdf-4e84-a619-f3920863ab14','5fa7d0e0-44cf-47d9-965a-192c2e3b9bc7','item_id',NULL,'6.4.4'),('72bfde4d-7701-4bdf-a245-e706a5ac951a','0048b05e-f2cd-4f8a-800a-6bf57e264a45','risks',NULL,NULL),('72feec8d-689a-46d0-9103-5ad9179e9aac','476d5b08-bfa2-4240-9890-367e1a2fc2ba','id',NULL,'3'),('734f4cdf-0ff3-4661-81d4-1390b42f83d2','ca404cea-266f-41ff-986b-efd9cfaa6a9b','item_id',NULL,'12.3.9'),('7365c9b1-06aa-461c-8cd5-f2b33f028bc2','1fcc1ec4-1fe8-4c1e-b255-249d6ad4e6dd','efficacy',NULL,'0'),('738a5946-6e8b-4d40-8b85-ab65cb4a259c','fcf434db-25b5-4be6-ae1f-e857a4cf1975','item_id',NULL,'8.1.5'),('738ebd35-b86b-4359-ac3b-9379e2aee2d7','249db5a3-d9cc-4327-b67b-e65c41b33c45','compliance_analysis_findings',NULL,NULL),('7394cb4e-8451-4783-95dd-5ef207b98997','30a69c7f-6cd2-4050-afb4-28607722cf7b','efficacy',NULL,'0'),('73b91cba-4e24-450e-b03f-8962703b5e19','00c10454-7fc8-48fa-bb14-efb241758980','compliance_analysis_findings',NULL,NULL),('7453e318-aef1-4819-915f-a08af69b4380','249db5a3-d9cc-4327-b67b-e65c41b33c45','compliance_treatment_strategy_id',NULL,NULL),('7493a956-060e-4b4b-be3a-1aaeba9e5504','4cef499d-d341-4ae6-8840-b650b1eef0a3','compliance_treatment_strategy_id',NULL,NULL),('74c27078-79b4-4034-aa77-cf423993fa5f','0c6095dc-551d-4592-9a0b-61e1367ef557','legal_id',NULL,NULL),('74ef03e3-94dc-43fc-8ec9-bcafceadd33c','01566f7b-e7a9-4980-869a-a94c2aa23118','business_continuities',NULL,NULL),('74f9059b-f4d1-480d-a80e-4980cccc2128','1fcc1ec4-1fe8-4c1e-b255-249d6ad4e6dd','security_services',NULL,NULL),('7501aea3-1763-49c6-aec7-0ddf061a8d32','1426ecf2-eeea-4cbe-b0e1-0ab6e09d2927','id',NULL,'20'),('75c6ba6a-9b8f-41c6-9e46-f5d50ebbfd22','01566f7b-e7a9-4980-869a-a94c2aa23118','risks',NULL,NULL),('75e09a08-4330-4189-9a33-b894ff9fdefe','4dfc1eaa-57fb-4402-8f5f-776ab7a6d8b4','description',NULL,'NA'),('7696b643-937d-4ca6-8bcf-b779ee8269b2','d811217c-4317-45ab-a746-fd4d2cbb06eb','description',NULL,''),('76a23464-4f4b-4829-a234-71cbac886a24','7c6086c8-ed8e-4b89-8851-ed824c1a57a2','owners',NULL,NULL),('76e5a6c4-f3ae-486c-9866-4ff68d8c5c36','4d4e725a-9916-4bcc-b530-c950998422b0','third_party_risks',NULL,NULL),('77217028-0e02-4d70-ae4c-a6e8716b123a','993cc4a9-c85d-486d-942e-8d5b8c874fd6','security_services',NULL,NULL),('78e6851f-ebe7-43a8-a4d8-aaf51692eb92','476d5b08-bfa2-4240-9890-367e1a2fc2ba','legal_id',NULL,NULL),('7908650b-493b-450a-aad7-4e166992cc9d','9a352715-a7a0-40fd-a441-44989a236f23','risks',NULL,NULL),('7953bfb2-0484-4feb-9cf5-3363147e7946','bc29d9eb-a010-4868-a802-01dbbabcd32d','id',NULL,'14'),('7972f6cc-739c-409d-8ffa-48a0d1ad7578','6ad9c3dc-22cd-4282-90f8-5b135470ae63','id',NULL,'19'),('79e6aecd-cff0-451b-ac59-15fae08f15fc','4aa50cb2-2ca8-4c7d-ad83-34c385f7d552','compliance_package_regulator_id',NULL,'1'),('7a6a3f2b-0158-4477-8cca-e7fcc37b0d05','22a5f295-6249-45ce-b52a-32c2757763f7','id',NULL,'10'),('7ab6082e-389c-43eb-b3ef-829b2df1cda0','fd4a13da-1e94-4ff1-842d-13b1ba78f4e8','compliance_package_id',NULL,'11'),('7ac4e6cf-3e71-4480-8fd2-0611cefb184d','c37007cf-67c9-47d2-8be5-9ee046bbe6b6','security_services',NULL,NULL),('7ae00670-74bd-41e2-85e3-148ecee3d5ee','19263c3f-ff32-4560-8bae-10a395ef719e','description',NULL,'test'),('7b049d35-357c-4869-b72e-8e9ca309c90c','23d3be9e-ced1-4881-865f-ae5a801cc240','legal_id',NULL,NULL),('7b144dd2-dba8-4609-9d19-09e75ead4d47','929a9a01-1557-4b1b-914b-fc06901fe734','item_id',NULL,'3.7.0'),('7b7d66e7-c8c4-4163-b3b0-a9006b07f982','4347ae81-9af1-4355-a880-300433c53862','legal_id',NULL,NULL),('7b9fab77-19f7-4254-aa5c-821d03e9a61c','459a7c58-97e4-4bc9-a0b1-27ca8dad13ec','name',NULL,'Ensure that security policies andoperational procedures for encryptingtransmissions of cardholder data aredocumented in use and known to allaffected parties.'),('7ba76ba2-d1f7-4afc-bc6d-014549cb308c','f8b01dc3-7c24-4fe1-8bac-130a0ffee179','name',NULL,'Promptly back up audit trail filesto a centralized log server or mediathat is difficult to alter.'),('7babbd27-f66f-43a7-b9e8-025d6da698dc','aa83a032-22e6-41d8-86ed-9a9d32f01028','projects',NULL,NULL),('7bb554a5-4f2a-41f4-92ff-5e917f6aa90c','bc29d9eb-a010-4868-a802-01dbbabcd32d','efficacy',NULL,'0'),('7be62a58-85cb-4c7f-9081-3a2d9312bb71','408649b7-5162-487e-aadc-1e04525df7ec','audit_questionaire',NULL,'NA'),('7c516470-5fbc-4066-ae8a-3e5c7fd2cb45','ca404cea-266f-41ff-986b-efd9cfaa6a9b','name',NULL,'Activation of remote-accesstechnologies for vendors and businesspartners only when needed by vendors andbusiness partners with immediatedeactivation after use'),('7c624019-3046-4d02-9148-c38b544fa5cc','0ee5e719-bd17-4cd6-a495-c41d5ca66594','compliance_package_item_id',NULL,'9'),('7cc60e3d-60e3-4aa3-8f5e-afbc0b8b5e02','0c6095dc-551d-4592-9a0b-61e1367ef557','projects',NULL,NULL),('7cc7a5a0-5e54-49b6-a2b1-5f8883a34a2f','c37007cf-67c9-47d2-8be5-9ee046bbe6b6','id',NULL,'20'),('7cd81587-961a-416f-a86c-40c3e35c6ff1','1a855041-525e-413c-b004-e5b41a48aa52','name',NULL,'Protect stored cardholder data'),('7d092ca9-8a69-4a21-bf92-fa95dee5b9e4','1af8fb31-d4df-4fe1-8ad6-89cab21b1f35','name',NULL,'Do not use vendor-supplied defaults for system passwords and other security parameters'),('7d9fae43-b5bf-4bb3-bee1-7b8b68f1407a','0c6095dc-551d-4592-9a0b-61e1367ef557','description',NULL,''),('7de4d268-4ccb-4cec-8ee1-5193b589b7fe','331db9b1-bfe4-470c-8e14-38788adcd01a','assets',NULL,NULL),('7e0cc4af-d0c9-4bea-9392-f828a412335f','211f85de-c859-4b6d-ba18-0f6b8829a9d2','owners',NULL,NULL),('7e50f32f-5eda-4280-ac0f-be22e84ef920','2fd5db46-49bf-4a58-ba88-9f4dff429150','compliance_package_id',NULL,'6'),('7e5531b7-3f16-4267-80de-5d9cb31ca3eb','0f78fa30-e0b4-4796-a531-c44e01f9223d','projects',NULL,NULL),('7eb75c0d-2c18-4f89-94e4-a3f14e4c0a89','7c6086c8-ed8e-4b89-8851-ed824c1a57a2','business_continuities',NULL,NULL),('7edef9c7-e1fd-4573-9b93-15b9068ff146','890c6df3-d07c-4fa8-9da7-76f5159f0902','audit_questionaire',NULL,'NA'),('7f50f709-ae7e-48c3-8f1b-618bf9a092ab','e1453416-416e-4045-a386-9a389b43602e','item_id',NULL,'5.2.0'),('7f5b6c85-d594-42e5-ad56-e922538f1118','e1453416-416e-4045-a386-9a389b43602e','name',NULL,'Ensure that all anti-virus mechanismsare maintained as follows:'),('7fa55c09-af83-40df-a652-d6c99339f729','c37007cf-67c9-47d2-8be5-9ee046bbe6b6','projects',NULL,NULL),('7fcef838-19f1-4011-b57c-07fe8229b57f','a7979608-54af-463c-b7ab-db34f65c2e13','id',NULL,'33'),('80162046-b313-458e-82c8-01e21594e489','0f78fa30-e0b4-4796-a531-c44e01f9223d','assets',NULL,NULL),('802a8c91-1c0c-43a7-a770-60ae61570f8f','9a352715-a7a0-40fd-a441-44989a236f23','compliance_analysis_findings',NULL,NULL),('802bcd46-62d7-4ce4-a611-365579322f53','ea8ed1e1-b0bd-4594-8599-8b9e9f096b4e','id',NULL,'1'),('803b5bf3-e394-44be-ae86-79e80099e1e3','4d4e725a-9916-4bcc-b530-c950998422b0','legal_id',NULL,NULL),('806332f5-5f83-4c33-b8f2-4cdc55309fc1','1af8fb31-d4df-4fe1-8ad6-89cab21b1f35','package_id',NULL,'2'),('80b51bf2-c18c-4a2e-9fbc-177f154ee19d','00c10454-7fc8-48fa-bb14-efb241758980','risks',NULL,NULL),('80d7d6d0-0492-4905-a071-e1807930ca09','22a5f295-6249-45ce-b52a-32c2757763f7','name',NULL,'Ensure that security policies and operational procedures for managing vendor defaults and other security parameters are documented in use and known to all affected parties.'),('818da47a-f308-4eb7-a2e9-4e1cb6c23d5c','331db9b1-bfe4-470c-8e14-38788adcd01a','security_services',NULL,NULL),('81a8c62a-b051-4e3f-84b4-8b2819c5b85e','1fcc1ec4-1fe8-4c1e-b255-249d6ad4e6dd','risks',NULL,NULL),('8203e886-b8f2-4d87-afbf-fd3d4c843523','6456dd9b-b455-4192-a16d-f50ff469777c','business_continuities',NULL,NULL),('8210b5c7-0535-4404-b843-65fa3b3f17a4','d6cc3a42-d372-405e-80c6-27c33f9d0043','business_continuities',NULL,NULL),('821271bc-4669-412b-8275-0cd24ce1d644','9a352715-a7a0-40fd-a441-44989a236f23','owners',NULL,NULL),('828dfa2e-615a-4a6a-8205-8bd2c053eedc','6456dd9b-b455-4192-a16d-f50ff469777c','third_party_risks',NULL,NULL),('828f218f-05a1-47dc-ac47-221d239be3f6','aa83a032-22e6-41d8-86ed-9a9d32f01028','business_continuities',NULL,NULL),('82c564c7-9f68-4301-83e5-990cde9fdea4','dadf7ee8-8c07-442a-b134-dad61365304c','legal_id',NULL,NULL),('833c8d48-a288-4408-a4fd-fc538b2bb702','459a7c58-97e4-4bc9-a0b1-27ca8dad13ec','compliance_package_id',NULL,'4'),('83eafd6e-87d3-455b-8fd3-c2d94af0b74d','0048b05e-f2cd-4f8a-800a-6bf57e264a45','projects',NULL,NULL),('840d230b-7e2a-45f9-bf7d-7ce1df1bf01c','30a69c7f-6cd2-4050-afb4-28607722cf7b','compliance_analysis_findings',NULL,NULL),('84a5e12c-aaa6-4444-b37c-9bbe1e679867','ea8ed1e1-b0bd-4594-8599-8b9e9f096b4e','risks',NULL,NULL),('85ac0ccd-ed8b-451d-bca9-bb1d8e2317af','c37007cf-67c9-47d2-8be5-9ee046bbe6b6','risks',NULL,NULL),('85be3c35-0cb1-4bb9-826d-bbe3077fe52c','476d5b08-bfa2-4240-9890-367e1a2fc2ba','compliance_exceptions',NULL,NULL),('85e47f0f-ee9b-4452-9d5e-4ab2fd5a5999','427ea6c6-d9db-4e12-810c-75d8581fe438','assets',NULL,NULL),('8694b100-1e7a-4168-b89b-356d14ee01a5','7c6086c8-ed8e-4b89-8851-ed824c1a57a2','third_party_risks',NULL,NULL),('86ef532d-b7d4-4661-bc7c-873c8afdb546','ea8ed1e1-b0bd-4594-8599-8b9e9f096b4e','owners',NULL,NULL),('87275db5-d342-427f-a17e-32e22be91698','890c6df3-d07c-4fa8-9da7-76f5159f0902','description',NULL,'NA'),('87348d98-da34-4f0d-80e1-39583af90fa7','4d4e725a-9916-4bcc-b530-c950998422b0','efficacy',NULL,'0'),('87c2fae5-3268-44cc-9210-bdb1d1e060b1','4347ae81-9af1-4355-a880-300433c53862','description',NULL,''),('883ca21b-dd95-4a61-8fe6-6f3251742e0c','dbe1d76c-517e-4f30-8238-cf6116e8a7d3','name',NULL,'Set the lockout duration to a minimum of 30 minutes or until an administrator enables the user ID.'),('884d97b1-4303-4048-866f-07ca58ee28cd','0ee5e719-bd17-4cd6-a495-c41d5ca66594','third_party_risks',NULL,NULL),('88d5f26e-8795-4bd5-8036-dcbd04404b04','dadf7ee8-8c07-442a-b134-dad61365304c','third_party_risks',NULL,NULL),('89374732-0321-4efa-a7db-515db9d1b4ad','d811217c-4317-45ab-a746-fd4d2cbb06eb','business_continuities',NULL,NULL),('893cb82c-4476-4238-b554-e4c2c4504502','331db9b1-bfe4-470c-8e14-38788adcd01a','risks',NULL,NULL),('89582e51-008c-4213-a5eb-f93a45da9a67','bc29d9eb-a010-4868-a802-01dbbabcd32d','third_party_risks',NULL,NULL),('89ba509c-d736-4933-a02e-9e6458692ea1','ddbe07bf-d2ca-46fc-b86f-a82b4ab0cdcd','item_id',NULL,'10.9.0'),('89ddd198-cb7b-415a-95ec-f48ea0b4934b','4d4e725a-9916-4bcc-b530-c950998422b0','compliance_analysis_findings',NULL,NULL),('8a438b14-c7c8-4d86-b56f-f543cad1f345','9a352715-a7a0-40fd-a441-44989a236f23','compliance_treatment_strategy_id',NULL,NULL),('8b10157e-62ac-4c07-8130-79c6371b07d5','9538c7ca-4c42-4f5c-a9d5-0a406ef2cafa','item_id',NULL,'2.1.1'),('8b2ebe40-58ba-42ed-aef3-7d04618dc56a','ea8ed1e1-b0bd-4594-8599-8b9e9f096b4e','compliance_analysis_findings',NULL,NULL),('8b54f7b7-31c2-4ef5-8d0f-927186033608','00c10454-7fc8-48fa-bb14-efb241758980','projects',NULL,NULL),('8b69976f-31b1-49a2-8586-6140299d907a','c3ba6fc7-6e31-4d7c-914e-9b4ff7d7563f','id',NULL,'11'),('8c62d7b8-6538-4fac-aad6-7c07ef2024de','9a352715-a7a0-40fd-a441-44989a236f23','efficacy',NULL,'0'),('8cad7378-7c47-4380-9fee-f8872fa26a9b','e1453416-416e-4045-a386-9a389b43602e','audit_questionaire',NULL,'NA'),('8cb444ec-224a-4fd7-b988-0bc039cd2a1c','e9631299-6e38-48cd-ac60-7bca3825240f','id',NULL,'12'),('8cd9dc5e-8246-4984-901f-e31d29915a2a','0c6095dc-551d-4592-9a0b-61e1367ef557','owners',NULL,NULL),('8cf0ad34-2b5d-4787-961c-577d5fbaacee','da432b62-3bbf-4f20-8b08-4972fd373771','id',NULL,'10'),('8d171bce-8826-4cb8-bc1e-b52b5eea2682','9a352715-a7a0-40fd-a441-44989a236f23','projects',NULL,NULL),('8d8a02b9-45e6-4948-893c-526ffebbb26d','0048b05e-f2cd-4f8a-800a-6bf57e264a45','business_continuities',NULL,NULL),('8dc9c12d-31d4-4d10-b73e-51133c46b06d','ea65d5b5-7d1b-47c6-a3f9-58f038667b30','id',NULL,'4'),('8e21546f-70b5-44dc-af54-4d63402ed67d','ca404cea-266f-41ff-986b-efd9cfaa6a9b','id',NULL,'35'),('8e560114-0dc4-4e88-b5b0-3a951e6262e3','459a7c58-97e4-4bc9-a0b1-27ca8dad13ec','audit_questionaire',NULL,'NA'),('8e6b44cd-e1b7-4358-a407-2c17994a7262','c37007cf-67c9-47d2-8be5-9ee046bbe6b6','efficacy',NULL,'0'),('8ec04fa2-0eb7-4b8e-be4d-497561091920','1fcc1ec4-1fe8-4c1e-b255-249d6ad4e6dd','legal_id',NULL,NULL),('8f03b6eb-16d8-451e-a82c-e38b2e16f3af','0ee5e719-bd17-4cd6-a495-c41d5ca66594','owners',NULL,NULL),('8f27d156-a68c-495c-83fa-81a0be037c8c','505c3cc4-9eba-460d-8b1e-c1d61c142baf','item_id',NULL,'2.2.0'),('8f36f003-00fa-4e4c-aa93-4a22d3228804','63736495-acb2-4490-9741-faf82749ed2a','audit_questionaire',NULL,'NA'),('8f8726c9-bdd1-4f91-b4ef-ddf8d3516183','9a352715-a7a0-40fd-a441-44989a236f23','compliance_package_item_id',NULL,'24'),('8fc6c2c4-270d-4be5-8baf-cac627c59d79','249db5a3-d9cc-4327-b67b-e65c41b33c45','compliance_package_item_id',NULL,'5'),('90a91908-c000-446f-a787-b06fb18b0e79','23d3be9e-ced1-4881-865f-ae5a801cc240','description',NULL,''),('914aa76c-e6b9-475d-8c36-285e25a035f0','bc29d9eb-a010-4868-a802-01dbbabcd32d','projects',NULL,NULL),('914ba427-28e4-4ee4-a2f1-1f6679501f5e','ea8ed1e1-b0bd-4594-8599-8b9e9f096b4e','compliance_exceptions',NULL,NULL),('91821a90-9ab6-4e5b-a122-3eff90f34cf7','19263c3f-ff32-4560-8bae-10a395ef719e','name',NULL,'test'),('91e8989a-03f7-4ee7-b229-c7121b17a032','30a69c7f-6cd2-4050-afb4-28607722cf7b','description',NULL,''),('9222141c-05e4-416b-9ea2-8bc1c33f76dc','331db9b1-bfe4-470c-8e14-38788adcd01a','compliance_package_item_id',NULL,'27'),('926385dd-c4b8-489e-9da2-e26f724282b6','e1453416-416e-4045-a386-9a389b43602e','description',NULL,'NA'),('929259f9-68dc-48d7-a697-8c09761bc69c','64883c32-f735-4d60-b3a4-d5085537038f','compliance_package_item_id',NULL,'23'),('92f70bd7-cdd6-4c61-ba2e-0dcb0124bc07','e9631299-6e38-48cd-ac60-7bca3825240f','projects',NULL,NULL),('9315c9a2-6af6-4595-ab6c-ce764b88dc41','505c3cc4-9eba-460d-8b1e-c1d61c142baf','audit_questionaire',NULL,'NA'),('931a7f8e-5478-4c5f-a790-10918e23f8ed','aa83a032-22e6-41d8-86ed-9a9d32f01028','compliance_package_item_id',NULL,'10'),('933a76b9-2b6e-4967-bf5e-a1561224f6d1','331db9b1-bfe4-470c-8e14-38788adcd01a','efficacy',NULL,'0'),('938a991c-4999-411e-876e-cd51a6a0d3fd','86c329a2-673a-4a93-87c2-cbc5335e3060','description',NULL,'NA'),('94010fa0-4e28-4eeb-acdf-8d874424b41c','30a69c7f-6cd2-4050-afb4-28607722cf7b','owners',NULL,NULL),('9470a0a4-8ca4-411a-954e-649185083dc3','1af8fb31-d4df-4fe1-8ad6-89cab21b1f35','id',NULL,'2'),('948931bd-5769-4e8a-9185-169dce124966','9538c7ca-4c42-4f5c-a9d5-0a406ef2cafa','id',NULL,'5'),('94ec6e66-e84b-4fb8-bacf-732ddbce1808','459a7c58-97e4-4bc9-a0b1-27ca8dad13ec','id',NULL,'13'),('94f31f43-48d5-478e-ae8a-8eb15a4cfdf0','aa83a032-22e6-41d8-86ed-9a9d32f01028','compliance_treatment_strategy_id',NULL,NULL),('95975d49-cd69-4607-9812-a4c8c8d8f3d4','249db5a3-d9cc-4327-b67b-e65c41b33c45','description',NULL,''),('964cd120-eb74-4d08-b6a9-88147f067f18','993cc4a9-c85d-486d-942e-8d5b8c874fd6','projects',NULL,NULL),('96ef5cb2-811e-4c5a-8b14-8be22709873c','88c23ffe-56ab-49ce-aaea-1aec24c9d767','compliance_package_id',NULL,'2'),('971507f2-09f3-450a-896f-952c0e4e7b51','4347ae81-9af1-4355-a880-300433c53862','business_continuities',NULL,NULL),('97c91ced-e572-4c6c-a533-713c9ce56c69','4dfc1eaa-57fb-4402-8f5f-776ab7a6d8b4','name',NULL,'Immediately revoke access forany terminated users.'),('97f7aaac-fd8b-48f2-b306-9c406d4c5791','0f78fa30-e0b4-4796-a531-c44e01f9223d','id',NULL,'28'),('9860732d-70f1-4f55-b7e5-2e152683aa5b','fb47703f-05b3-4f34-a8d2-bad2424af399','name',NULL,'Identify and authenticate access to system components'),('99256f94-c337-4a2b-937f-0f5aa625f842','0c6095dc-551d-4592-9a0b-61e1367ef557','compliance_package_item_id',NULL,'25'),('995e4de2-467e-40d9-bbe0-5d5d1f35c7f7','63736495-acb2-4490-9741-faf82749ed2a','name',NULL,'Current network diagram that identifies all connections between the cardholder data environment and other networks including any wireless networks'),('998add96-3636-48c1-b578-839126124c19','1fcc1ec4-1fe8-4c1e-b255-249d6ad4e6dd','business_continuities',NULL,NULL),('9a4a7013-13aa-4a17-bdc4-b3c63b5462a9','e1453416-416e-4045-a386-9a389b43602e','compliance_package_id',NULL,'5'),('9add08e0-de68-4001-9296-42b64a96646b','5c25c694-1fa8-4b2c-bf63-a77c2e323697','compliance_package_id',NULL,'9'),('9b62cdc7-b6c6-49ad-bf7a-428c7c4e4231','929a9a01-1557-4b1b-914b-fc06901fe734','compliance_package_id',NULL,'3'),('9b65f19f-2241-4b6c-8efb-297de18c9d5c','60f6c13d-eefc-4bce-8048-5aca700c8d68','risks',NULL,NULL),('9bd912fe-7fa5-4474-b187-0bcf2af87356','a7979608-54af-463c-b7ab-db34f65c2e13','risks',NULL,NULL),('9c18f702-5a78-46ce-9db7-146786651aab','bc29d9eb-a010-4868-a802-01dbbabcd32d','compliance_package_item_id',NULL,'14'),('9c7472c8-4479-43ae-88ce-803d283b1dd3','63736495-acb2-4490-9741-faf82749ed2a','item_id',NULL,'1.1.2'),('9d198f47-f6b2-4d16-9766-c2020b3f7224','88c23ffe-56ab-49ce-aaea-1aec24c9d767','description',NULL,'NA'),('9d8a7525-7aa0-42e8-815d-bba4dee736cf','2fd5db46-49bf-4a58-ba88-9f4dff429150','item_id',NULL,'6.1.0'),('9dbe1fc0-445c-49ec-9e22-cda54320b2bb','427ea6c6-d9db-4e12-810c-75d8581fe438','security_services',NULL,NULL),('9dc38789-a586-4ecf-b1bc-6a076bafb301','00c10454-7fc8-48fa-bb14-efb241758980','compliance_exceptions',NULL,NULL),('9dd16d65-8e37-4bee-b5ce-8895c95075c2','249db5a3-d9cc-4327-b67b-e65c41b33c45','efficacy',NULL,'0'),('9ded87a4-a90e-4893-bf87-bc187ec0696f','c7461e5f-dac8-40ad-8a27-0e8311870f30','efficacy',NULL,'0'),('9dfcccb8-493f-4270-a18c-0e343b0bdcb9','51da3eb0-7ebf-4025-ab68-5fb87dc02732','compliance_package_id',NULL,'9'),('9e0204c7-7fa7-4dd0-b246-a26848cacf22','249db5a3-d9cc-4327-b67b-e65c41b33c45','security_services',NULL,NULL),('9e3d8900-8189-4a0b-8798-863aafdb36c0','4347ae81-9af1-4355-a880-300433c53862','projects',NULL,NULL),('9e570fd5-02a8-415f-96d5-de84f39b001f','4347ae81-9af1-4355-a880-300433c53862','id',NULL,'31'),('9e5ee6e4-f489-4ee6-8272-b45141eb47b4','9a352715-a7a0-40fd-a441-44989a236f23','third_party_risks',NULL,NULL),('9e9c9aaa-7c97-4d96-a2c5-826889371627','4d4e725a-9916-4bcc-b530-c950998422b0','compliance_treatment_strategy_id',NULL,NULL),('9ea9dfef-be7e-4c0c-95fe-b790915261ea','e99adfe2-1a20-4c12-b66c-c3bf2d2502d5','audit_questionaire',NULL,'NA'),('9f030d8f-ee2b-48be-b905-93afc3acf534','0c6095dc-551d-4592-9a0b-61e1367ef557','id',NULL,'25'),('9f2a0013-da5f-4a4b-9d7b-0695fc117315','1af8fb31-d4df-4fe1-8ad6-89cab21b1f35','description',NULL,'Voor netwerkverbinding'),('9f6e64cf-bbdb-43ff-a837-a42072762002','476d5b08-bfa2-4240-9890-367e1a2fc2ba','assets',NULL,NULL),('9fe4c476-b9e0-41f3-9306-2411845bd1a9','b1ad8471-bacc-42c3-9823-c16da0bc40c4','security_services',NULL,NULL),('a05b02dd-552b-4e3d-82d0-29ef3346f6d1','a7979608-54af-463c-b7ab-db34f65c2e13','assets',NULL,NULL),('a0712984-abd5-467c-b8f1-325162005217','4dfc1eaa-57fb-4402-8f5f-776ab7a6d8b4','item_id',NULL,'8.1.3'),('a072cfe2-7838-440c-a42c-c9126af3ec8c','d811217c-4317-45ab-a746-fd4d2cbb06eb','compliance_package_item_id',NULL,'29'),('a0a181e6-4eab-4fb8-8537-36457234bc06','993cc4a9-c85d-486d-942e-8d5b8c874fd6','description',NULL,''),('a0d7ac59-0366-46b5-b9ea-19ec053482be','166383f9-7a80-4be3-ab1c-966dbc7145c2','description',NULL,'NA'),('a1129c09-7cfc-44ee-8c1e-89b9d85191c8','b1ad8471-bacc-42c3-9823-c16da0bc40c4','legal_id',NULL,NULL),('a1847014-7277-4d64-bf57-3d02d3fa1750','c7461e5f-dac8-40ad-8a27-0e8311870f30','owners',NULL,NULL),('a1ceeed7-5ca5-4471-b7ff-43a4c9588582','1fcc1ec4-1fe8-4c1e-b255-249d6ad4e6dd','owners',NULL,NULL),('a1ec816c-0c45-41dc-a824-2a0cb0384999','7c6086c8-ed8e-4b89-8851-ed824c1a57a2','assets',NULL,NULL),('a1f2b324-1be0-4e1b-aade-01d2683ff06b','0048b05e-f2cd-4f8a-800a-6bf57e264a45','legal_id',NULL,NULL),('a29f46c0-ad1f-49d4-a9b6-f7ff43abd8f7','9538c7ca-4c42-4f5c-a9d5-0a406ef2cafa','description',NULL,'NA'),('a2c857f0-0b4c-4b24-b629-5503d137af0f','4d4e725a-9916-4bcc-b530-c950998422b0','business_continuities',NULL,NULL),('a33fb96e-917d-40fa-942a-873d5d1750fa','23d3be9e-ced1-4881-865f-ae5a801cc240','owners',NULL,NULL),('a37e66cb-fe81-411c-8fbb-61fd764a1b4c','993cc4a9-c85d-486d-942e-8d5b8c874fd6','efficacy',NULL,'0'),('a39afe67-d4b3-457a-b8f7-626bbfc4adf8','23d3be9e-ced1-4881-865f-ae5a801cc240','assets',NULL,NULL),('a3fbaf73-26a3-4dd8-884b-a304a0eafd19','7c6086c8-ed8e-4b89-8851-ed824c1a57a2','projects',NULL,NULL),('a444097c-9328-4927-97c8-af067aa18589','598486fc-5e7e-4cf4-89d0-a85ea1dfe451','item_id',NULL,'2.3.0'),('a474be22-c323-4901-8742-fbe37af6985c','249db5a3-d9cc-4327-b67b-e65c41b33c45','id',NULL,'5'),('a48eed14-dd9f-49d1-bd60-034f4864acbc','1fcc1ec4-1fe8-4c1e-b255-249d6ad4e6dd','id',NULL,'35'),('a4cb6015-6751-4fb9-9c46-2498ee71fd53','249db5a3-d9cc-4327-b67b-e65c41b33c45','business_continuities',NULL,NULL),('a4f27820-90af-42ac-b2bf-a6124a401e43','d811217c-4317-45ab-a746-fd4d2cbb06eb','projects',NULL,NULL),('a4f4d79d-4045-4728-b7fb-36016814c55b','01566f7b-e7a9-4980-869a-a94c2aa23118','id',NULL,'21'),('a55fea83-2eab-4a68-b619-823d93da3407','64883c32-f735-4d60-b3a4-d5085537038f','legal_id',NULL,NULL),('a5834fe0-0c9c-427f-9d30-53a463afb589','51da3eb0-7ebf-4025-ab68-5fb87dc02732','item_id',NULL,'9.1.0'),('a59cb7a7-6104-4d6b-bd24-842012985833','a7979608-54af-463c-b7ab-db34f65c2e13','business_continuities',NULL,NULL),('a5b45add-dc89-4d45-b63f-c04b180e32e4','60f6c13d-eefc-4bce-8048-5aca700c8d68','owners',NULL,NULL),('a5dacd22-7f3f-433e-b7bf-ffe173e3cd57','61c6e95a-f1fb-4662-a870-82c49ab70541','description',NULL,'Wanneer nodig'),('a61c7fb3-8b3e-4e32-97d8-3b5ad5f4e905','64883c32-f735-4d60-b3a4-d5085537038f','security_services',NULL,NULL),('a624ef60-648f-477c-b963-8eb5da114a13','a7979608-54af-463c-b7ab-db34f65c2e13','third_party_risks',NULL,NULL),('a6a5eea9-b164-4722-bbe0-75a252e83982','d811217c-4317-45ab-a746-fd4d2cbb06eb','id',NULL,'29'),('a72599c0-0986-490c-916f-dcd3dd3ec000','993cc4a9-c85d-486d-942e-8d5b8c874fd6','risks',NULL,NULL),('a76943a4-c8cf-40e6-9633-a10bc20eaa79','63736495-acb2-4490-9741-faf82749ed2a','compliance_package_id',NULL,'1'),('a76d6bec-c62b-41ba-8c2c-a0a92cc557a1','0f78fa30-e0b4-4796-a531-c44e01f9223d','compliance_package_item_id',NULL,'28'),('a8332a81-3aba-4b15-a0f5-aa57352b9d3c','f8b01dc3-7c24-4fe1-8bac-130a0ffee179','audit_questionaire',NULL,'NA'),('a8e6c841-2087-4881-9b8a-22be8df55ea8','adace978-256d-4372-8040-ab778b828374','description',NULL,'Na blenagrijke wijziging'),('a96786b2-b5db-493e-b2e2-d5d3279e39d5','890c6df3-d07c-4fa8-9da7-76f5159f0902','id',NULL,'24'),('a97a9e90-c229-4651-a2b0-b8029e3013d0','0ee5e719-bd17-4cd6-a495-c41d5ca66594','id',NULL,'9'),('a9aaef2d-ccde-4c59-a18c-cc757f8ff062','1e855519-011b-4401-ac07-2c7e1c4e219f','description',NULL,'NA'),('a9ba3a72-2b9c-4b9c-be14-a6d5b2a87a2c','d811217c-4317-45ab-a746-fd4d2cbb06eb','risks',NULL,NULL),('a9d16976-e27f-4063-a446-c1248029816f','9e6b3621-91d7-4e29-bafd-e8d181417780','description',NULL,'NA'),('aa724f2b-bbae-4948-8656-647c619b9134','19263c3f-ff32-4560-8bae-10a395ef719e','publisher_name',NULL,'test'),('ab311535-49c0-4714-b728-749e0ecd11cb','c37007cf-67c9-47d2-8be5-9ee046bbe6b6','description',NULL,''),('ac1056e7-7c45-44e4-a92d-a7fd357cd74e','c7461e5f-dac8-40ad-8a27-0e8311870f30','legal_id',NULL,NULL),('ac3c17ac-06e3-4c5e-9a89-81c7937a9f05','dadf7ee8-8c07-442a-b134-dad61365304c','id',NULL,'19'),('ac6b3be9-f93b-436c-a5a4-cb7eda361259','4aa50cb2-2ca8-4c7d-ad83-34c385f7d552','id',NULL,'7'),('ac9de0e9-f5af-47d7-b6d3-09b6cb950a28','c37007cf-67c9-47d2-8be5-9ee046bbe6b6','business_continuities',NULL,NULL),('ad5b65d1-42e4-4875-bc08-e9d4b3b3de0d','846945c8-d8a1-47a2-b91a-d25999cee2ae','compliance_treatment_strategy_id',NULL,NULL),('ad7d9dc9-aa86-4e2d-9b42-2e00b7180bcd','d811217c-4317-45ab-a746-fd4d2cbb06eb','security_services',NULL,NULL),('adf91f96-29f0-434a-9795-fd531dccae5f','846945c8-d8a1-47a2-b91a-d25999cee2ae','legal_id',NULL,NULL),('adfe2a5e-6aed-4006-a652-f34a68e481ea','1af8fb31-d4df-4fe1-8ad6-89cab21b1f35','compliance_package_regulator_id',NULL,'1'),('ae2e490c-3147-4be3-afc0-985307f237cf','4347ae81-9af1-4355-a880-300433c53862','compliance_treatment_strategy_id',NULL,NULL),('aeaa1549-d896-44fd-8b60-7532f1785089','993cc4a9-c85d-486d-942e-8d5b8c874fd6','compliance_exceptions',NULL,NULL),('af47c4d2-e15f-4780-9584-2e68ea9a6f52','da432b62-3bbf-4f20-8b08-4972fd373771','name',NULL,'Track and monitor all access to network resources and cardholder data'),('af94034c-9d55-4e17-bf6a-028a249b9c5a','598486fc-5e7e-4cf4-89d0-a85ea1dfe451','audit_questionaire',NULL,'NA'),('afb8a228-1103-4cac-ad62-3258c01b8049','ddbe07bf-d2ca-46fc-b86f-a82b4ab0cdcd','id',NULL,'32'),('afc1c993-80ba-47ae-8d07-6eb49bd0d1fd','64883c32-f735-4d60-b3a4-d5085537038f','risks',NULL,NULL),('b0689f22-e59e-4aea-9554-06afb8e01c41','64883c32-f735-4d60-b3a4-d5085537038f','compliance_exceptions',NULL,NULL),('b0b23049-f802-4b0f-a838-6f609fe3fec8','e9631299-6e38-48cd-ac60-7bca3825240f','risks',NULL,NULL),('b20059a0-6e28-46fc-b736-a4e89d5a7f89','1fcc1ec4-1fe8-4c1e-b255-249d6ad4e6dd','compliance_exceptions',NULL,NULL),('b237de75-cd02-485a-a63d-ba205f5047df','d6cc3a42-d372-405e-80c6-27c33f9d0043','third_party_risks',NULL,NULL),('b26a8527-0d7f-45c6-96e6-e2be0f30ae79','166383f9-7a80-4be3-ab1c-966dbc7145c2','compliance_package_id',NULL,'5'),('b2ebfcfa-deaa-4017-985e-d2ca7fc7854e','427ea6c6-d9db-4e12-810c-75d8581fe438','projects',NULL,NULL),('b3849dc6-74d7-4dcc-b761-ef8db01534d7','00c10454-7fc8-48fa-bb14-efb241758980','business_continuities',NULL,NULL),('b4801393-f436-4e69-a8e0-1351abd69fb5','bc29d9eb-a010-4868-a802-01dbbabcd32d','legal_id',NULL,NULL),('b4ca8d13-9b51-4af8-abb0-4acd6649b43c','4dfc1eaa-57fb-4402-8f5f-776ab7a6d8b4','compliance_package_id',NULL,'8'),('b4df3a60-995a-46c7-92d8-ce1ebf8c40fc','d6cc3a42-d372-405e-80c6-27c33f9d0043','legal_id',NULL,NULL),('b59a8042-b4ca-4f6a-9423-a12b21e5be00','6ad9c3dc-22cd-4282-90f8-5b135470ae63','name',NULL,'Remove development test and/orcustom application accounts user IDs andpasswords before applications becomeactive or are released to customers.'),('b646c47c-05d7-458a-8f6b-2084c00e95c1','30a69c7f-6cd2-4050-afb4-28607722cf7b','projects',NULL,NULL),('b64a4122-5068-433e-8bf9-b650b72eef79','331db9b1-bfe4-470c-8e14-38788adcd01a','compliance_analysis_findings',NULL,NULL),('b684c493-e88c-4a95-8853-100ed913cfe2','846945c8-d8a1-47a2-b91a-d25999cee2ae','risks',NULL,NULL),('b6896408-0cd1-4c7d-a573-e593e8dd7c86','c7461e5f-dac8-40ad-8a27-0e8311870f30','risks',NULL,NULL),('b721b326-3f74-4403-860e-87abdc7bbf45','505c3cc4-9eba-460d-8b1e-c1d61c142baf','name',NULL,'Develop configuration standards for all system components. Assure that these standards address all known security vulnerabilities and are consistent with industry-accepted system hardening standards. Sources of industry-accepted system hardening standards may include but are not limited to:'),('b7f80d91-d8e5-4d4b-9469-b79684601d1f','4cef499d-d341-4ae6-8840-b650b1eef0a3','projects',NULL,NULL),('b824acbd-06a4-4bf9-a21b-74e9657e8c0d','22a5f295-6249-45ce-b52a-32c2757763f7','description',NULL,'NA'),('b88301a9-e653-453d-9920-5ac2a14f41cb','6456dd9b-b455-4192-a16d-f50ff469777c','id',NULL,'18'),('b890994e-bc44-4f1a-8e84-e9187b60fb8d','30a69c7f-6cd2-4050-afb4-28607722cf7b','id',NULL,'15'),('b8fa1c76-49ce-4e58-848d-235b50d822d2','846945c8-d8a1-47a2-b91a-d25999cee2ae','compliance_package_item_id',NULL,'16'),('b9027149-731e-4df6-998b-77b7b4e7b440','846945c8-d8a1-47a2-b91a-d25999cee2ae','security_services',NULL,NULL),('b9aba16c-84c4-4b37-8333-f73075e52709','ca404cea-266f-41ff-986b-efd9cfaa6a9b','compliance_package_id',NULL,'12'),('ba1f2b9f-4702-460c-9c61-ae99b2e2c7ad','bc29d9eb-a010-4868-a802-01dbbabcd32d','owners',NULL,NULL),('ba204cc8-d6c8-4e18-94e5-3db6377812e6','166383f9-7a80-4be3-ab1c-966dbc7145c2','id',NULL,'15'),('ba5239e4-1830-4236-854d-2cb3384fb6f5','86c329a2-673a-4a93-87c2-cbc5335e3060','audit_questionaire',NULL,'NA'),('ba58350a-8f96-4ef5-a3e4-327f5974f666','00c10454-7fc8-48fa-bb14-efb241758980','legal_id',NULL,NULL),('bb27e88f-b248-4ce0-a144-35097f1da4c9','86c329a2-673a-4a93-87c2-cbc5335e3060','id',NULL,'4'),('bbafc5ad-212e-4e43-a779-997b49961855','eef28375-5c23-4c82-a173-07b858809849','description',NULL,'NA'),('bbf39b63-558a-4da5-9a60-2e68a88b9932','0ee5e719-bd17-4cd6-a495-c41d5ca66594','compliance_analysis_findings',NULL,NULL),('bbf62a14-c934-4e1d-8bd6-3d2ac4d9b084','d811217c-4317-45ab-a746-fd4d2cbb06eb','legal_id',NULL,NULL),('bc41894f-0d97-42ad-a310-43bc3c6a3844','6ad9c3dc-22cd-4282-90f8-5b135470ae63','compliance_package_id',NULL,'6'),('bc49587f-42d0-4a8c-b48b-43b9ad64095f','5fa7d0e0-44cf-47d9-965a-192c2e3b9bc7','id',NULL,'21'),('bc801cb6-be96-4e08-bee1-f6f9c241bc0c','e99adfe2-1a20-4c12-b66c-c3bf2d2502d5','id',NULL,'18'),('bd0792bf-bd27-444b-b70c-ca0e26254249','c37007cf-67c9-47d2-8be5-9ee046bbe6b6','third_party_risks',NULL,NULL),('bd8afd65-fd7c-465d-8bcd-6b6ac15ce0e7','249db5a3-d9cc-4327-b67b-e65c41b33c45','legal_id',NULL,NULL),('be4ebcc5-42a6-490d-930c-9c75916960e5','ea8ed1e1-b0bd-4594-8599-8b9e9f096b4e','efficacy',NULL,'0'),('be7eb7df-47e2-4b79-8cdb-7e4d1431ab9a','eef28375-5c23-4c82-a173-07b858809849','audit_questionaire',NULL,'NA'),('bed040d8-b74a-4d05-bffb-1ff5984f80b7','e99adfe2-1a20-4c12-b66c-c3bf2d2502d5','name',NULL,'Ensure that all system components andsoftware are protected from knownvulnerabilities by installing applicable vendorsupplied security patches. Install criticalsecurity patches within one month of release.Note: Critical security patches should beidentified according to the risk rankingprocess defined in Requirement 6.1.'),('bf322086-fdeb-4f78-8828-0131454c219a','5e071125-beed-420a-b981-c2be69e97bec','description',NULL,'NA'),('bf98bec3-afea-480a-8403-4c105dbaac05','249db5a3-d9cc-4327-b67b-e65c41b33c45','risks',NULL,NULL),('c0653a5c-51dd-4178-bb73-085516adbdd0','61c6e95a-f1fb-4662-a870-82c49ab70541','package_id',NULL,'12'),('c15279ec-dcbc-46b3-915c-5f092efa9809','476d5b08-bfa2-4240-9890-367e1a2fc2ba','compliance_treatment_strategy_id',NULL,NULL),('c19ebb80-979e-494f-a416-74655fe6a8e4','4cef499d-d341-4ae6-8840-b650b1eef0a3','third_party_risks',NULL,NULL),('c24f3122-b57c-4cda-a62b-fa7dc466fc8f','7c6086c8-ed8e-4b89-8851-ed824c1a57a2','security_services',NULL,NULL),('c259142f-deb9-4497-a650-570bd4bdc6bf','60f6c13d-eefc-4bce-8048-5aca700c8d68','compliance_exceptions',NULL,NULL),('c2808a45-180e-4707-b494-a0c661b761d9','4dfc1eaa-57fb-4402-8f5f-776ab7a6d8b4','id',NULL,'25'),('c2ed3a8c-4f82-4e55-8450-991adbdb9a8f','e99adfe2-1a20-4c12-b66c-c3bf2d2502d5','item_id',NULL,'6.2.0'),('c3395607-5e1c-47ba-b899-2d1b7b55f939','c587b2f4-3133-4a88-a144-5a71af42303b','id',NULL,'11'),('c380039c-bb97-4134-a393-ab8200854630','19263c3f-ff32-4560-8bae-10a395ef719e','regulation_name',NULL,'test'),('c44f158e-d295-423f-bcba-adcea0f68770','0048b05e-f2cd-4f8a-800a-6bf57e264a45','compliance_exceptions',NULL,NULL),('c451eb39-ea24-47d7-8497-6aebc44c8b0b','c7461e5f-dac8-40ad-8a27-0e8311870f30','compliance_analysis_findings',NULL,NULL),('c50cd900-62a3-4edb-8822-c42d3602e04f','4dfc1eaa-57fb-4402-8f5f-776ab7a6d8b4','audit_questionaire',NULL,'NA'),('c58f45ad-5311-4eca-a005-7959912b805b','63736495-acb2-4490-9741-faf82749ed2a','id',NULL,'1'),('c5e351c4-7e36-4611-8ffe-9e020f9dd80b','0c6095dc-551d-4592-9a0b-61e1367ef557','security_services',NULL,NULL),('c5e85343-c04e-46b9-8a5f-0226e437b973','d6cc3a42-d372-405e-80c6-27c33f9d0043','description',NULL,''),('c5f96c45-4e59-4618-b665-0aac853e1bcb','0f78fa30-e0b4-4796-a531-c44e01f9223d','security_services',NULL,NULL),('c632b2ec-c37c-4490-8a88-6eca0b88f6b7','00c10454-7fc8-48fa-bb14-efb241758980','security_services',NULL,NULL),('c67f67b6-ce8a-4da3-b276-2bacc017452c','0ee5e719-bd17-4cd6-a495-c41d5ca66594','assets',NULL,NULL),('c70c60a2-6c51-44a8-8bef-f64b4d58f235','adace978-256d-4372-8040-ab778b828374','id',NULL,'1'),('c7a759eb-ca51-4d46-81a2-fc8f45cee9f7','a7979608-54af-463c-b7ab-db34f65c2e13','compliance_exceptions',NULL,NULL),('c7aa5233-b786-4453-93f1-cf61bd6b2b0b','0f78fa30-e0b4-4796-a531-c44e01f9223d','business_continuities',NULL,NULL),('c8105878-c702-4e99-b0ab-d0f828bc946a','23d3be9e-ced1-4881-865f-ae5a801cc240','projects',NULL,NULL),('c827a9b5-3854-485d-9a93-8cacaafbc013','427ea6c6-d9db-4e12-810c-75d8581fe438','business_continuities',NULL,NULL),('c840fb3c-6405-4d01-93fe-a7a5ed56c8f5','d811217c-4317-45ab-a746-fd4d2cbb06eb','compliance_analysis_findings',NULL,NULL),('c84a60dd-8b98-4464-b7ea-ecf0b92641c5','23d3be9e-ced1-4881-865f-ae5a801cc240','compliance_exceptions',NULL,NULL),('ca284212-113b-43d2-b42e-3db237a3274e','e9631299-6e38-48cd-ac60-7bca3825240f','business_continuities',NULL,NULL),('ca33fc21-f61a-4dd8-a10d-25bd6fac0cd0','b1ad8471-bacc-42c3-9823-c16da0bc40c4','projects',NULL,NULL),('caecc9d4-0c6d-486b-9ff3-19d4abc36a64','ddbe07bf-d2ca-46fc-b86f-a82b4ab0cdcd','name',NULL,'Ensure that security policies andoperational procedures for monitoring allaccess to network resources andcardholder data are documented in useand known to all affected parties.'),('cba6fa60-e96b-4ad0-8d04-920ac897da28','427ea6c6-d9db-4e12-810c-75d8581fe438','description',NULL,''),('cd03ba78-12f2-49da-9b55-74f2ed50983c','c37007cf-67c9-47d2-8be5-9ee046bbe6b6','assets',NULL,NULL),('cd935df7-bd10-4ed7-9d5c-211aa3ac2ea9','09831c28-cfff-4e3a-a724-8f1f7fd78e18','description',NULL,'NA'),('ce23ff8e-e718-4815-9c02-d32ccaa0fb7f','d6cc3a42-d372-405e-80c6-27c33f9d0043','risks',NULL,NULL),('ce73801d-83d4-46ed-920b-5bfa5ee1d980','30a69c7f-6cd2-4050-afb4-28607722cf7b','compliance_exceptions',NULL,NULL),('ceb1a62f-3032-4599-aa2b-d2027a742e7e','fd4a13da-1e94-4ff1-842d-13b1ba78f4e8','id',NULL,'33'),('cece9e20-c283-4382-912e-e27b1b55f849','aa83a032-22e6-41d8-86ed-9a9d32f01028','legal_id',NULL,NULL),('cecebfb1-ed80-48ee-829b-be7ac5352e02','dadf7ee8-8c07-442a-b134-dad61365304c','compliance_package_item_id',NULL,'19'),('cedeb446-d374-41ff-951f-f480c4bbe217','61c6e95a-f1fb-4662-a870-82c49ab70541','name',NULL,'Maintain a policy that addresses information security for all personnel'),('cf5c688a-9f4f-4fea-a0dc-c2e555c559cd','fb47703f-05b3-4f34-a8d2-bad2424af399','description',NULL,'Onmiddelijk'),('cfb7c81f-3d29-4db2-a4c0-973a121a949e','0f78fa30-e0b4-4796-a531-c44e01f9223d','compliance_treatment_strategy_id',NULL,NULL),('d00aa8c4-c9fe-4ee7-a7a3-4be1fbea8342','c7461e5f-dac8-40ad-8a27-0e8311870f30','projects',NULL,NULL),('d02cc9f3-d979-476b-a659-d6291ef5bf42','0c6095dc-551d-4592-9a0b-61e1367ef557','compliance_exceptions',NULL,NULL),('d0547ba2-4b4b-451e-b6ef-442ff9ead2cc','9a352715-a7a0-40fd-a441-44989a236f23','security_services',NULL,NULL),('d059260e-7f80-4c04-a770-b5cf23432352','166383f9-7a80-4be3-ab1c-966dbc7145c2','item_id',NULL,'5.3.0'),('d1192163-5f26-45f3-b586-2ecf728551f1','427ea6c6-d9db-4e12-810c-75d8581fe438','compliance_analysis_findings',NULL,NULL),('d2249d54-ac84-43f8-93e5-66e11694fb09','1fcc1ec4-1fe8-4c1e-b255-249d6ad4e6dd','compliance_treatment_strategy_id',NULL,NULL),('d25ca51f-632d-453b-ba0e-6cbbf1975631','459a7c58-97e4-4bc9-a0b1-27ca8dad13ec','item_id',NULL,'4.3.0'),('d332c4bb-3a08-4759-b38c-4229dcd58ec1','19263c3f-ff32-4560-8bae-10a395ef719e','legals',NULL,NULL),('d3510633-a77b-4f1c-afc4-0f47b737a0a3','23d3be9e-ced1-4881-865f-ae5a801cc240','security_services',NULL,NULL),('d3db71fa-0935-475f-bd32-b59a05e78968','aa83a032-22e6-41d8-86ed-9a9d32f01028','risks',NULL,NULL),('d3ec45b0-0a2d-4ffc-8f79-776de1fadb8b','ca404cea-266f-41ff-986b-efd9cfaa6a9b','description',NULL,'NA'),('d4337478-1435-4afe-957e-539c8a85cc4a','6456dd9b-b455-4192-a16d-f50ff469777c','projects',NULL,NULL),('d469177a-c027-4288-b92f-13b1c83e977d','51da3eb0-7ebf-4025-ab68-5fb87dc02732','description',NULL,'NA'),('d4c5b984-7044-43a4-be1e-22fe347f808c','d811217c-4317-45ab-a746-fd4d2cbb06eb','owners',NULL,NULL),('d4d1db2f-df82-44a0-b9cc-c5954b7fc9a2','19ee58ea-210f-49b5-a55a-3d1e0e8e979e','id',NULL,'6'),('d4df44d3-cbbd-42e2-8076-2214f5e09181','c7461e5f-dac8-40ad-8a27-0e8311870f30','assets',NULL,NULL),('d4efd6a5-7694-4cf4-a0db-8735872fcc28','2fd5db46-49bf-4a58-ba88-9f4dff429150','audit_questionaire',NULL,'NA'),('d5389188-1765-45a6-93d0-e9ae03bd12a1','f8b01dc3-7c24-4fe1-8bac-130a0ffee179','description',NULL,'NA'),('d56ec5c7-7dbd-4a45-b898-0da65a448239','476d5b08-bfa2-4240-9890-367e1a2fc2ba','risks',NULL,NULL),('d5abe726-498f-41ee-a761-3cc9c462f00d','adace978-256d-4372-8040-ab778b828374','name',NULL,'Install and maintain a firewall configuration to protect cardholder data'),('d6068279-2cf1-4b32-b869-42892c57758f','c37007cf-67c9-47d2-8be5-9ee046bbe6b6','legal_id',NULL,NULL),('d6a8fc15-f018-455f-ac5d-102b3c36d324','9e6b3621-91d7-4e29-bafd-e8d181417780','audit_questionaire',NULL,'NA'),('d6b13b94-73c8-4ab9-8f07-83e811e4743b','846945c8-d8a1-47a2-b91a-d25999cee2ae','id',NULL,'16'),('d6bfc97f-8430-46a2-9c86-eca07583b04f','51da3eb0-7ebf-4025-ab68-5fb87dc02732','audit_questionaire',NULL,'NA'),('d6d24c23-79ec-4928-ae6d-9ad31990bb5e','b1ad8471-bacc-42c3-9823-c16da0bc40c4','owners',NULL,NULL),('d738182e-9e1d-437f-867a-8651b1ed390b','1a855041-525e-413c-b004-e5b41a48aa52','compliance_package_regulator_id',NULL,'1'),('d7569394-2904-4565-9968-1489bf4d5568','0ee5e719-bd17-4cd6-a495-c41d5ca66594','description',NULL,''),('d767a0e4-7eb3-4779-a8b2-3079a9eb47ff','fcf434db-25b5-4be6-ae1f-e857a4cf1975','compliance_package_id',NULL,'8'),('d7a740b1-e47f-4366-94ed-e8816bcb9dd5','00c10454-7fc8-48fa-bb14-efb241758980','owners',NULL,NULL),('d80dead7-0c86-4bfb-8627-7ab68ba4113b','331db9b1-bfe4-470c-8e14-38788adcd01a','description',NULL,''),('d8bc762d-cfda-4558-bf81-74db8f7da29d','86c329a2-673a-4a93-87c2-cbc5335e3060','compliance_package_id',NULL,'2'),('d9d5a7ad-8883-42c6-9932-86e7198d8344','0c6095dc-551d-4592-9a0b-61e1367ef557','third_party_risks',NULL,NULL),('d9e448c0-489f-44f4-9f09-03e5dbd37e66','0f78fa30-e0b4-4796-a531-c44e01f9223d','description',NULL,''),('da7dbc45-6184-4a2d-8980-80e8b5540b1a','993cc4a9-c85d-486d-942e-8d5b8c874fd6','compliance_analysis_findings',NULL,NULL),('dab2c898-84a7-41a8-883e-62ab2e6577dd','4347ae81-9af1-4355-a880-300433c53862','compliance_exceptions',NULL,NULL),('dae9eedd-4872-4383-8086-cd0ed31885ce','01566f7b-e7a9-4980-869a-a94c2aa23118','legal_id',NULL,NULL),('dafbd11e-bed4-4d6b-ba15-39af215b2d33','a7979608-54af-463c-b7ab-db34f65c2e13','compliance_analysis_findings',NULL,NULL),('db0bb209-b03e-4bbe-b2f6-f001799eba89','4347ae81-9af1-4355-a880-300433c53862','owners',NULL,NULL),('dc07aeb9-ff51-4b7e-9173-f8789511058c','a7979608-54af-463c-b7ab-db34f65c2e13','efficacy',NULL,'0'),('dcad2b1b-0977-4cfd-914c-22d591e5e68c','61c6e95a-f1fb-4662-a870-82c49ab70541','id',NULL,'12'),('dcae4174-c9ff-44e3-8dd8-b07dfe03a85a','1a855041-525e-413c-b004-e5b41a48aa52','id',NULL,'3'),('dd012527-7fc6-4ef5-ba34-7e93cf8a8a3a','3bf3d8dc-c6d9-4019-acdf-d398511bf1b5','name',NULL,'Ensure that security policies and operational procedures for identification and authentication are documented in use and known to all affected parties.'),('dd029557-024b-46a1-8f92-22dc8206133d','b1ad8471-bacc-42c3-9823-c16da0bc40c4','id',NULL,'13'),('dd42715d-f280-4ff8-a1ab-0b238a8f8808','4f1488d9-88fe-407b-91c8-b530d02bf96d','id',NULL,'2'),('dd47e3bb-c5b3-4ae4-8f2d-67185501c752','fb47703f-05b3-4f34-a8d2-bad2424af399','id',NULL,'8'),('dd88dec1-770e-45ca-b6f1-8e190602bf63','6456dd9b-b455-4192-a16d-f50ff469777c','owners',NULL,NULL),('de0ecd45-5cf6-4e8d-b51e-5755b91ec3de','dbe1d76c-517e-4f30-8238-cf6116e8a7d3','audit_questionaire',NULL,'NA'),('df29308c-26a4-41c0-8249-de4f1643c432','23d3be9e-ced1-4881-865f-ae5a801cc240','compliance_treatment_strategy_id',NULL,NULL),('df369b00-9f8f-454c-bf14-a2e4a81be459','dbe1d76c-517e-4f30-8238-cf6116e8a7d3','item_id',NULL,'8.1.7'),('df4b6000-26d8-43b8-b6ec-66fcea9e3c7c','0f78fa30-e0b4-4796-a531-c44e01f9223d','risks',NULL,NULL),('df784102-b1a4-4313-a54a-0248306c9501','4cef499d-d341-4ae6-8840-b650b1eef0a3','efficacy',NULL,'0'),('dfba37d1-fe80-4945-8999-b66dbfccaa74','1fcc1ec4-1fe8-4c1e-b255-249d6ad4e6dd','assets',NULL,NULL),('dfc264a8-a748-457b-b579-f43facbd0c5e','5c25c694-1fa8-4b2c-bf63-a77c2e323697','description',NULL,'NA'),('dfe8c02b-9ed1-493e-93df-5eb9bc01f9ff','7c6086c8-ed8e-4b89-8851-ed824c1a57a2','compliance_package_item_id',NULL,'22'),('dfef8eba-a081-440b-b18e-6f7f354e530f','ea65d5b5-7d1b-47c6-a3f9-58f038667b30','description',NULL,'Voortdurend proces'),('e0279577-e3e0-491d-8b55-8a0d9748aab9','d6cc3a42-d372-405e-80c6-27c33f9d0043','assets',NULL,NULL),('e02ffc80-3e91-4ee9-b305-1c06d362d2fc','30a69c7f-6cd2-4050-afb4-28607722cf7b','business_continuities',NULL,NULL),('e08027ea-427f-41a3-8c8f-c747c3808233','ca404cea-266f-41ff-986b-efd9cfaa6a9b','audit_questionaire',NULL,'NA'),('e0d0b294-73ea-4533-87ee-4d7fdcecdc6d','6456dd9b-b455-4192-a16d-f50ff469777c','legal_id',NULL,NULL),('e0f3d845-fb80-43bf-a7b4-4e62e3f1a20b','4d4e725a-9916-4bcc-b530-c950998422b0','projects',NULL,NULL),('e2591191-0c8e-45ff-99ee-8a3b8cea5828','166383f9-7a80-4be3-ab1c-966dbc7145c2','name',NULL,'Ensure that anti-virus mechanismsare actively running and cannot bedisabled or altered by users unlessspecifically authorized by managementon a case-by-case basis for a limitedtime period.Note: Anti-virus solutions may betemporarily disabled only if there islegitimate technical need as authorizedby management on a case-by-casebasis. If anti-virus protection needs to bedisabled for a specific purpose it mustbe formally authorized. Additionalsecurity measures may also need to beimplemented for the period of time duringwhich anti-virus protection is not active.'),('e26653f8-95c7-45c8-80e1-48bd91fd463c','60f6c13d-eefc-4bce-8048-5aca700c8d68','compliance_analysis_findings',NULL,NULL),('e29bb2d5-c44c-4ff4-84d2-5963ae124682','00c10454-7fc8-48fa-bb14-efb241758980','compliance_treatment_strategy_id',NULL,NULL),('e2b62f7a-324f-4113-af6d-80115bb0d4c5','211f85de-c859-4b6d-ba18-0f6b8829a9d2','risks',NULL,NULL),('e2efa11f-d820-4f0d-b603-ab6dafc58ebb','1fcc1ec4-1fe8-4c1e-b255-249d6ad4e6dd','projects',NULL,NULL),('e3bacbce-9123-466f-a867-1d530ded533e','890c6df3-d07c-4fa8-9da7-76f5159f0902','item_id',NULL,'7.3.0'),('e400fd74-bd02-4413-a1f3-56988c8ce8f4','c7461e5f-dac8-40ad-8a27-0e8311870f30','id',NULL,'34'),('e4133c7f-cd35-4a0c-b281-987ec73f0d5a','dadf7ee8-8c07-442a-b134-dad61365304c','compliance_treatment_strategy_id',NULL,NULL),('e444ee59-ee8c-4153-bd70-3f6ea14dccf8','1426ecf2-eeea-4cbe-b0e1-0ab6e09d2927','compliance_package_id',NULL,'6'),('e5b0630d-83c9-47f9-a7ab-cc437c9d7c72','00c10454-7fc8-48fa-bb14-efb241758980','description',NULL,''),('e5f1a4dd-483f-4152-a7bd-57889e7cf74f','9e6b3621-91d7-4e29-bafd-e8d181417780','compliance_package_id',NULL,'11'),('e5fda00a-4669-4486-bfe8-2cc531984ad4','bc29d9eb-a010-4868-a802-01dbbabcd32d','business_continuities',NULL,NULL),('e6195380-c8cb-42a0-b533-a95543cbd665','6456dd9b-b455-4192-a16d-f50ff469777c','risks',NULL,NULL),('e6524677-485f-4694-9817-cdcf75d9c8a5','9538c7ca-4c42-4f5c-a9d5-0a406ef2cafa','compliance_package_id',NULL,'2'),('e6c0f006-087f-4aaf-927f-8ac14462822a','9a352715-a7a0-40fd-a441-44989a236f23','assets',NULL,NULL),('e6d0ccd1-65b2-4744-9567-ff73c0ff231d','64883c32-f735-4d60-b3a4-d5085537038f','assets',NULL,NULL),('e6fa4c78-ac66-45b2-b925-041e98cf0c85','ddbe07bf-d2ca-46fc-b86f-a82b4ab0cdcd','audit_questionaire',NULL,'NA'),('e7440831-dbaf-4a28-8edd-3ac32a27d59b','09831c28-cfff-4e3a-a724-8f1f7fd78e18','audit_questionaire',NULL,'NA'),('e83535c8-7b26-4dd6-b528-e040c44f12ed','60f6c13d-eefc-4bce-8048-5aca700c8d68','security_services',NULL,NULL),('e85d8bcc-41a3-4ca2-b987-b120defe543a','7c6086c8-ed8e-4b89-8851-ed824c1a57a2','compliance_exceptions',NULL,NULL),('e8613e10-6322-4634-9d17-2ba5eb22ee06','eef28375-5c23-4c82-a173-07b858809849','id',NULL,'16'),('e8811387-e528-49f6-b8e7-1f7b428ad90e','249db5a3-d9cc-4327-b67b-e65c41b33c45','compliance_exceptions',NULL,NULL),('e8d82f5b-7cb5-4b92-a1a7-3d48eabfe188','ea8ed1e1-b0bd-4594-8599-8b9e9f096b4e','business_continuities',NULL,NULL),('e8ec5692-ce7d-4fb5-b365-ead0f1f5e1bb','c7461e5f-dac8-40ad-8a27-0e8311870f30','description',NULL,''),('e907a7d5-cb85-400b-9094-f4e5dd64cb42','4cef499d-d341-4ae6-8840-b650b1eef0a3','description',NULL,''),('e9731634-d9e5-4ee5-9ac2-23bd1c185668','60f6c13d-eefc-4bce-8048-5aca700c8d68','compliance_package_item_id',NULL,'32'),('e9913b50-2220-4e4c-8505-2cf41d34db63','846945c8-d8a1-47a2-b91a-d25999cee2ae','description',NULL,''),('e9c4a7a4-408f-45c1-ba65-0d3de4967b6c','aa83a032-22e6-41d8-86ed-9a9d32f01028','efficacy',NULL,'0'),('ea08bc20-a5b3-450a-b0b5-50068c08aa95','395125b6-810b-431d-94a6-632eba3bfcf3','package_id',NULL,'9'),('ea1b4707-8f9b-484a-a6d0-c1b32a7b02b5','5fa7d0e0-44cf-47d9-965a-192c2e3b9bc7','compliance_package_id',NULL,'6'),('ea4efbfb-e741-4408-a9b8-9eb7d69cc2e8','e1453416-416e-4045-a386-9a389b43602e','id',NULL,'14'),('ea674b0b-8d71-4e92-981e-07faeb1de226','0ee5e719-bd17-4cd6-a495-c41d5ca66594','compliance_treatment_strategy_id',NULL,NULL),('ea67b57d-812e-4be9-ba85-4f3465f0b0f1','3bf3d8dc-c6d9-4019-acdf-d398511bf1b5','description',NULL,'NA'),('eaddc5bc-9a44-4476-a09b-d216452ab9ce','22a5f295-6249-45ce-b52a-32c2757763f7','item_id',NULL,'2.5.0'),('eb272d7b-1580-4eff-b08d-436be4f4a9eb','4347ae81-9af1-4355-a880-300433c53862','assets',NULL,NULL),('eb5a486b-b31d-4326-9274-ab9b52f896b9','61c6e95a-f1fb-4662-a870-82c49ab70541','compliance_package_regulator_id',NULL,'1'),('eb9883ca-50e8-41b5-9326-a2ee67366312','dbe1d76c-517e-4f30-8238-cf6116e8a7d3','compliance_package_id',NULL,'8'),('ebb57272-1db6-4d1e-a2d0-ace78ba20cf9','598486fc-5e7e-4cf4-89d0-a85ea1dfe451','id',NULL,'8'),('ed13cd05-fc01-4f33-b7a6-1c42496f3540','211f85de-c859-4b6d-ba18-0f6b8829a9d2','efficacy',NULL,'0'),('ed686d0e-c153-4960-91d1-80289beed91c','ea65d5b5-7d1b-47c6-a3f9-58f038667b30','compliance_package_regulator_id',NULL,'1'),('ee3d6309-4dbd-4d05-8bfc-b4115227697a','aa83a032-22e6-41d8-86ed-9a9d32f01028','id',NULL,'10'),('ee88230e-5415-44fc-bfa4-6e8985a65432','dadf7ee8-8c07-442a-b134-dad61365304c','description',NULL,''),('ee9fd853-9c30-4048-ada6-c16e55a95b6c','598486fc-5e7e-4cf4-89d0-a85ea1dfe451','compliance_package_id',NULL,'2'),('ef23c027-6816-4005-8b69-f3d61d9d6ce8','2fd5db46-49bf-4a58-ba88-9f4dff429150','name',NULL,'Establish a process to identify securityvulnerabilities using reputable outsidesources for security vulnerability informationand assign a risk ranking (for example ashigh medium or low) to newlydiscovered security vulnerabilities.Note: Risk rankings should be based onindustry best practices as well asconsideration of potential impact. Forexample criteria for ranking vulnerabilitiesmay include consideration of the CVSS basescore and/or the classification by the vendorand/or type of systems affected.Methods for evaluating vulnerabilities andassigning risk ratings will vary based on anorganizations environment and riskassessment strategy. Risk rankings shouldat a minimum identify all vulnerabilitiesconsidered to be a high risk to theenvironment. In addition to the risk rankingvulnerabilities may be considered critical ifthey pose an imminent threat to theenvironment impact critical systems and/orwould result in a potential compromise if notaddressed. Examples of critical systems mayinclude security systems public-facingdevices and systems databases and othersystems that store process or transmitcardholder data.'),('ef4c00db-ef0b-42ab-89e2-f8701186df5e','19ee58ea-210f-49b5-a55a-3d1e0e8e979e','description',NULL,'Voortdurend proces'),('efd79cc3-fb35-4a69-962b-70f97a1b38c8','0ee5e719-bd17-4cd6-a495-c41d5ca66594','legal_id',NULL,NULL),('eff9ef02-8c4c-4f2f-bdb6-2fa8ea31ac4a','0048b05e-f2cd-4f8a-800a-6bf57e264a45','security_services',NULL,NULL),('f0d12705-5350-4ab2-a73e-17bc3afe0cb9','6456dd9b-b455-4192-a16d-f50ff469777c','compliance_package_item_id',NULL,'18'),('f0dec1d5-1d2f-4144-a05f-24e6621c1b5d','e9631299-6e38-48cd-ac60-7bca3825240f','owners',NULL,NULL),('f0ff1345-4115-40b3-810f-f321ad26a652','0048b05e-f2cd-4f8a-800a-6bf57e264a45','compliance_treatment_strategy_id',NULL,NULL),('f1446ce1-3196-4f33-818a-7d6d671e7568','ea8ed1e1-b0bd-4594-8599-8b9e9f096b4e','description',NULL,''),('f145558f-7626-48ca-80ba-9b957138a18f','01566f7b-e7a9-4980-869a-a94c2aa23118','security_services',NULL,NULL),('f158089b-267d-4b84-a8b4-0a18459cde38','1e855519-011b-4401-ac07-2c7e1c4e219f','compliance_package_id',NULL,'1'),('f1b88d2c-21b1-4659-b49e-7e4b24d9177d','a7979608-54af-463c-b7ab-db34f65c2e13','legal_id',NULL,NULL),('f20e9f35-a603-43ab-8a9a-3b89073b50c2','ea65d5b5-7d1b-47c6-a3f9-58f038667b30','name',NULL,'Encrypt transmission of cardholder data across open public networks'),('f261c691-829f-4d6e-93b7-d8228cdcd5bb','5fa7d0e0-44cf-47d9-965a-192c2e3b9bc7','audit_questionaire',NULL,'NA'),('f26e7ae1-b86a-4119-9f13-1a84c901748b','9a352715-a7a0-40fd-a441-44989a236f23','compliance_exceptions',NULL,NULL),('f2b89442-8ea5-4322-bc57-598f77306a88','bc29d9eb-a010-4868-a802-01dbbabcd32d','assets',NULL,NULL),('f3036c69-26d4-49e8-89fa-5e84abd41524','3bf3d8dc-c6d9-4019-acdf-d398511bf1b5','id',NULL,'28'),('f4c30ad0-d4cb-4dc9-8fc3-08d6297d0ec9','427ea6c6-d9db-4e12-810c-75d8581fe438','owners',NULL,NULL),('f50d2a90-782a-4b4e-a644-eaf98904d869','0048b05e-f2cd-4f8a-800a-6bf57e264a45','efficacy',NULL,'0'),('f6322a9e-c139-4165-b1ff-a98413b9579b','b1ad8471-bacc-42c3-9823-c16da0bc40c4','compliance_package_item_id',NULL,'13'),('f6bda5ae-a960-4137-9b98-72f531c4bef1','09831c28-cfff-4e3a-a724-8f1f7fd78e18','compliance_package_id',NULL,'6'),('f714bde2-e9af-4f25-af74-06b0699aed4c','01566f7b-e7a9-4980-869a-a94c2aa23118','efficacy',NULL,'0'),('f71c9b34-e47a-4d51-a04e-bc6cb4d56d3b','1e855519-011b-4401-ac07-2c7e1c4e219f','name',NULL,'Ensure that security policies and operational procedures for managing firewalls are documented in use and known to all affected parties.'),('f725953e-5e7e-4e59-b3d8-c270ee09fad1','c587b2f4-3133-4a88-a144-5a71af42303b','audit_questionaire',NULL,'NA'),('f725fa60-721f-437c-97b5-536a5c644a44','929a9a01-1557-4b1b-914b-fc06901fe734','audit_questionaire',NULL,'NA'),('f7efc03d-5c3e-45e1-aeb5-3f742fa45bdb','ea8ed1e1-b0bd-4594-8599-8b9e9f096b4e','compliance_treatment_strategy_id',NULL,NULL),('f819eaaa-adb8-48a4-92a4-1999720abe98','c587b2f4-3133-4a88-a144-5a71af42303b','item_id',NULL,'3.6.8'),('f89a871e-ca2e-4dc5-87ca-87ebd496c93b','60f6c13d-eefc-4bce-8048-5aca700c8d68','efficacy',NULL,'0'),('f8a6e524-5e04-4c41-8a75-cdd2fd9c6359','aa83a032-22e6-41d8-86ed-9a9d32f01028','compliance_exceptions',NULL,NULL),('fa2d8493-34a2-4424-8ac5-5c736a8abb37','211f85de-c859-4b6d-ba18-0f6b8829a9d2','compliance_package_item_id',NULL,'2'),('fa40b8df-c0a9-457a-abee-5de47b143f32','1426ecf2-eeea-4cbe-b0e1-0ab6e09d2927','audit_questionaire',NULL,'NA'),('fa82e6fe-6a5b-442d-bdc1-3957f06c50ca','1a855041-525e-413c-b004-e5b41a48aa52','description',NULL,'Na blenagrijke wijziging'),('fabf5b88-ef43-4ce6-8e7d-284a424787aa','4f1488d9-88fe-407b-91c8-b530d02bf96d','compliance_package_id',NULL,'1'),('fb2194e0-4dd7-4c35-b091-c4f9fa57a1b1','427ea6c6-d9db-4e12-810c-75d8581fe438','efficacy',NULL,'0'),('fb30cecd-c765-44e3-a6d7-bbdc6a458ca4','505c3cc4-9eba-460d-8b1e-c1d61c142baf','compliance_package_id',NULL,'2'),('fb4dfd57-c5b4-4332-983b-81d049d23c21','d6cc3a42-d372-405e-80c6-27c33f9d0043','compliance_package_item_id',NULL,'8'),('fb95124d-98e2-4c39-b90b-9127ed3f3f5f','5c25c694-1fa8-4b2c-bf63-a77c2e323697','name',NULL,'Destroy media when it is no longerneeded for business or legal reasons asfollows:'),('fc0aaf0c-1fed-47d8-a98b-ea6e84d824a9','da432b62-3bbf-4f20-8b08-4972fd373771','package_id',NULL,'10'),('fc6200ce-f615-4523-a745-2f6f3a89c9b5','a7979608-54af-463c-b7ab-db34f65c2e13','projects',NULL,NULL),('fcfa4ae6-42f4-4bbb-b21d-2edaac903970','4cef499d-d341-4ae6-8840-b650b1eef0a3','business_continuities',NULL,NULL),('fd0571de-000d-4e48-aec0-908a68057191','b1ad8471-bacc-42c3-9823-c16da0bc40c4','third_party_risks',NULL,NULL),('fd13677d-fe29-40e6-9544-80a65f085b9f','4cef499d-d341-4ae6-8840-b650b1eef0a3','compliance_analysis_findings',NULL,NULL),('fd1f7905-baec-40ae-a8b6-835cbc4c8488','01566f7b-e7a9-4980-869a-a94c2aa23118','compliance_package_item_id',NULL,'21'),('fd6bcd24-ed69-4ec2-8b33-2d15bc5fd588','fcf434db-25b5-4be6-ae1f-e857a4cf1975','name',NULL,'Manage IDs used by third parties to access support or maintain system components via remote access as follows:'),('fea8d570-9eb5-414b-ab34-214d87a05a92','64883c32-f735-4d60-b3a4-d5085537038f','third_party_risks',NULL,NULL),('fefe834f-006f-4a21-9732-5e2ba5b2b395','4cef499d-d341-4ae6-8840-b650b1eef0a3','risks',NULL,NULL),('ff2ac336-a80b-4039-89d9-61930b4a8bf3','6456dd9b-b455-4192-a16d-f50ff469777c','compliance_analysis_findings',NULL,NULL),('ff3bb2c3-5ae8-455f-be39-deb8acafef95','211f85de-c859-4b6d-ba18-0f6b8829a9d2','business_continuities',NULL,NULL),('ff6e2904-1f08-48b1-b219-cdd0f340c1b6','2fd5db46-49bf-4a58-ba88-9f4dff429150','description',NULL,'NA'),('ffe952f5-8206-4ca2-b0bc-62d37b39a1a8','929a9a01-1557-4b1b-914b-fc06901fe734','name',NULL,'Ensure that security policies andoperational procedures for protecting storedcardholder data are documented in useand known to all affected parties.');
/*!40000 ALTER TABLE `audit_deltas` ENABLE KEYS */;
UNLOCK TABLES;

--
-- Table structure for table `audits`
--

DROP TABLE IF EXISTS `audits`;
/*!40101 SET @saved_cs_client     = @@character_set_client */;
/*!50503 SET character_set_client = utf8mb4 */;
CREATE TABLE `audits` (
  `id` char(36) COLLATE utf8mb4_unicode_ci NOT NULL,
  `version` int NOT NULL,
  `event` varchar(255) COLLATE utf8mb4_unicode_ci NOT NULL,
  `event_subtype` int DEFAULT NULL,
  `model` varchar(255) COLLATE utf8mb4_unicode_ci NOT NULL,
  `entity_id` varchar(36) COLLATE utf8mb4_unicode_ci NOT NULL,
  `request_id` varchar(36) COLLATE utf8mb4_unicode_ci NOT NULL,
  `json_object` text COLLATE utf8mb4_unicode_ci NOT NULL,
  `legacy` int NOT NULL DEFAULT '0',
  `legacy_processed` int NOT NULL DEFAULT '0',
  `legacy_object` text COLLATE utf8mb4_unicode_ci,
  `description` text COLLATE utf8mb4_unicode_ci,
  `source_id` varchar(255) COLLATE utf8mb4_unicode_ci DEFAULT NULL,
  `restore_id` char(36) COLLATE utf8mb4_unicode_ci DEFAULT NULL,
  `delta_count` int NOT NULL DEFAULT '0',
  `source_ip` varchar(255) COLLATE utf8mb4_unicode_ci DEFAULT NULL,
  `source_url` varchar(255) COLLATE utf8mb4_unicode_ci DEFAULT NULL,
  `created` datetime NOT NULL,
  PRIMARY KEY (`id`),
  KEY `restore_id` (`restore_id`)
) ENGINE=InnoDB DEFAULT CHARSET=utf8mb4 COLLATE=utf8mb4_unicode_ci;
/*!40101 SET character_set_client = @saved_cs_client */;

--
-- Dumping data for table `audits`
--

LOCK TABLES `audits` WRITE;
/*!40000 ALTER TABLE `audits` DISABLE KEYS */;
INSERT INTO `audits` VALUES ('0048b05e-f2cd-4f8a-800a-6bf57e264a45',1,'CREATE',NULL,'ComplianceManagements','11','a08f3e2a-6c65-4e3f-8bd8-5bbaf80f22cd','{\"id\":11,\"compliance_package_item_id\":11,\"compliance_treatment_strategy_id\":null,\"legal_id\":null,\"owner_id\":null,\"efficacy\":0,\"description\":\"\",\"workflow_owner_id\":null,\"workflow_status\":0,\"created\":\"2023-01-18T11:05:00+00:00\",\"modified\":\"2023-01-18T11:05:00+00:00\",\"edited\":null,\"deleted\":0,\"deleted_date\":null,\"assets\":null,\"business_continuities\":null,\"third_party_risks\":null,\"risks\":null,\"compliance_analysis_findings\":null,\"compliance_exceptions\":null,\"security_services\":null,\"projects\":null,\"owners\":null}',0,0,NULL,'Admin_test Admin','1',NULL,15,'192.168.23.1','/compliance-package-items/add?modalId=1&_=1674039839101&ImportTool=1','2023-01-18 11:05:00'),('00c10454-7fc8-48fa-bb14-efb241758980',1,'CREATE',NULL,'ComplianceManagements','7','a08f3e2a-6c65-4e3f-8bd8-5bbaf80f22cd','{\"id\":7,\"compliance_package_item_id\":7,\"compliance_treatment_strategy_id\":null,\"legal_id\":null,\"owner_id\":null,\"efficacy\":0,\"description\":\"\",\"workflow_owner_id\":null,\"workflow_status\":0,\"created\":\"2023-01-18T11:04:59+00:00\",\"modified\":\"2023-01-18T11:04:59+00:00\",\"edited\":null,\"deleted\":0,\"deleted_date\":null,\"assets\":null,\"business_continuities\":null,\"third_party_risks\":null,\"risks\":null,\"compliance_analysis_findings\":null,\"compliance_exceptions\":null,\"security_services\":null,\"projects\":null,\"owners\":null}',0,0,NULL,'Admin_test Admin','1',NULL,15,'192.168.23.1','/compliance-package-items/add?modalId=1&_=1674039839101&ImportTool=1','2023-01-18 11:04:59'),('01566f7b-e7a9-4980-869a-a94c2aa23118',1,'CREATE',NULL,'ComplianceManagements','21','a08f3e2a-6c65-4e3f-8bd8-5bbaf80f22cd','{\"id\":21,\"compliance_package_item_id\":21,\"compliance_treatment_strategy_id\":null,\"legal_id\":null,\"owner_id\":null,\"efficacy\":0,\"description\":\"\",\"workflow_owner_id\":null,\"workflow_status\":0,\"created\":\"2023-01-18T11:05:01+00:00\",\"modified\":\"2023-01-18T11:05:01+00:00\",\"edited\":null,\"deleted\":0,\"deleted_date\":null,\"assets\":null,\"business_continuities\":null,\"third_party_risks\":null,\"risks\":null,\"compliance_analysis_findings\":null,\"compliance_exceptions\":null,\"security_services\":null,\"projects\":null,\"owners\":null}',0,0,NULL,'Admin_test Admin','1',NULL,15,'192.168.23.1','/compliance-package-items/add?modalId=1&_=1674039839101&ImportTool=1','2023-01-18 11:05:01'),('09831c28-cfff-4e3a-a724-8f1f7fd78e18',1,'CREATE',NULL,'CompliancePackageItems','22','a08f3e2a-6c65-4e3f-8bd8-5bbaf80f22cd','{\"id\":22,\"item_id\":\"6.4.6\",\"name\":\"Upon completion of a significantchange all relevant PCI DSS requirementsmust be implemented on all new or changedsystems and networks and documentationupdated as applicable.\",\"description\":\"NA\",\"audit_questionaire\":\"NA\",\"compliance_package_id\":6,\"workflow_owner_id\":null,\"workflow_status\":0,\"created\":\"2023-01-18T11:05:01+00:00\",\"modified\":\"2023-01-18T11:05:01+00:00\",\"deleted\":0,\"deleted_date\":null}',0,0,NULL,'Admin_test Admin','1',NULL,6,'192.168.23.1','/compliance-package-items/add?modalId=1&_=1674039839101&ImportTool=1','2023-01-18 11:05:01'),('0c6095dc-551d-4592-9a0b-61e1367ef557',1,'CREATE',NULL,'ComplianceManagements','25','a08f3e2a-6c65-4e3f-8bd8-5bbaf80f22cd','{\"id\":25,\"compliance_package_item_id\":25,\"compliance_treatment_strategy_id\":null,\"legal_id\":null,\"owner_id\":null,\"efficacy\":0,\"description\":\"\",\"workflow_owner_id\":null,\"workflow_status\":0,\"created\":\"2023-01-18T11:05:01+00:00\",\"modified\":\"2023-01-18T11:05:01+00:00\",\"edited\":null,\"deleted\":0,\"deleted_date\":null,\"assets\":null,\"business_continuities\":null,\"third_party_risks\":null,\"risks\":null,\"compliance_analysis_findings\":null,\"compliance_exceptions\":null,\"security_services\":null,\"projects\":null,\"owners\":null}',0,0,NULL,'Admin_test Admin','1',NULL,15,'192.168.23.1','/compliance-package-items/add?modalId=1&_=1674039839101&ImportTool=1','2023-01-18 11:05:01'),('0ee5e719-bd17-4cd6-a495-c41d5ca66594',1,'CREATE',NULL,'ComplianceManagements','9','a08f3e2a-6c65-4e3f-8bd8-5bbaf80f22cd','{\"id\":9,\"compliance_package_item_id\":9,\"compliance_treatment_strategy_id\":null,\"legal_id\":null,\"owner_id\":null,\"efficacy\":0,\"description\":\"\",\"workflow_owner_id\":null,\"workflow_status\":0,\"created\":\"2023-01-18T11:05:00+00:00\",\"modified\":\"2023-01-18T11:05:00+00:00\",\"edited\":null,\"deleted\":0,\"deleted_date\":null,\"assets\":null,\"business_continuities\":null,\"third_party_risks\":null,\"risks\":null,\"compliance_analysis_findings\":null,\"compliance_exceptions\":null,\"security_services\":null,\"projects\":null,\"owners\":null}',0,0,NULL,'Admin_test Admin','1',NULL,15,'192.168.23.1','/compliance-package-items/add?modalId=1&_=1674039839101&ImportTool=1','2023-01-18 11:05:00'),('0f78fa30-e0b4-4796-a531-c44e01f9223d',1,'CREATE',NULL,'ComplianceManagements','28','a08f3e2a-6c65-4e3f-8bd8-5bbaf80f22cd','{\"id\":28,\"compliance_package_item_id\":28,\"compliance_treatment_strategy_id\":null,\"legal_id\":null,\"owner_id\":null,\"efficacy\":0,\"description\":\"\",\"workflow_owner_id\":null,\"workflow_status\":0,\"created\":\"2023-01-18T11:05:02+00:00\",\"modified\":\"2023-01-18T11:05:02+00:00\",\"edited\":null,\"deleted\":0,\"deleted_date\":null,\"assets\":null,\"business_continuities\":null,\"third_party_risks\":null,\"risks\":null,\"compliance_analysis_findings\":null,\"compliance_exceptions\":null,\"security_services\":null,\"projects\":null,\"owners\":null}',0,0,NULL,'Admin_test Admin','1',NULL,15,'192.168.23.1','/compliance-package-items/add?modalId=1&_=1674039839101&ImportTool=1','2023-01-18 11:05:02'),('1426ecf2-eeea-4cbe-b0e1-0ab6e09d2927',1,'CREATE',NULL,'CompliancePackageItems','20','a08f3e2a-6c65-4e3f-8bd8-5bbaf80f22cd','{\"id\":20,\"item_id\":\"6.3.2\",\"name\":\"Review custom code prior to releaseto production or customers in order toidentify any potential coding vulnerability(using either manual or automatedprocesses) to include at least the following:\",\"description\":\"NA\",\"audit_questionaire\":\"NA\",\"compliance_package_id\":6,\"workflow_owner_id\":null,\"workflow_status\":0,\"created\":\"2023-01-18T11:05:01+00:00\",\"modified\":\"2023-01-18T11:05:01+00:00\",\"deleted\":0,\"deleted_date\":null}',0,0,NULL,'Admin_test Admin','1',NULL,6,'192.168.23.1','/compliance-package-items/add?modalId=1&_=1674039839101&ImportTool=1','2023-01-18 11:05:01'),('166383f9-7a80-4be3-ab1c-966dbc7145c2',1,'CREATE',NULL,'CompliancePackageItems','15','a08f3e2a-6c65-4e3f-8bd8-5bbaf80f22cd','{\"id\":15,\"item_id\":\"5.3.0\",\"name\":\"Ensure that anti-virus mechanismsare actively running and cannot bedisabled or altered by users unlessspecifically authorized by managementon a case-by-case basis for a limitedtime period.Note: Anti-virus solutions may betemporarily disabled only if there islegitimate technical need as authorizedby management on a case-by-casebasis. If anti-virus protection needs to bedisabled for a specific purpose it mustbe formally authorized. Additionalsecurity measures may also need to beimplemented for the period of time duringwhich anti-virus protection is not active.\",\"description\":\"NA\",\"audit_questionaire\":\"NA\",\"compliance_package_id\":5,\"workflow_owner_id\":null,\"workflow_status\":0,\"created\":\"2023-01-18T11:05:00+00:00\",\"modified\":\"2023-01-18T11:05:00+00:00\",\"deleted\":0,\"deleted_date\":null}',0,0,NULL,'Admin_test Admin','1',NULL,6,'192.168.23.1','/compliance-package-items/add?modalId=1&_=1674039839101&ImportTool=1','2023-01-18 11:05:00'),('19263c3f-ff32-4560-8bae-10a395ef719e',1,'CREATE',NULL,'CompliancePackageRegulators','1','aa1c5d1e-95ba-493e-b955-612fe7bb7d85','{\"id\":1,\"name\":\"test\",\"description\":\"test\",\"publisher_name\":\"test\",\"regulation_name\":\"test\",\"version\":\"3.2\",\"language\":\"en\",\"url\":\"\",\"restriction\":1,\"created\":\"2023-01-18T10:59:01+00:00\",\"modified\":\"2023-01-18T10:59:01+00:00\",\"deleted\":0,\"deleted_date\":null,\"edited\":null,\"legals\":null,\"owners\":null}',0,0,NULL,'Admin Admin','1',NULL,11,'192.168.23.1','/compliance-package-regulators/add?modalId=1&_=1674039101476','2023-01-18 10:59:01'),('19ee58ea-210f-49b5-a55a-3d1e0e8e979e',1,'CREATE',NULL,'CompliancePackages','6','a08f3e2a-6c65-4e3f-8bd8-5bbaf80f22cd','{\"id\":6,\"package_id\":\"6\",\"name\":\"Develop and maintain secure systems and applications\",\"description\":\"Voortdurend proces\",\"compliance_package_regulator_id\":1,\"created\":\"2023-01-18T11:05:00+00:00\",\"modified\":\"2023-01-18T11:05:00+00:00\",\"edited\":null,\"deleted\":0,\"deleted_date\":null}',0,0,NULL,'Admin_test Admin','1',NULL,5,'192.168.23.1','/compliance-package-items/add?modalId=1&_=1674039839101&ImportTool=1','2023-01-18 11:05:00'),('1a855041-525e-413c-b004-e5b41a48aa52',1,'CREATE',NULL,'CompliancePackages','3','a08f3e2a-6c65-4e3f-8bd8-5bbaf80f22cd','{\"id\":3,\"package_id\":\"3\",\"name\":\"Protect stored cardholder data\",\"description\":\"Na blenagrijke wijziging\",\"compliance_package_regulator_id\":1,\"created\":\"2023-01-18T11:05:00+00:00\",\"modified\":\"2023-01-18T11:05:00+00:00\",\"edited\":null,\"deleted\":0,\"deleted_date\":null}',0,0,NULL,'Admin_test Admin','1',NULL,5,'192.168.23.1','/compliance-package-items/add?modalId=1&_=1674039839101&ImportTool=1','2023-01-18 11:05:00'),('1af8fb31-d4df-4fe1-8ad6-89cab21b1f35',1,'CREATE',NULL,'CompliancePackages','2','a08f3e2a-6c65-4e3f-8bd8-5bbaf80f22cd','{\"id\":2,\"package_id\":\"2\",\"name\":\"Do not use vendor-supplied defaults for system passwords and other security parameters\",\"description\":\"Voor netwerkverbinding\",\"compliance_package_regulator_id\":1,\"created\":\"2023-01-18T11:04:59+00:00\",\"modified\":\"2023-01-18T11:04:59+00:00\",\"edited\":null,\"deleted\":0,\"deleted_date\":null}',0,0,NULL,'Admin_test Admin','1',NULL,5,'192.168.23.1','/compliance-package-items/add?modalId=1&_=1674039839101&ImportTool=1','2023-01-18 11:04:59'),('1e855519-011b-4401-ac07-2c7e1c4e219f',1,'CREATE',NULL,'CompliancePackageItems','3','a08f3e2a-6c65-4e3f-8bd8-5bbaf80f22cd','{\"id\":3,\"item_id\":\"1.5.0\",\"name\":\"Ensure that security policies and operational procedures for managing firewalls are documented in use and known to all affected parties.\",\"description\":\"NA\",\"audit_questionaire\":\"NA\",\"compliance_package_id\":1,\"workflow_owner_id\":null,\"workflow_status\":0,\"created\":\"2023-01-18T11:04:59+00:00\",\"modified\":\"2023-01-18T11:04:59+00:00\",\"deleted\":0,\"deleted_date\":null}',0,0,NULL,'Admin_test Admin','1',NULL,6,'192.168.23.1','/compliance-package-items/add?modalId=1&_=1674039839101&ImportTool=1','2023-01-18 11:04:59'),('1fcc1ec4-1fe8-4c1e-b255-249d6ad4e6dd',1,'CREATE',NULL,'ComplianceManagements','35','a08f3e2a-6c65-4e3f-8bd8-5bbaf80f22cd','{\"id\":35,\"compliance_package_item_id\":35,\"compliance_treatment_strategy_id\":null,\"legal_id\":null,\"owner_id\":null,\"efficacy\":0,\"description\":\"\",\"workflow_owner_id\":null,\"workflow_status\":0,\"created\":\"2023-01-18T11:05:03+00:00\",\"modified\":\"2023-01-18T11:05:03+00:00\",\"edited\":null,\"deleted\":0,\"deleted_date\":null,\"assets\":null,\"business_continuities\":null,\"third_party_risks\":null,\"risks\":null,\"compliance_analysis_findings\":null,\"compliance_exceptions\":null,\"security_services\":null,\"projects\":null,\"owners\":null}',0,0,NULL,'Admin_test Admin','1',NULL,15,'192.168.23.1','/compliance-package-items/add?modalId=1&_=1674039839101&ImportTool=1','2023-01-18 11:05:03'),('211f85de-c859-4b6d-ba18-0f6b8829a9d2',1,'CREATE',NULL,'ComplianceManagements','2','a08f3e2a-6c65-4e3f-8bd8-5bbaf80f22cd','{\"id\":2,\"compliance_package_item_id\":2,\"compliance_treatment_strategy_id\":null,\"legal_id\":null,\"owner_id\":null,\"efficacy\":0,\"description\":\"\",\"workflow_owner_id\":null,\"workflow_status\":0,\"created\":\"2023-01-18T11:04:59+00:00\",\"modified\":\"2023-01-18T11:04:59+00:00\",\"edited\":null,\"deleted\":0,\"deleted_date\":null,\"assets\":null,\"business_continuities\":null,\"third_party_risks\":null,\"risks\":null,\"compliance_analysis_findings\":null,\"compliance_exceptions\":null,\"security_services\":null,\"projects\":null,\"owners\":null}',0,0,NULL,'Admin_test Admin','1',NULL,15,'192.168.23.1','/compliance-package-items/add?modalId=1&_=1674039839101&ImportTool=1','2023-01-18 11:04:59'),('22a5f295-6249-45ce-b52a-32c2757763f7',1,'CREATE',NULL,'CompliancePackageItems','10','a08f3e2a-6c65-4e3f-8bd8-5bbaf80f22cd','{\"id\":10,\"item_id\":\"2.5.0\",\"name\":\"Ensure that security policies and operational procedures for managing vendor defaults and other security parameters are documented in use and known to all affected parties.\",\"description\":\"NA\",\"audit_questionaire\":\"NA\",\"compliance_package_id\":2,\"workflow_owner_id\":null,\"workflow_status\":0,\"created\":\"2023-01-18T11:05:00+00:00\",\"modified\":\"2023-01-18T11:05:00+00:00\",\"deleted\":0,\"deleted_date\":null}',0,0,NULL,'Admin_test Admin','1',NULL,6,'192.168.23.1','/compliance-package-items/add?modalId=1&_=1674039839101&ImportTool=1','2023-01-18 11:05:00'),('23d3be9e-ced1-4881-865f-ae5a801cc240',1,'CREATE',NULL,'ComplianceManagements','17','a08f3e2a-6c65-4e3f-8bd8-5bbaf80f22cd','{\"id\":17,\"compliance_package_item_id\":17,\"compliance_treatment_strategy_id\":null,\"legal_id\":null,\"owner_id\":null,\"efficacy\":0,\"description\":\"\",\"workflow_owner_id\":null,\"workflow_status\":0,\"created\":\"2023-01-18T11:05:00+00:00\",\"modified\":\"2023-01-18T11:05:00+00:00\",\"edited\":null,\"deleted\":0,\"deleted_date\":null,\"assets\":null,\"business_continuities\":null,\"third_party_risks\":null,\"risks\":null,\"compliance_analysis_findings\":null,\"compliance_exceptions\":null,\"security_services\":null,\"projects\":null,\"owners\":null}',0,0,NULL,'Admin_test Admin','1',NULL,15,'192.168.23.1','/compliance-package-items/add?modalId=1&_=1674039839101&ImportTool=1','2023-01-18 11:05:00'),('249db5a3-d9cc-4327-b67b-e65c41b33c45',1,'CREATE',NULL,'ComplianceManagements','5','a08f3e2a-6c65-4e3f-8bd8-5bbaf80f22cd','{\"id\":5,\"compliance_package_item_id\":5,\"compliance_treatment_strategy_id\":null,\"legal_id\":null,\"owner_id\":null,\"efficacy\":0,\"description\":\"\",\"workflow_owner_id\":null,\"workflow_status\":0,\"created\":\"2023-01-18T11:04:59+00:00\",\"modified\":\"2023-01-18T11:04:59+00:00\",\"edited\":null,\"deleted\":0,\"deleted_date\":null,\"assets\":null,\"business_continuities\":null,\"third_party_risks\":null,\"risks\":null,\"compliance_analysis_findings\":null,\"compliance_exceptions\":null,\"security_services\":null,\"projects\":null,\"owners\":null}',0,0,NULL,'Admin_test Admin','1',NULL,15,'192.168.23.1','/compliance-package-items/add?modalId=1&_=1674039839101&ImportTool=1','2023-01-18 11:04:59'),('2fd5db46-49bf-4a58-ba88-9f4dff429150',1,'CREATE',NULL,'CompliancePackageItems','17','a08f3e2a-6c65-4e3f-8bd8-5bbaf80f22cd','{\"id\":17,\"item_id\":\"6.1.0\",\"name\":\"Establish a process to identify securityvulnerabilities using reputable outsidesources for security vulnerability informationand assign a risk ranking (for example ashigh medium or low) to newlydiscovered security vulnerabilities.Note: Risk rankings should be based onindustry best practices as well asconsideration of potential impact. Forexample criteria for ranking vulnerabilitiesmay include consideration of the CVSS basescore and\\/or the classification by the vendorand\\/or type of systems affected.Methods for evaluating vulnerabilities andassigning risk ratings will vary based on anorganizations environment and riskassessment strategy. Risk rankings shouldat a minimum identify all vulnerabilitiesconsidered to be a high risk to theenvironment. In addition to the risk rankingvulnerabilities may be considered critical ifthey pose an imminent threat to theenvironment impact critical systems and\\/orwould result in a potential compromise if notaddressed. Examples of critical systems mayinclude security systems public-facingdevices and systems databases and othersystems that store process or transmitcardholder data.\",\"description\":\"NA\",\"audit_questionaire\":\"NA\",\"compliance_package_id\":6,\"workflow_owner_id\":null,\"workflow_status\":0,\"created\":\"2023-01-18T11:05:00+00:00\",\"modified\":\"2023-01-18T11:05:00+00:00\",\"deleted\":0,\"deleted_date\":null}',0,0,NULL,'Admin_test Admin','1',NULL,6,'192.168.23.1','/compliance-package-items/add?modalId=1&_=1674039839101&ImportTool=1','2023-01-18 11:05:00'),('30a69c7f-6cd2-4050-afb4-28607722cf7b',1,'CREATE',NULL,'ComplianceManagements','15','a08f3e2a-6c65-4e3f-8bd8-5bbaf80f22cd','{\"id\":15,\"compliance_package_item_id\":15,\"compliance_treatment_strategy_id\":null,\"legal_id\":null,\"owner_id\":null,\"efficacy\":0,\"description\":\"\",\"workflow_owner_id\":null,\"workflow_status\":0,\"created\":\"2023-01-18T11:05:00+00:00\",\"modified\":\"2023-01-18T11:05:00+00:00\",\"edited\":null,\"deleted\":0,\"deleted_date\":null,\"assets\":null,\"business_continuities\":null,\"third_party_risks\":null,\"risks\":null,\"compliance_analysis_findings\":null,\"compliance_exceptions\":null,\"security_services\":null,\"projects\":null,\"owners\":null}',0,0,NULL,'Admin_test Admin','1',NULL,15,'192.168.23.1','/compliance-package-items/add?modalId=1&_=1674039839101&ImportTool=1','2023-01-18 11:05:00'),('331db9b1-bfe4-470c-8e14-38788adcd01a',1,'CREATE',NULL,'ComplianceManagements','27','a08f3e2a-6c65-4e3f-8bd8-5bbaf80f22cd','{\"id\":27,\"compliance_package_item_id\":27,\"compliance_treatment_strategy_id\":null,\"legal_id\":null,\"owner_id\":null,\"efficacy\":0,\"description\":\"\",\"workflow_owner_id\":null,\"workflow_status\":0,\"created\":\"2023-01-18T11:05:02+00:00\",\"modified\":\"2023-01-18T11:05:02+00:00\",\"edited\":null,\"deleted\":0,\"deleted_date\":null,\"assets\":null,\"business_continuities\":null,\"third_party_risks\":null,\"risks\":null,\"compliance_analysis_findings\":null,\"compliance_exceptions\":null,\"security_services\":null,\"projects\":null,\"owners\":null}',0,0,NULL,'Admin_test Admin','1',NULL,15,'192.168.23.1','/compliance-package-items/add?modalId=1&_=1674039839101&ImportTool=1','2023-01-18 11:05:02'),('395125b6-810b-431d-94a6-632eba3bfcf3',1,'CREATE',NULL,'CompliancePackages','9','a08f3e2a-6c65-4e3f-8bd8-5bbaf80f22cd','{\"id\":9,\"package_id\":\"9\",\"name\":\"Restrict physical access to cardholder data\",\"description\":\"Voortdurend proces\",\"compliance_package_regulator_id\":1,\"created\":\"2023-01-18T11:05:02+00:00\",\"modified\":\"2023-01-18T11:05:02+00:00\",\"edited\":null,\"deleted\":0,\"deleted_date\":null}',0,0,NULL,'Admin_test Admin','1',NULL,5,'192.168.23.1','/compliance-package-items/add?modalId=1&_=1674039839101&ImportTool=1','2023-01-18 11:05:02'),('3bf3d8dc-c6d9-4019-acdf-d398511bf1b5',1,'CREATE',NULL,'CompliancePackageItems','28','a08f3e2a-6c65-4e3f-8bd8-5bbaf80f22cd','{\"id\":28,\"item_id\":\"8.8.0\",\"name\":\"Ensure that security policies and operational procedures for identification and authentication are documented in use and known to all affected parties.\",\"description\":\"NA\",\"audit_questionaire\":\"NA\",\"compliance_package_id\":8,\"workflow_owner_id\":null,\"workflow_status\":0,\"created\":\"2023-01-18T11:05:02+00:00\",\"modified\":\"2023-01-18T11:05:02+00:00\",\"deleted\":0,\"deleted_date\":null}',0,0,NULL,'Admin_test Admin','1',NULL,6,'192.168.23.1','/compliance-package-items/add?modalId=1&_=1674039839101&ImportTool=1','2023-01-18 11:05:02'),('408649b7-5162-487e-aadc-1e04525df7ec',1,'CREATE',NULL,'CompliancePackageItems','23','a08f3e2a-6c65-4e3f-8bd8-5bbaf80f22cd','{\"id\":23,\"item_id\":\"6.7.0\",\"name\":\"Ensure that security policies andoperational procedures for developing andmaintaining secure systems and applicationsare documented in use and known to allaffected parties.\",\"description\":\"NA\",\"audit_questionaire\":\"NA\",\"compliance_package_id\":6,\"workflow_owner_id\":null,\"workflow_status\":0,\"created\":\"2023-01-18T11:05:01+00:00\",\"modified\":\"2023-01-18T11:05:01+00:00\",\"deleted\":0,\"deleted_date\":null}',0,0,NULL,'Admin_test Admin','1',NULL,6,'192.168.23.1','/compliance-package-items/add?modalId=1&_=1674039839101&ImportTool=1','2023-01-18 11:05:01'),('427ea6c6-d9db-4e12-810c-75d8581fe438',1,'CREATE',NULL,'ComplianceManagements','6','a08f3e2a-6c65-4e3f-8bd8-5bbaf80f22cd','{\"id\":6,\"compliance_package_item_id\":6,\"compliance_treatment_strategy_id\":null,\"legal_id\":null,\"owner_id\":null,\"efficacy\":0,\"description\":\"\",\"workflow_owner_id\":null,\"workflow_status\":0,\"created\":\"2023-01-18T11:04:59+00:00\",\"modified\":\"2023-01-18T11:04:59+00:00\",\"edited\":null,\"deleted\":0,\"deleted_date\":null,\"assets\":null,\"business_continuities\":null,\"third_party_risks\":null,\"risks\":null,\"compliance_analysis_findings\":null,\"compliance_exceptions\":null,\"security_services\":null,\"projects\":null,\"owners\":null}',0,0,NULL,'Admin_test Admin','1',NULL,15,'192.168.23.1','/compliance-package-items/add?modalId=1&_=1674039839101&ImportTool=1','2023-01-18 11:04:59'),('4347ae81-9af1-4355-a880-300433c53862',1,'CREATE',NULL,'ComplianceManagements','31','a08f3e2a-6c65-4e3f-8bd8-5bbaf80f22cd','{\"id\":31,\"compliance_package_item_id\":31,\"compliance_treatment_strategy_id\":null,\"legal_id\":null,\"owner_id\":null,\"efficacy\":0,\"description\":\"\",\"workflow_owner_id\":null,\"workflow_status\":0,\"created\":\"2023-01-18T11:05:02+00:00\",\"modified\":\"2023-01-18T11:05:02+00:00\",\"edited\":null,\"deleted\":0,\"deleted_date\":null,\"assets\":null,\"business_continuities\":null,\"third_party_risks\":null,\"risks\":null,\"compliance_analysis_findings\":null,\"compliance_exceptions\":null,\"security_services\":null,\"projects\":null,\"owners\":null}',0,0,NULL,'Admin_test Admin','1',NULL,15,'192.168.23.1','/compliance-package-items/add?modalId=1&_=1674039839101&ImportTool=1','2023-01-18 11:05:02'),('459a7c58-97e4-4bc9-a0b1-27ca8dad13ec',1,'CREATE',NULL,'CompliancePackageItems','13','a08f3e2a-6c65-4e3f-8bd8-5bbaf80f22cd','{\"id\":13,\"item_id\":\"4.3.0\",\"name\":\"Ensure that security policies andoperational procedures for encryptingtransmissions of cardholder data aredocumented in use and known to allaffected parties.\",\"description\":\"NA\",\"audit_questionaire\":\"NA\",\"compliance_package_id\":4,\"workflow_owner_id\":null,\"workflow_status\":0,\"created\":\"2023-01-18T11:05:00+00:00\",\"modified\":\"2023-01-18T11:05:00+00:00\",\"deleted\":0,\"deleted_date\":null}',0,0,NULL,'Admin_test Admin','1',NULL,6,'192.168.23.1','/compliance-package-items/add?modalId=1&_=1674039839101&ImportTool=1','2023-01-18 11:05:00'),('476d5b08-bfa2-4240-9890-367e1a2fc2ba',1,'CREATE',NULL,'ComplianceManagements','3','a08f3e2a-6c65-4e3f-8bd8-5bbaf80f22cd','{\"id\":3,\"compliance_package_item_id\":3,\"compliance_treatment_strategy_id\":null,\"legal_id\":null,\"owner_id\":null,\"efficacy\":0,\"description\":\"\",\"workflow_owner_id\":null,\"workflow_status\":0,\"created\":\"2023-01-18T11:04:59+00:00\",\"modified\":\"2023-01-18T11:04:59+00:00\",\"edited\":null,\"deleted\":0,\"deleted_date\":null,\"assets\":null,\"business_continuities\":null,\"third_party_risks\":null,\"risks\":null,\"compliance_analysis_findings\":null,\"compliance_exceptions\":null,\"security_services\":null,\"projects\":null,\"owners\":null}',0,0,NULL,'Admin_test Admin','1',NULL,15,'192.168.23.1','/compliance-package-items/add?modalId=1&_=1674039839101&ImportTool=1','2023-01-18 11:04:59'),('4aa50cb2-2ca8-4c7d-ad83-34c385f7d552',1,'CREATE',NULL,'CompliancePackages','7','a08f3e2a-6c65-4e3f-8bd8-5bbaf80f22cd','{\"id\":7,\"package_id\":\"7\",\"name\":\"Restrict access to cardholder data by business need to know\",\"description\":\"Voortdurend proces\",\"compliance_package_regulator_id\":1,\"created\":\"2023-01-18T11:05:01+00:00\",\"modified\":\"2023-01-18T11:05:01+00:00\",\"edited\":null,\"deleted\":0,\"deleted_date\":null}',0,0,NULL,'Admin_test Admin','1',NULL,5,'192.168.23.1','/compliance-package-items/add?modalId=1&_=1674039839101&ImportTool=1','2023-01-18 11:05:01'),('4cef499d-d341-4ae6-8840-b650b1eef0a3',1,'CREATE',NULL,'ComplianceManagements','4','a08f3e2a-6c65-4e3f-8bd8-5bbaf80f22cd','{\"id\":4,\"compliance_package_item_id\":4,\"compliance_treatment_strategy_id\":null,\"legal_id\":null,\"owner_id\":null,\"efficacy\":0,\"description\":\"\",\"workflow_owner_id\":null,\"workflow_status\":0,\"created\":\"2023-01-18T11:04:59+00:00\",\"modified\":\"2023-01-18T11:04:59+00:00\",\"edited\":null,\"deleted\":0,\"deleted_date\":null,\"assets\":null,\"business_continuities\":null,\"third_party_risks\":null,\"risks\":null,\"compliance_analysis_findings\":null,\"compliance_exceptions\":null,\"security_services\":null,\"projects\":null,\"owners\":null}',0,0,NULL,'Admin_test Admin','1',NULL,15,'192.168.23.1','/compliance-package-items/add?modalId=1&_=1674039839101&ImportTool=1','2023-01-18 11:04:59'),('4d4e725a-9916-4bcc-b530-c950998422b0',1,'CREATE',NULL,'ComplianceManagements','26','a08f3e2a-6c65-4e3f-8bd8-5bbaf80f22cd','{\"id\":26,\"compliance_package_item_id\":26,\"compliance_treatment_strategy_id\":null,\"legal_id\":null,\"owner_id\":null,\"efficacy\":0,\"description\":\"\",\"workflow_owner_id\":null,\"workflow_status\":0,\"created\":\"2023-01-18T11:05:01+00:00\",\"modified\":\"2023-01-18T11:05:01+00:00\",\"edited\":null,\"deleted\":0,\"deleted_date\":null,\"assets\":null,\"business_continuities\":null,\"third_party_risks\":null,\"risks\":null,\"compliance_analysis_findings\":null,\"compliance_exceptions\":null,\"security_services\":null,\"projects\":null,\"owners\":null}',0,0,NULL,'Admin_test Admin','1',NULL,15,'192.168.23.1','/compliance-package-items/add?modalId=1&_=1674039839101&ImportTool=1','2023-01-18 11:05:01'),('4dfc1eaa-57fb-4402-8f5f-776ab7a6d8b4',1,'CREATE',NULL,'CompliancePackageItems','25','a08f3e2a-6c65-4e3f-8bd8-5bbaf80f22cd','{\"id\":25,\"item_id\":\"8.1.3\",\"name\":\"Immediately revoke access forany terminated users.\",\"description\":\"NA\",\"audit_questionaire\":\"NA\",\"compliance_package_id\":8,\"workflow_owner_id\":null,\"workflow_status\":0,\"created\":\"2023-01-18T11:05:01+00:00\",\"modified\":\"2023-01-18T11:05:01+00:00\",\"deleted\":0,\"deleted_date\":null}',0,0,NULL,'Admin_test Admin','1',NULL,6,'192.168.23.1','/compliance-package-items/add?modalId=1&_=1674039839101&ImportTool=1','2023-01-18 11:05:01'),('4f1488d9-88fe-407b-91c8-b530d02bf96d',1,'CREATE',NULL,'CompliancePackageItems','2','a08f3e2a-6c65-4e3f-8bd8-5bbaf80f22cd','{\"id\":2,\"item_id\":\"1.1.3\",\"name\":\"Current diagram that shows all cardholder data flows across systems and networks\",\"description\":\"NA\",\"audit_questionaire\":\"NA\",\"compliance_package_id\":1,\"workflow_owner_id\":null,\"workflow_status\":0,\"created\":\"2023-01-18T11:04:59+00:00\",\"modified\":\"2023-01-18T11:04:59+00:00\",\"deleted\":0,\"deleted_date\":null}',0,0,NULL,'Admin_test Admin','1',NULL,6,'192.168.23.1','/compliance-package-items/add?modalId=1&_=1674039839101&ImportTool=1','2023-01-18 11:04:59'),('505c3cc4-9eba-460d-8b1e-c1d61c142baf',1,'CREATE',NULL,'CompliancePackageItems','6','a08f3e2a-6c65-4e3f-8bd8-5bbaf80f22cd','{\"id\":6,\"item_id\":\"2.2.0\",\"name\":\"Develop configuration standards for all system components. Assure that these standards address all known security vulnerabilities and are consistent with industry-accepted system hardening standards. Sources of industry-accepted system hardening standards may include but are not limited to:\",\"description\":\"NA\",\"audit_questionaire\":\"NA\",\"compliance_package_id\":2,\"workflow_owner_id\":null,\"workflow_status\":0,\"created\":\"2023-01-18T11:04:59+00:00\",\"modified\":\"2023-01-18T11:04:59+00:00\",\"deleted\":0,\"deleted_date\":null}',0,0,NULL,'Admin_test Admin','1',NULL,6,'192.168.23.1','/compliance-package-items/add?modalId=1&_=1674039839101&ImportTool=1','2023-01-18 11:04:59'),('51da3eb0-7ebf-4025-ab68-5fb87dc02732',1,'CREATE',NULL,'CompliancePackageItems','29','a08f3e2a-6c65-4e3f-8bd8-5bbaf80f22cd','{\"id\":29,\"item_id\":\"9.1.0\",\"name\":\"Use appropriate facility entry controls to limit and monitor physical access to systems in the cardholder data environment.\",\"description\":\"NA\",\"audit_questionaire\":\"NA\",\"compliance_package_id\":9,\"workflow_owner_id\":null,\"workflow_status\":0,\"created\":\"2023-01-18T11:05:02+00:00\",\"modified\":\"2023-01-18T11:05:02+00:00\",\"deleted\":0,\"deleted_date\":null}',0,0,NULL,'Admin_test Admin','1',NULL,6,'192.168.23.1','/compliance-package-items/add?modalId=1&_=1674039839101&ImportTool=1','2023-01-18 11:05:02'),('598486fc-5e7e-4cf4-89d0-a85ea1dfe451',1,'CREATE',NULL,'CompliancePackageItems','8','a08f3e2a-6c65-4e3f-8bd8-5bbaf80f22cd','{\"id\":8,\"item_id\":\"2.3.0\",\"name\":\"Encrypt all non-console administrative access using strong cryptography.\",\"description\":\"NA\",\"audit_questionaire\":\"NA\",\"compliance_package_id\":2,\"workflow_owner_id\":null,\"workflow_status\":0,\"created\":\"2023-01-18T11:04:59+00:00\",\"modified\":\"2023-01-18T11:04:59+00:00\",\"deleted\":0,\"deleted_date\":null}',0,0,NULL,'Admin_test Admin','1',NULL,6,'192.168.23.1','/compliance-package-items/add?modalId=1&_=1674039839101&ImportTool=1','2023-01-18 11:04:59'),('5c25c694-1fa8-4b2c-bf63-a77c2e323697',1,'CREATE',NULL,'CompliancePackageItems','30','a08f3e2a-6c65-4e3f-8bd8-5bbaf80f22cd','{\"id\":30,\"item_id\":\"9.8.0\",\"name\":\"Destroy media when it is no longerneeded for business or legal reasons asfollows:\",\"description\":\"NA\",\"audit_questionaire\":\"NA\",\"compliance_package_id\":9,\"workflow_owner_id\":null,\"workflow_status\":0,\"created\":\"2023-01-18T11:05:02+00:00\",\"modified\":\"2023-01-18T11:05:02+00:00\",\"deleted\":0,\"deleted_date\":null}',0,0,NULL,'Admin_test Admin','1',NULL,6,'192.168.23.1','/compliance-package-items/add?modalId=1&_=1674039839101&ImportTool=1','2023-01-18 11:05:02'),('5ce3f0aa-2990-4e1f-97db-96a700000000',1,'CREATE',NULL,'Threat','3','5ce3f0aa-770c-445c-ad5d-96a700000000','{\"Threat\":{\"id\":\"3\",\"name\":\"Strikes\"}}',1,0,NULL,NULL,NULL,NULL,0,NULL,NULL,'2019-05-21 12:35:54'),('5ce3f0aa-5628-4506-a0ea-96a700000000',1,'CREATE',NULL,'Threat','4','5ce3f0aa-770c-445c-ad5d-96a700000000','{\"Threat\":{\"id\":\"4\",\"name\":\"Unintentional Loss of Equipment\"}}',1,0,NULL,NULL,NULL,NULL,0,NULL,NULL,'2019-05-21 12:35:54'),('5ce3f0aa-5fb8-4418-895d-96a700000000',1,'CREATE',NULL,'Threat','7','5ce3f0aa-770c-445c-ad5d-96a700000000','{\"Threat\":{\"id\":\"7\",\"name\":\"Intentional Theft of Information\"}}',1,0,NULL,NULL,NULL,NULL,0,NULL,NULL,'2019-05-21 12:35:54'),('5ce3f0aa-8eac-4b14-8301-96a700000000',1,'CREATE',NULL,'Threat','2','5ce3f0aa-770c-445c-ad5d-96a700000000','{\"Threat\":{\"id\":\"2\",\"name\":\"Pandemic Issues\"}}',1,0,NULL,NULL,NULL,NULL,0,NULL,NULL,'2019-05-21 12:35:54'),('5ce3f0aa-9430-47b8-a0c7-96a700000000',1,'CREATE',NULL,'Threat','5','5ce3f0aa-770c-445c-ad5d-96a700000000','{\"Threat\":{\"id\":\"5\",\"name\":\"Intentional Theft of Equipment\"}}',1,0,NULL,NULL,NULL,NULL,0,NULL,NULL,'2019-05-21 12:35:54'),('5ce3f0aa-a2e8-45f8-8537-96a700000000',1,'CREATE',NULL,'Threat','1','5ce3f0aa-770c-445c-ad5d-96a700000000','{\"Threat\":{\"id\":\"1\",\"name\":\"Intentional Complot\"}}',1,0,NULL,NULL,NULL,NULL,0,NULL,NULL,'2019-05-21 12:35:54'),('5ce3f0aa-ab50-408a-9f4b-96a700000000',1,'CREATE',NULL,'Threat','8','5ce3f0aa-770c-445c-ad5d-96a700000000','{\"Threat\":{\"id\":\"8\",\"name\":\"Remote Exploit\"}}',1,0,NULL,NULL,NULL,NULL,0,NULL,NULL,'2019-05-21 12:35:54'),('5ce3f0aa-d5b4-49a6-a14e-96a700000000',1,'CREATE',NULL,'Threat','9','5ce3f0aa-770c-445c-ad5d-96a700000000','{\"Threat\":{\"id\":\"9\",\"name\":\"Abuse of Service\"}}',1,0,NULL,NULL,NULL,NULL,0,NULL,NULL,'2019-05-21 12:35:54'),('5ce3f0aa-e6d0-42d1-bc34-96a700000000',1,'CREATE',NULL,'Threat','6','5ce3f0aa-770c-445c-ad5d-96a700000000','{\"Threat\":{\"id\":\"6\",\"name\":\"Unintentional Loss of Information\"}}',1,0,NULL,NULL,NULL,NULL,0,NULL,NULL,'2019-05-21 12:35:54'),('5ce3f0ab-01cc-4973-b93c-96a700000000',1,'CREATE',NULL,'Vulnerability','23','5ce3f0aa-770c-445c-ad5d-96a700000000','{\"Vulnerability\":{\"id\":\"23\",\"name\":\"Weak Passwords\"}}',1,0,NULL,NULL,NULL,NULL,0,NULL,NULL,'2019-05-21 12:35:55'),('5ce3f0ab-0474-4f2f-87a6-96a700000000',1,'CREATE',NULL,'Vulnerability','28','5ce3f0aa-770c-445c-ad5d-96a700000000','{\"Vulnerability\":{\"id\":\"28\",\"name\":\"Seismic Areas\"}}',1,0,NULL,NULL,NULL,NULL,0,NULL,NULL,'2019-05-21 12:35:55'),('5ce3f0ab-08f8-4305-a3e7-96a700000000',1,'CREATE',NULL,'Threat','32','5ce3f0aa-770c-445c-ad5d-96a700000000','{\"Threat\":{\"id\":\"32\",\"name\":\"Third Party Intrusion\"}}',1,0,NULL,NULL,NULL,NULL,0,NULL,NULL,'2019-05-21 12:35:55'),('5ce3f0ab-0af4-44e5-95d2-96a700000000',1,'CREATE',NULL,'Threat','11','5ce3f0aa-770c-445c-ad5d-96a700000000','{\"Threat\":{\"id\":\"11\",\"name\":\"Network Attack\"}}',1,0,NULL,NULL,NULL,NULL,0,NULL,NULL,'2019-05-21 12:35:55'),('5ce3f0ab-0c48-4ef1-a326-96a700000000',1,'CREATE',NULL,'Threat','17','5ce3f0aa-770c-445c-ad5d-96a700000000','{\"Threat\":{\"id\":\"17\",\"name\":\"Social Engineering\"}}',1,0,NULL,NULL,NULL,NULL,0,NULL,NULL,'2019-05-21 12:35:55'),('5ce3f0ab-1050-4af5-a898-96a700000000',1,'CREATE',NULL,'Vulnerability','12','5ce3f0aa-770c-445c-ad5d-96a700000000','{\"Vulnerability\":{\"id\":\"12\",\"name\":\"Lack of Movement Sensors\"}}',1,0,NULL,NULL,NULL,NULL,0,NULL,NULL,'2019-05-21 12:35:55'),('5ce3f0ab-178c-4fbc-9721-96a700000000',1,'CREATE',NULL,'Threat','25','5ce3f0aa-770c-445c-ad5d-96a700000000','{\"Threat\":{\"id\":\"25\",\"name\":\"Tunneling\"}}',1,0,NULL,NULL,NULL,NULL,0,NULL,NULL,'2019-05-21 12:35:55'),('5ce3f0ab-1b9c-43d8-bf7d-96a700000000',1,'CREATE',NULL,'Vulnerability','16','5ce3f0aa-770c-445c-ad5d-96a700000000','{\"Vulnerability\":{\"id\":\"16\",\"name\":\"Lack of Encryption in Motion\"}}',1,0,NULL,NULL,NULL,NULL,0,NULL,NULL,'2019-05-21 12:35:55'),('5ce3f0ab-28b4-43e2-827a-96a700000000',1,'CREATE',NULL,'Threat','24','5ce3f0aa-770c-445c-ad5d-96a700000000','{\"Threat\":{\"id\":\"24\",\"name\":\"Tampering\"}}',1,0,NULL,NULL,NULL,NULL,0,NULL,NULL,'2019-05-21 12:35:55'),('5ce3f0ab-2944-46a7-ae2e-96a700000000',1,'CREATE',NULL,'Threat','30','5ce3f0aa-770c-445c-ad5d-96a700000000','{\"Threat\":{\"id\":\"30\",\"name\":\"Terrorist Attack\"}}',1,0,NULL,NULL,NULL,NULL,0,NULL,NULL,'2019-05-21 12:35:55'),('5ce3f0ab-3e44-49a6-ac3e-96a700000000',1,'CREATE',NULL,'Vulnerability','34','5ce3f0aa-770c-445c-ad5d-96a700000000','{\"Vulnerability\":{\"id\":\"34\",\"name\":\"Weak Software Development Procedures\"}}',1,0,NULL,NULL,NULL,NULL,0,NULL,NULL,'2019-05-21 12:35:55'),('5ce3f0ab-4048-4439-a619-96a700000000',1,'CREATE',NULL,'Threat','12','5ce3f0aa-770c-445c-ad5d-96a700000000','{\"Threat\":{\"id\":\"12\",\"name\":\"Sniffing\"}}',1,0,NULL,NULL,NULL,NULL,0,NULL,NULL,'2019-05-21 12:35:55'),('5ce3f0ab-4194-442b-b10d-96a700000000',1,'CREATE',NULL,'Threat','14','5ce3f0aa-770c-445c-ad5d-96a700000000','{\"Threat\":{\"id\":\"14\",\"name\":\"Malware\\/Trojan Distribution\"}}',1,0,NULL,NULL,NULL,NULL,0,NULL,NULL,'2019-05-21 12:35:55'),('5ce3f0ab-4308-43d1-9625-96a700000000',1,'CREATE',NULL,'Threat','10','5ce3f0aa-770c-445c-ad5d-96a700000000','{\"Threat\":{\"id\":\"10\",\"name\":\"Web Application Attack\"}}',1,0,NULL,NULL,NULL,NULL,0,NULL,NULL,'2019-05-21 12:35:55'),('5ce3f0ab-4618-4c6f-9c48-96a700000000',1,'CREATE',NULL,'Threat','21','5ce3f0aa-770c-445c-ad5d-96a700000000','{\"Threat\":{\"id\":\"21\",\"name\":\"Ilegal Infiltration\"}}',1,0,NULL,NULL,NULL,NULL,0,NULL,NULL,'2019-05-21 12:35:55'),('5ce3f0ab-495c-4a5a-a436-96a700000000',1,'CREATE',NULL,'Threat','26','5ce3f0aa-770c-445c-ad5d-96a700000000','{\"Threat\":{\"id\":\"26\",\"name\":\"Man in the Middle\"}}',1,0,NULL,NULL,NULL,NULL,0,NULL,NULL,'2019-05-21 12:35:55'),('5ce3f0ab-4aec-446a-a999-96a700000000',1,'CREATE',NULL,'Threat','31','5ce3f0aa-770c-445c-ad5d-96a700000000','{\"Threat\":{\"id\":\"31\",\"name\":\"Floodings\"}}',1,0,NULL,NULL,NULL,NULL,0,NULL,NULL,'2019-05-21 12:35:55'),('5ce3f0ab-5414-40a4-a97a-96a700000000',1,'CREATE',NULL,'Vulnerability','5','5ce3f0aa-770c-445c-ad5d-96a700000000','{\"Vulnerability\":{\"id\":\"5\",\"name\":\"Weak CheckOut Procedures\"}}',1,0,NULL,NULL,NULL,NULL,0,NULL,NULL,'2019-05-21 12:35:55'),('5ce3f0ab-544c-46cd-b919-96a700000000',1,'CREATE',NULL,'Vulnerability','31','5ce3f0aa-770c-445c-ad5d-96a700000000','{\"Vulnerability\":{\"id\":\"31\",\"name\":\"Other\"}}',1,0,NULL,NULL,NULL,NULL,0,NULL,NULL,'2019-05-21 12:35:55'),('5ce3f0ab-5490-4b28-a7c2-96a700000000',1,'CREATE',NULL,'Vulnerability','7','5ce3f0aa-770c-445c-ad5d-96a700000000','{\"Vulnerability\":{\"id\":\"7\",\"name\":\"Lack of alternative Power Sources\"}}',1,0,NULL,NULL,NULL,NULL,0,NULL,NULL,'2019-05-21 12:35:55'),('5ce3f0ab-5c24-4dc0-8735-96a700000000',1,'CREATE',NULL,'Vulnerability','1','5ce3f0aa-770c-445c-ad5d-96a700000000','{\"Vulnerability\":{\"id\":\"1\",\"name\":\"Lack of Information\"}}',1,0,NULL,NULL,NULL,NULL,0,NULL,NULL,'2019-05-21 12:35:55'),('5ce3f0ab-5cdc-49b8-a01c-96a700000000',1,'CREATE',NULL,'Vulnerability','9','5ce3f0aa-770c-445c-ad5d-96a700000000','{\"Vulnerability\":{\"id\":\"9\",\"name\":\"Lack of Patching\"}}',1,0,NULL,NULL,NULL,NULL,0,NULL,NULL,'2019-05-21 12:35:55'),('5ce3f0ab-5df0-4054-83ca-96a700000000',1,'CREATE',NULL,'Threat','28','5ce3f0aa-770c-445c-ad5d-96a700000000','{\"Threat\":{\"id\":\"28\",\"name\":\"Other\"}}',1,0,NULL,NULL,NULL,NULL,0,NULL,NULL,'2019-05-21 12:35:55'),('5ce3f0ab-6194-4efc-ab3a-96a700000000',1,'CREATE',NULL,'Threat','35','5ce3f0aa-770c-445c-ad5d-96a700000000','{\"Threat\":{\"id\":\"35\",\"name\":\"Spying\"}}',1,0,NULL,NULL,NULL,NULL,0,NULL,NULL,'2019-05-21 12:35:55'),('5ce3f0ab-6884-41c2-a512-96a700000000',1,'CREATE',NULL,'Vulnerability','8','5ce3f0aa-770c-445c-ad5d-96a700000000','{\"Vulnerability\":{\"id\":\"8\",\"name\":\"Lack of Physical Guards\"}}',1,0,NULL,NULL,NULL,NULL,0,NULL,NULL,'2019-05-21 12:35:55'),('5ce3f0ab-69ac-4e87-bfa2-96a700000000',1,'CREATE',NULL,'Vulnerability','32','5ce3f0aa-770c-445c-ad5d-96a700000000','{\"Vulnerability\":{\"id\":\"32\",\"name\":\"Unprotected Network\"}}',1,0,NULL,NULL,NULL,NULL,0,NULL,NULL,'2019-05-21 12:35:55'),('5ce3f0ab-74f4-47f3-909f-96a700000000',1,'CREATE',NULL,'Threat','15','5ce3f0aa-770c-445c-ad5d-96a700000000','{\"Threat\":{\"id\":\"15\",\"name\":\"Viruses\"}}',1,0,NULL,NULL,NULL,NULL,0,NULL,NULL,'2019-05-21 12:35:55'),('5ce3f0ab-7528-4c25-bbba-96a700000000',1,'CREATE',NULL,'Vulnerability','3','5ce3f0aa-770c-445c-ad5d-96a700000000','{\"Vulnerability\":{\"id\":\"3\",\"name\":\"Lack of Logs\"}}',1,0,NULL,NULL,NULL,NULL,0,NULL,NULL,'2019-05-21 12:35:55'),('5ce3f0ab-7788-4ada-bb41-96a700000000',1,'CREATE',NULL,'Vulnerability','14','5ce3f0aa-770c-445c-ad5d-96a700000000','{\"Vulnerability\":{\"id\":\"14\",\"name\":\"Lack of Network Controls\"}}',1,0,NULL,NULL,NULL,NULL,0,NULL,NULL,'2019-05-21 12:35:55'),('5ce3f0ab-7934-4326-a536-96a700000000',1,'CREATE',NULL,'Vulnerability','25','5ce3f0aa-770c-445c-ad5d-96a700000000','{\"Vulnerability\":{\"id\":\"25\",\"name\":\"Missing Configuration Standards\"}}',1,0,NULL,NULL,NULL,NULL,0,NULL,NULL,'2019-05-21 12:35:55'),('5ce3f0ab-846c-4aa6-b793-96a700000000',1,'CREATE',NULL,'Vulnerability','18','5ce3f0aa-770c-445c-ad5d-96a700000000','{\"Vulnerability\":{\"id\":\"18\",\"name\":\"Creeping Accounts\"}}',1,0,NULL,NULL,NULL,NULL,0,NULL,NULL,'2019-05-21 12:35:55'),('5ce3f0ab-8810-479d-b416-96a700000000',1,'CREATE',NULL,'Vulnerability','11','5ce3f0aa-770c-445c-ad5d-96a700000000','{\"Vulnerability\":{\"id\":\"11\",\"name\":\"Lack of CCTV\"}}',1,0,NULL,NULL,NULL,NULL,0,NULL,NULL,'2019-05-21 12:35:55'),('5ce3f0ab-8a7c-411a-9c5e-96a700000000',1,'CREATE',NULL,'Threat','22','5ce3f0aa-770c-445c-ad5d-96a700000000','{\"Threat\":{\"id\":\"22\",\"name\":\"DOS Attack\"}}',1,0,NULL,NULL,NULL,NULL,0,NULL,NULL,'2019-05-21 12:35:55'),('5ce3f0ab-8c98-4386-960d-96a700000000',1,'CREATE',NULL,'Vulnerability','21','5ce3f0aa-770c-445c-ad5d-96a700000000','{\"Vulnerability\":{\"id\":\"21\",\"name\":\"Lack of Fire Extinguishers\"}}',1,0,NULL,NULL,NULL,NULL,0,NULL,NULL,'2019-05-21 12:35:55'),('5ce3f0ab-8e18-4cfa-8129-96a700000000',1,'CREATE',NULL,'Threat','19','5ce3f0aa-770c-445c-ad5d-96a700000000','{\"Threat\":{\"id\":\"19\",\"name\":\"Fire\"}}',1,0,NULL,NULL,NULL,NULL,0,NULL,NULL,'2019-05-21 12:35:55'),('5ce3f0ab-8e64-4dea-a30e-96a700000000',1,'CREATE',NULL,'Vulnerability','15','5ce3f0aa-770c-445c-ad5d-96a700000000','{\"Vulnerability\":{\"id\":\"15\",\"name\":\"Lack of Strong Authentication\"}}',1,0,NULL,NULL,NULL,NULL,0,NULL,NULL,'2019-05-21 12:35:55'),('5ce3f0ab-9234-46c5-9af6-96a700000000',1,'CREATE',NULL,'Vulnerability','13','5ce3f0aa-770c-445c-ad5d-96a700000000','{\"Vulnerability\":{\"id\":\"13\",\"name\":\"Lack of Procedures\"}}',1,0,NULL,NULL,NULL,NULL,0,NULL,NULL,'2019-05-21 12:35:55'),('5ce3f0ab-9618-438a-9d5d-96a700000000',1,'CREATE',NULL,'Vulnerability','19','5ce3f0aa-770c-445c-ad5d-96a700000000','{\"Vulnerability\":{\"id\":\"19\",\"name\":\"Hardware Malfunction\"}}',1,0,NULL,NULL,NULL,NULL,0,NULL,NULL,'2019-05-21 12:35:55'),('5ce3f0ab-99c4-400f-b9de-96a700000000',1,'CREATE',NULL,'Vulnerability','30','5ce3f0aa-770c-445c-ad5d-96a700000000','{\"Vulnerability\":{\"id\":\"30\",\"name\":\"Flood Prone Areas\"}}',1,0,NULL,NULL,NULL,NULL,0,NULL,NULL,'2019-05-21 12:35:55'),('5ce3f0ab-9be0-4b68-b0dd-96a700000000',1,'CREATE',NULL,'Vulnerability','33','5ce3f0aa-770c-445c-ad5d-96a700000000','{\"Vulnerability\":{\"id\":\"33\",\"name\":\"Cabling Unsecured\"}}',1,0,NULL,NULL,NULL,NULL,0,NULL,NULL,'2019-05-21 12:35:55'),('5ce3f0ab-9e40-4258-a39b-96a700000000',1,'CREATE',NULL,'Vulnerability','24','5ce3f0aa-770c-445c-ad5d-96a700000000','{\"Vulnerability\":{\"id\":\"24\",\"name\":\"Weak Awareness\"}}',1,0,NULL,NULL,NULL,NULL,0,NULL,NULL,'2019-05-21 12:35:55'),('5ce3f0ab-a6ac-4836-8376-96a700000000',1,'CREATE',NULL,'Threat','23','5ce3f0aa-770c-445c-ad5d-96a700000000','{\"Threat\":{\"id\":\"23\",\"name\":\"Brute Force Attack\"}}',1,0,NULL,NULL,NULL,NULL,0,NULL,NULL,'2019-05-21 12:35:55'),('5ce3f0ab-a774-473f-be86-96a700000000',1,'CREATE',NULL,'Vulnerability','6','5ce3f0aa-770c-445c-ad5d-96a700000000','{\"Vulnerability\":{\"id\":\"6\",\"name\":\"Supplier Failure\"}}',1,0,NULL,NULL,NULL,NULL,0,NULL,NULL,'2019-05-21 12:35:55'),('5ce3f0ab-a780-4c3c-944e-96a700000000',1,'CREATE',NULL,'Vulnerability','26','5ce3f0aa-770c-445c-ad5d-96a700000000','{\"Vulnerability\":{\"id\":\"26\",\"name\":\"Open Network Ports\"}}',1,0,NULL,NULL,NULL,NULL,0,NULL,NULL,'2019-05-21 12:35:55'),('5ce3f0ab-a9b8-425f-96cf-96a700000000',1,'CREATE',NULL,'Threat','33','5ce3f0aa-770c-445c-ad5d-96a700000000','{\"Threat\":{\"id\":\"33\",\"name\":\"Abuse of Priviledge\"}}',1,0,NULL,NULL,NULL,NULL,0,NULL,NULL,'2019-05-21 12:35:55'),('5ce3f0ab-ace8-43e4-9087-96a700000000',1,'CREATE',NULL,'Threat','34','5ce3f0aa-770c-445c-ad5d-96a700000000','{\"Threat\":{\"id\":\"34\",\"name\":\"Unauthorised records\"}}',1,0,NULL,NULL,NULL,NULL,0,NULL,NULL,'2019-05-21 12:35:55'),('5ce3f0ab-b0bc-43f8-95b4-96a700000000',1,'CREATE',NULL,'Vulnerability','22','5ce3f0aa-770c-445c-ad5d-96a700000000','{\"Vulnerability\":{\"id\":\"22\",\"name\":\"Lack of alternative exit doors\"}}',1,0,NULL,NULL,NULL,NULL,0,NULL,NULL,'2019-05-21 12:35:55'),('5ce3f0ab-b234-42c4-952e-96a700000000',1,'CREATE',NULL,'Vulnerability','17','5ce3f0aa-770c-445c-ad5d-96a700000000','{\"Vulnerability\":{\"id\":\"17\",\"name\":\"Lack of Encryption at Rest\"}}',1,0,NULL,NULL,NULL,NULL,0,NULL,NULL,'2019-05-21 12:35:55'),('5ce3f0ab-ba74-4f24-b133-96a700000000',1,'CREATE',NULL,'Threat','27','5ce3f0aa-770c-445c-ad5d-96a700000000','{\"Threat\":{\"id\":\"27\",\"name\":\"Fraud\"}}',1,0,NULL,NULL,NULL,NULL,0,NULL,NULL,'2019-05-21 12:35:55'),('5ce3f0ab-c0a8-4df5-b635-96a700000000',1,'CREATE',NULL,'Vulnerability','29','5ce3f0aa-770c-445c-ad5d-96a700000000','{\"Vulnerability\":{\"id\":\"29\",\"name\":\"Prone to Natural Disasters Area\"}}',1,0,NULL,NULL,NULL,NULL,0,NULL,NULL,'2019-05-21 12:35:55'),('5ce3f0ab-c284-4140-8703-96a700000000',1,'CREATE',NULL,'Vulnerability','27','5ce3f0aa-770c-445c-ad5d-96a700000000','{\"Vulnerability\":{\"id\":\"27\",\"name\":\"Reputational Issues\"}}',1,0,NULL,NULL,NULL,NULL,0,NULL,NULL,'2019-05-21 12:35:55'),('5ce3f0ab-c800-4524-aa29-96a700000000',1,'CREATE',NULL,'Threat','16','5ce3f0aa-770c-445c-ad5d-96a700000000','{\"Threat\":{\"id\":\"16\",\"name\":\"Copyright Infrigment\"}}',1,0,NULL,NULL,NULL,NULL,0,NULL,NULL,'2019-05-21 12:35:55'),('5ce3f0ab-d400-4eeb-8859-96a700000000',1,'CREATE',NULL,'Threat','13','5ce3f0aa-770c-445c-ad5d-96a700000000','{\"Threat\":{\"id\":\"13\",\"name\":\"Phishing\"}}',1,0,NULL,NULL,NULL,NULL,0,NULL,NULL,'2019-05-21 12:35:55'),('5ce3f0ab-d6c0-480d-9f6d-96a700000000',1,'CREATE',NULL,'Vulnerability','20','5ce3f0aa-770c-445c-ad5d-96a700000000','{\"Vulnerability\":{\"id\":\"20\",\"name\":\"Software Malfunction\"}}',1,0,NULL,NULL,NULL,NULL,0,NULL,NULL,'2019-05-21 12:35:55'),('5ce3f0ab-ef04-4374-81d8-96a700000000',1,'CREATE',NULL,'Vulnerability','10','5ce3f0aa-770c-445c-ad5d-96a700000000','{\"Vulnerability\":{\"id\":\"10\",\"name\":\"Web Application Vulnerabilities\"}}',1,0,NULL,NULL,NULL,NULL,0,NULL,NULL,'2019-05-21 12:35:55'),('5ce3f0ab-f600-46e4-bd85-96a700000000',1,'CREATE',NULL,'Vulnerability','2','5ce3f0aa-770c-445c-ad5d-96a700000000','{\"Vulnerability\":{\"id\":\"2\",\"name\":\"Lack of Integrity Checks\"}}',1,0,NULL,NULL,NULL,NULL,0,NULL,NULL,'2019-05-21 12:35:55'),('5ce3f0ab-fb04-49b8-b74d-96a700000000',1,'CREATE',NULL,'Threat','18','5ce3f0aa-770c-445c-ad5d-96a700000000','{\"Threat\":{\"id\":\"18\",\"name\":\"Natural Disasters\"}}',1,0,NULL,NULL,NULL,NULL,0,NULL,NULL,'2019-05-21 12:35:55'),('5ce3f0ab-fc10-4e99-88d7-96a700000000',1,'CREATE',NULL,'Threat','20','5ce3f0aa-770c-445c-ad5d-96a700000000','{\"Threat\":{\"id\":\"20\",\"name\":\"Flooding\"}}',1,0,NULL,NULL,NULL,NULL,0,NULL,NULL,'2019-05-21 12:35:55'),('5ce3f0ab-fc20-4451-96c6-96a700000000',1,'CREATE',NULL,'Vulnerability','4','5ce3f0aa-770c-445c-ad5d-96a700000000','{\"Vulnerability\":{\"id\":\"4\",\"name\":\"No Change Management\"}}',1,0,NULL,NULL,NULL,NULL,0,NULL,NULL,'2019-05-21 12:35:55'),('5e071125-beed-420a-b981-c2be69e97bec',1,'CREATE',NULL,'CompliancePackageItems','7','a08f3e2a-6c65-4e3f-8bd8-5bbaf80f22cd','{\"id\":7,\"item_id\":\"2.2.3\",\"name\":\"Implement additional security features for any required services protocols or daemons that are considered to be insecure.\",\"description\":\"NA\",\"audit_questionaire\":\"NA\",\"compliance_package_id\":2,\"workflow_owner_id\":null,\"workflow_status\":0,\"created\":\"2023-01-18T11:04:59+00:00\",\"modified\":\"2023-01-18T11:04:59+00:00\",\"deleted\":0,\"deleted_date\":null}',0,0,NULL,'Admin_test Admin','1',NULL,6,'192.168.23.1','/compliance-package-items/add?modalId=1&_=1674039839101&ImportTool=1','2023-01-18 11:04:59'),('5fa7d0e0-44cf-47d9-965a-192c2e3b9bc7',1,'CREATE',NULL,'CompliancePackageItems','21','a08f3e2a-6c65-4e3f-8bd8-5bbaf80f22cd','{\"id\":21,\"item_id\":\"6.4.4\",\"name\":\"Removal of test data and accountsfrom system components before the systembecomes active \\/ goes into production.\",\"description\":\"NA\",\"audit_questionaire\":\"NA\",\"compliance_package_id\":6,\"workflow_owner_id\":null,\"workflow_status\":0,\"created\":\"2023-01-18T11:05:01+00:00\",\"modified\":\"2023-01-18T11:05:01+00:00\",\"deleted\":0,\"deleted_date\":null}',0,0,NULL,'Admin_test Admin','1',NULL,6,'192.168.23.1','/compliance-package-items/add?modalId=1&_=1674039839101&ImportTool=1','2023-01-18 11:05:01'),('60f6c13d-eefc-4bce-8048-5aca700c8d68',1,'CREATE',NULL,'ComplianceManagements','32','a08f3e2a-6c65-4e3f-8bd8-5bbaf80f22cd','{\"id\":32,\"compliance_package_item_id\":32,\"compliance_treatment_strategy_id\":null,\"legal_id\":null,\"owner_id\":null,\"efficacy\":0,\"description\":\"\",\"workflow_owner_id\":null,\"workflow_status\":0,\"created\":\"2023-01-18T11:05:02+00:00\",\"modified\":\"2023-01-18T11:05:02+00:00\",\"edited\":null,\"deleted\":0,\"deleted_date\":null,\"assets\":null,\"business_continuities\":null,\"third_party_risks\":null,\"risks\":null,\"compliance_analysis_findings\":null,\"compliance_exceptions\":null,\"security_services\":null,\"projects\":null,\"owners\":null}',0,0,NULL,'Admin_test Admin','1',NULL,15,'192.168.23.1','/compliance-package-items/add?modalId=1&_=1674039839101&ImportTool=1','2023-01-18 11:05:02'),('61c6e95a-f1fb-4662-a870-82c49ab70541',1,'CREATE',NULL,'CompliancePackages','12','a08f3e2a-6c65-4e3f-8bd8-5bbaf80f22cd','{\"id\":12,\"package_id\":\"12\",\"name\":\"Maintain a policy that addresses information security for all personnel\",\"description\":\"Wanneer nodig\",\"compliance_package_regulator_id\":1,\"created\":\"2023-01-18T11:05:03+00:00\",\"modified\":\"2023-01-18T11:05:03+00:00\",\"edited\":null,\"deleted\":0,\"deleted_date\":null}',0,0,NULL,'Admin_test Admin','1',NULL,5,'192.168.23.1','/compliance-package-items/add?modalId=1&_=1674039839101&ImportTool=1','2023-01-18 11:05:03'),('63736495-acb2-4490-9741-faf82749ed2a',1,'CREATE',NULL,'CompliancePackageItems','1','a08f3e2a-6c65-4e3f-8bd8-5bbaf80f22cd','{\"id\":1,\"item_id\":\"1.1.2\",\"name\":\"Current network diagram that identifies all connections between the cardholder data environment and other networks including any wireless networks\",\"description\":\"NA\",\"audit_questionaire\":\"NA\",\"compliance_package_id\":1,\"workflow_owner_id\":null,\"workflow_status\":0,\"created\":\"2023-01-18T11:04:58+00:00\",\"modified\":\"2023-01-18T11:04:58+00:00\",\"deleted\":0,\"deleted_date\":null}',0,0,NULL,'Admin_test Admin','1',NULL,6,'192.168.23.1','/compliance-package-items/add?modalId=1&_=1674039839101&ImportTool=1','2023-01-18 11:04:59'),('6456dd9b-b455-4192-a16d-f50ff469777c',1,'CREATE',NULL,'ComplianceManagements','18','a08f3e2a-6c65-4e3f-8bd8-5bbaf80f22cd','{\"id\":18,\"compliance_package_item_id\":18,\"compliance_treatment_strategy_id\":null,\"legal_id\":null,\"owner_id\":null,\"efficacy\":0,\"description\":\"\",\"workflow_owner_id\":null,\"workflow_status\":0,\"created\":\"2023-01-18T11:05:01+00:00\",\"modified\":\"2023-01-18T11:05:01+00:00\",\"edited\":null,\"deleted\":0,\"deleted_date\":null,\"assets\":null,\"business_continuities\":null,\"third_party_risks\":null,\"risks\":null,\"compliance_analysis_findings\":null,\"compliance_exceptions\":null,\"security_services\":null,\"projects\":null,\"owners\":null}',0,0,NULL,'Admin_test Admin','1',NULL,15,'192.168.23.1','/compliance-package-items/add?modalId=1&_=1674039839101&ImportTool=1','2023-01-18 11:05:01'),('64883c32-f735-4d60-b3a4-d5085537038f',1,'CREATE',NULL,'ComplianceManagements','23','a08f3e2a-6c65-4e3f-8bd8-5bbaf80f22cd','{\"id\":23,\"compliance_package_item_id\":23,\"compliance_treatment_strategy_id\":null,\"legal_id\":null,\"owner_id\":null,\"efficacy\":0,\"description\":\"\",\"workflow_owner_id\":null,\"workflow_status\":0,\"created\":\"2023-01-18T11:05:01+00:00\",\"modified\":\"2023-01-18T11:05:01+00:00\",\"edited\":null,\"deleted\":0,\"deleted_date\":null,\"assets\":null,\"business_continuities\":null,\"third_party_risks\":null,\"risks\":null,\"compliance_analysis_findings\":null,\"compliance_exceptions\":null,\"security_services\":null,\"projects\":null,\"owners\":null}',0,0,NULL,'Admin_test Admin','1',NULL,15,'192.168.23.1','/compliance-package-items/add?modalId=1&_=1674039839101&ImportTool=1','2023-01-18 11:05:01'),('660511c2-cfae-4625-9e89-e57f199187a3',1,'CREATE',NULL,'CompliancePackages','5','a08f3e2a-6c65-4e3f-8bd8-5bbaf80f22cd','{\"id\":5,\"package_id\":\"5\",\"name\":\"Protect all systems against malware and regularly update anti-virus software or programs\",\"description\":\"Voortdurend proces\",\"compliance_package_regulator_id\":1,\"created\":\"2023-01-18T11:05:00+00:00\",\"modified\":\"2023-01-18T11:05:00+00:00\",\"edited\":null,\"deleted\":0,\"deleted_date\":null}',0,0,NULL,'Admin_test Admin','1',NULL,5,'192.168.23.1','/compliance-package-items/add?modalId=1&_=1674039839101&ImportTool=1','2023-01-18 11:05:00'),('6ad9c3dc-22cd-4282-90f8-5b135470ae63',1,'CREATE',NULL,'CompliancePackageItems','19','a08f3e2a-6c65-4e3f-8bd8-5bbaf80f22cd','{\"id\":19,\"item_id\":\"6.3.1\",\"name\":\"Remove development test and\\/orcustom application accounts user IDs andpasswords before applications becomeactive or are released to customers.\",\"description\":\"NA\",\"audit_questionaire\":\"NA\",\"compliance_package_id\":6,\"workflow_owner_id\":null,\"workflow_status\":0,\"created\":\"2023-01-18T11:05:01+00:00\",\"modified\":\"2023-01-18T11:05:01+00:00\",\"deleted\":0,\"deleted_date\":null}',0,0,NULL,'Admin_test Admin','1',NULL,6,'192.168.23.1','/compliance-package-items/add?modalId=1&_=1674039839101&ImportTool=1','2023-01-18 11:05:01'),('7c6086c8-ed8e-4b89-8851-ed824c1a57a2',1,'CREATE',NULL,'ComplianceManagements','22','a08f3e2a-6c65-4e3f-8bd8-5bbaf80f22cd','{\"id\":22,\"compliance_package_item_id\":22,\"compliance_treatment_strategy_id\":null,\"legal_id\":null,\"owner_id\":null,\"efficacy\":0,\"description\":\"\",\"workflow_owner_id\":null,\"workflow_status\":0,\"created\":\"2023-01-18T11:05:01+00:00\",\"modified\":\"2023-01-18T11:05:01+00:00\",\"edited\":null,\"deleted\":0,\"deleted_date\":null,\"assets\":null,\"business_continuities\":null,\"third_party_risks\":null,\"risks\":null,\"compliance_analysis_findings\":null,\"compliance_exceptions\":null,\"security_services\":null,\"projects\":null,\"owners\":null}',0,0,NULL,'Admin_test Admin','1',NULL,15,'192.168.23.1','/compliance-package-items/add?modalId=1&_=1674039839101&ImportTool=1','2023-01-18 11:05:01'),('846945c8-d8a1-47a2-b91a-d25999cee2ae',1,'CREATE',NULL,'ComplianceManagements','16','a08f3e2a-6c65-4e3f-8bd8-5bbaf80f22cd','{\"id\":16,\"compliance_package_item_id\":16,\"compliance_treatment_strategy_id\":null,\"legal_id\":null,\"owner_id\":null,\"efficacy\":0,\"description\":\"\",\"workflow_owner_id\":null,\"workflow_status\":0,\"created\":\"2023-01-18T11:05:00+00:00\",\"modified\":\"2023-01-18T11:05:00+00:00\",\"edited\":null,\"deleted\":0,\"deleted_date\":null,\"assets\":null,\"business_continuities\":null,\"third_party_risks\":null,\"risks\":null,\"compliance_analysis_findings\":null,\"compliance_exceptions\":null,\"security_services\":null,\"projects\":null,\"owners\":null}',0,0,NULL,'Admin_test Admin','1',NULL,15,'192.168.23.1','/compliance-package-items/add?modalId=1&_=1674039839101&ImportTool=1','2023-01-18 11:05:00'),('86c329a2-673a-4a93-87c2-cbc5335e3060',1,'CREATE',NULL,'CompliancePackageItems','4','a08f3e2a-6c65-4e3f-8bd8-5bbaf80f22cd','{\"id\":4,\"item_id\":\"2.1.0\",\"name\":\"Always change vendor-supplied defaults and remove or disable unnecessary default accounts before installing a system on the network. This applies to ALL default passwords including but not limited to those used by operating systems software that provides security services application and system accounts point-of-sale(POS) terminals payment applications Simple Network Management Protocol(SNMP) community strings etc.).\",\"description\":\"NA\",\"audit_questionaire\":\"NA\",\"compliance_package_id\":2,\"workflow_owner_id\":null,\"workflow_status\":0,\"created\":\"2023-01-18T11:04:59+00:00\",\"modified\":\"2023-01-18T11:04:59+00:00\",\"deleted\":0,\"deleted_date\":null}',0,0,NULL,'Admin_test Admin','1',NULL,6,'192.168.23.1','/compliance-package-items/add?modalId=1&_=1674039839101&ImportTool=1','2023-01-18 11:04:59'),('88c23ffe-56ab-49ce-aaea-1aec24c9d767',1,'CREATE',NULL,'CompliancePackageItems','9','a08f3e2a-6c65-4e3f-8bd8-5bbaf80f22cd','{\"id\":9,\"item_id\":\"2.4.0\",\"name\":\"Maintain an inventory of system components that are in scope for PCIDSS.\",\"description\":\"NA\",\"audit_questionaire\":\"NA\",\"compliance_package_id\":2,\"workflow_owner_id\":null,\"workflow_status\":0,\"created\":\"2023-01-18T11:05:00+00:00\",\"modified\":\"2023-01-18T11:05:00+00:00\",\"deleted\":0,\"deleted_date\":null}',0,0,NULL,'Admin_test Admin','1',NULL,6,'192.168.23.1','/compliance-package-items/add?modalId=1&_=1674039839101&ImportTool=1','2023-01-18 11:05:00'),('890c6df3-d07c-4fa8-9da7-76f5159f0902',1,'CREATE',NULL,'CompliancePackageItems','24','a08f3e2a-6c65-4e3f-8bd8-5bbaf80f22cd','{\"id\":24,\"item_id\":\"7.3.0\",\"name\":\"Ensure that security policies andoperational procedures for restrictingaccess to cardholder data aredocumented in use and known toall affected parties.\",\"description\":\"NA\",\"audit_questionaire\":\"NA\",\"compliance_package_id\":7,\"workflow_owner_id\":null,\"workflow_status\":0,\"created\":\"2023-01-18T11:05:01+00:00\",\"modified\":\"2023-01-18T11:05:01+00:00\",\"deleted\":0,\"deleted_date\":null}',0,0,NULL,'Admin_test Admin','1',NULL,6,'192.168.23.1','/compliance-package-items/add?modalId=1&_=1674039839101&ImportTool=1','2023-01-18 11:05:01'),('929a9a01-1557-4b1b-914b-fc06901fe734',1,'CREATE',NULL,'CompliancePackageItems','12','a08f3e2a-6c65-4e3f-8bd8-5bbaf80f22cd','{\"id\":12,\"item_id\":\"3.7.0\",\"name\":\"Ensure that security policies andoperational procedures for protecting storedcardholder data are documented in useand known to all affected parties.\",\"description\":\"NA\",\"audit_questionaire\":\"NA\",\"compliance_package_id\":3,\"workflow_owner_id\":null,\"workflow_status\":0,\"created\":\"2023-01-18T11:05:00+00:00\",\"modified\":\"2023-01-18T11:05:00+00:00\",\"deleted\":0,\"deleted_date\":null}',0,0,NULL,'Admin_test Admin','1',NULL,6,'192.168.23.1','/compliance-package-items/add?modalId=1&_=1674039839101&ImportTool=1','2023-01-18 11:05:00'),('9538c7ca-4c42-4f5c-a9d5-0a406ef2cafa',1,'CREATE',NULL,'CompliancePackageItems','5','a08f3e2a-6c65-4e3f-8bd8-5bbaf80f22cd','{\"id\":5,\"item_id\":\"2.1.1\",\"name\":\"For wireless environments connected to the cardholder data environment or transmitting cardholder data change ALL wireless vendor defaults at installation including but not limited to default wireless encryption keys passwords and SNMP community strings.\",\"description\":\"NA\",\"audit_questionaire\":\"NA\",\"compliance_package_id\":2,\"workflow_owner_id\":null,\"workflow_status\":0,\"created\":\"2023-01-18T11:04:59+00:00\",\"modified\":\"2023-01-18T11:04:59+00:00\",\"deleted\":0,\"deleted_date\":null}',0,0,NULL,'Admin_test Admin','1',NULL,6,'192.168.23.1','/compliance-package-items/add?modalId=1&_=1674039839101&ImportTool=1','2023-01-18 11:04:59'),('993cc4a9-c85d-486d-942e-8d5b8c874fd6',1,'CREATE',NULL,'ComplianceManagements','30','a08f3e2a-6c65-4e3f-8bd8-5bbaf80f22cd','{\"id\":30,\"compliance_package_item_id\":30,\"compliance_treatment_strategy_id\":null,\"legal_id\":null,\"owner_id\":null,\"efficacy\":0,\"description\":\"\",\"workflow_owner_id\":null,\"workflow_status\":0,\"created\":\"2023-01-18T11:05:02+00:00\",\"modified\":\"2023-01-18T11:05:02+00:00\",\"edited\":null,\"deleted\":0,\"deleted_date\":null,\"assets\":null,\"business_continuities\":null,\"third_party_risks\":null,\"risks\":null,\"compliance_analysis_findings\":null,\"compliance_exceptions\":null,\"security_services\":null,\"projects\":null,\"owners\":null}',0,0,NULL,'Admin_test Admin','1',NULL,15,'192.168.23.1','/compliance-package-items/add?modalId=1&_=1674039839101&ImportTool=1','2023-01-18 11:05:02'),('9a352715-a7a0-40fd-a441-44989a236f23',1,'CREATE',NULL,'ComplianceManagements','24','a08f3e2a-6c65-4e3f-8bd8-5bbaf80f22cd','{\"id\":24,\"compliance_package_item_id\":24,\"compliance_treatment_strategy_id\":null,\"legal_id\":null,\"owner_id\":null,\"efficacy\":0,\"description\":\"\",\"workflow_owner_id\":null,\"workflow_status\":0,\"created\":\"2023-01-18T11:05:01+00:00\",\"modified\":\"2023-01-18T11:05:01+00:00\",\"edited\":null,\"deleted\":0,\"deleted_date\":null,\"assets\":null,\"business_continuities\":null,\"third_party_risks\":null,\"risks\":null,\"compliance_analysis_findings\":null,\"compliance_exceptions\":null,\"security_services\":null,\"projects\":null,\"owners\":null}',0,0,NULL,'Admin_test Admin','1',NULL,15,'192.168.23.1','/compliance-package-items/add?modalId=1&_=1674039839101&ImportTool=1','2023-01-18 11:05:01'),('9e6b3621-91d7-4e29-bafd-e8d181417780',1,'CREATE',NULL,'CompliancePackageItems','34','a08f3e2a-6c65-4e3f-8bd8-5bbaf80f22cd','{\"id\":34,\"item_id\":\"11.6.0\",\"name\":\"Ensure that security policies andoperational procedures for securitymonitoring and testing are documented inuse and known to all affected parties.\",\"description\":\"NA\",\"audit_questionaire\":\"NA\",\"compliance_package_id\":11,\"workflow_owner_id\":null,\"workflow_status\":0,\"created\":\"2023-01-18T11:05:02+00:00\",\"modified\":\"2023-01-18T11:05:02+00:00\",\"deleted\":0,\"deleted_date\":null}',0,0,NULL,'Admin_test Admin','1',NULL,6,'192.168.23.1','/compliance-package-items/add?modalId=1&_=1674039839101&ImportTool=1','2023-01-18 11:05:02'),('a7979608-54af-463c-b7ab-db34f65c2e13',1,'CREATE',NULL,'ComplianceManagements','33','a08f3e2a-6c65-4e3f-8bd8-5bbaf80f22cd','{\"id\":33,\"compliance_package_item_id\":33,\"compliance_treatment_strategy_id\":null,\"legal_id\":null,\"owner_id\":null,\"efficacy\":0,\"description\":\"\",\"workflow_owner_id\":null,\"workflow_status\":0,\"created\":\"2023-01-18T11:05:02+00:00\",\"modified\":\"2023-01-18T11:05:02+00:00\",\"edited\":null,\"deleted\":0,\"deleted_date\":null,\"assets\":null,\"business_continuities\":null,\"third_party_risks\":null,\"risks\":null,\"compliance_analysis_findings\":null,\"compliance_exceptions\":null,\"security_services\":null,\"projects\":null,\"owners\":null}',0,0,NULL,'Admin_test Admin','1',NULL,15,'192.168.23.1','/compliance-package-items/add?modalId=1&_=1674039839101&ImportTool=1','2023-01-18 11:05:02'),('aa83a032-22e6-41d8-86ed-9a9d32f01028',1,'CREATE',NULL,'ComplianceManagements','10','a08f3e2a-6c65-4e3f-8bd8-5bbaf80f22cd','{\"id\":10,\"compliance_package_item_id\":10,\"compliance_treatment_strategy_id\":null,\"legal_id\":null,\"owner_id\":null,\"efficacy\":0,\"description\":\"\",\"workflow_owner_id\":null,\"workflow_status\":0,\"created\":\"2023-01-18T11:05:00+00:00\",\"modified\":\"2023-01-18T11:05:00+00:00\",\"edited\":null,\"deleted\":0,\"deleted_date\":null,\"assets\":null,\"business_continuities\":null,\"third_party_risks\":null,\"risks\":null,\"compliance_analysis_findings\":null,\"compliance_exceptions\":null,\"security_services\":null,\"projects\":null,\"owners\":null}',0,0,NULL,'Admin_test Admin','1',NULL,15,'192.168.23.1','/compliance-package-items/add?modalId=1&_=1674039839101&ImportTool=1','2023-01-18 11:05:00'),('adace978-256d-4372-8040-ab778b828374',1,'CREATE',NULL,'CompliancePackages','1','a08f3e2a-6c65-4e3f-8bd8-5bbaf80f22cd','{\"id\":1,\"package_id\":\"1\",\"name\":\"Install and maintain a firewall configuration to protect cardholder data\",\"description\":\"Na blenagrijke wijziging\",\"compliance_package_regulator_id\":1,\"created\":\"2023-01-18T11:04:58+00:00\",\"modified\":\"2023-01-18T11:04:58+00:00\",\"edited\":null,\"deleted\":0,\"deleted_date\":null}',0,0,NULL,'Admin_test Admin','1',NULL,5,'192.168.23.1','/compliance-package-items/add?modalId=1&_=1674039839101&ImportTool=1','2023-01-18 11:04:58'),('b1ad8471-bacc-42c3-9823-c16da0bc40c4',1,'CREATE',NULL,'ComplianceManagements','13','a08f3e2a-6c65-4e3f-8bd8-5bbaf80f22cd','{\"id\":13,\"compliance_package_item_id\":13,\"compliance_treatment_strategy_id\":null,\"legal_id\":null,\"owner_id\":null,\"efficacy\":0,\"description\":\"\",\"workflow_owner_id\":null,\"workflow_status\":0,\"created\":\"2023-01-18T11:05:00+00:00\",\"modified\":\"2023-01-18T11:05:00+00:00\",\"edited\":null,\"deleted\":0,\"deleted_date\":null,\"assets\":null,\"business_continuities\":null,\"third_party_risks\":null,\"risks\":null,\"compliance_analysis_findings\":null,\"compliance_exceptions\":null,\"security_services\":null,\"projects\":null,\"owners\":null}',0,0,NULL,'Admin_test Admin','1',NULL,15,'192.168.23.1','/compliance-package-items/add?modalId=1&_=1674039839101&ImportTool=1','2023-01-18 11:05:00'),('bc29d9eb-a010-4868-a802-01dbbabcd32d',1,'CREATE',NULL,'ComplianceManagements','14','a08f3e2a-6c65-4e3f-8bd8-5bbaf80f22cd','{\"id\":14,\"compliance_package_item_id\":14,\"compliance_treatment_strategy_id\":null,\"legal_id\":null,\"owner_id\":null,\"efficacy\":0,\"description\":\"\",\"workflow_owner_id\":null,\"workflow_status\":0,\"created\":\"2023-01-18T11:05:00+00:00\",\"modified\":\"2023-01-18T11:05:00+00:00\",\"edited\":null,\"deleted\":0,\"deleted_date\":null,\"assets\":null,\"business_continuities\":null,\"third_party_risks\":null,\"risks\":null,\"compliance_analysis_findings\":null,\"compliance_exceptions\":null,\"security_services\":null,\"projects\":null,\"owners\":null}',0,0,NULL,'Admin_test Admin','1',NULL,15,'192.168.23.1','/compliance-package-items/add?modalId=1&_=1674039839101&ImportTool=1','2023-01-18 11:05:00'),('c37007cf-67c9-47d2-8be5-9ee046bbe6b6',1,'CREATE',NULL,'ComplianceManagements','20','a08f3e2a-6c65-4e3f-8bd8-5bbaf80f22cd','{\"id\":20,\"compliance_package_item_id\":20,\"compliance_treatment_strategy_id\":null,\"legal_id\":null,\"owner_id\":null,\"efficacy\":0,\"description\":\"\",\"workflow_owner_id\":null,\"workflow_status\":0,\"created\":\"2023-01-18T11:05:01+00:00\",\"modified\":\"2023-01-18T11:05:01+00:00\",\"edited\":null,\"deleted\":0,\"deleted_date\":null,\"assets\":null,\"business_continuities\":null,\"third_party_risks\":null,\"risks\":null,\"compliance_analysis_findings\":null,\"compliance_exceptions\":null,\"security_services\":null,\"projects\":null,\"owners\":null}',0,0,NULL,'Admin_test Admin','1',NULL,15,'192.168.23.1','/compliance-package-items/add?modalId=1&_=1674039839101&ImportTool=1','2023-01-18 11:05:01'),('c3ba6fc7-6e31-4d7c-914e-9b4ff7d7563f',1,'CREATE',NULL,'CompliancePackages','11','a08f3e2a-6c65-4e3f-8bd8-5bbaf80f22cd','{\"id\":11,\"package_id\":\"11\",\"name\":\"Regularly test security systems and processes.\",\"description\":\"Na blenagrijke wijziging\",\"compliance_package_regulator_id\":1,\"created\":\"2023-01-18T11:05:02+00:00\",\"modified\":\"2023-01-18T11:05:02+00:00\",\"edited\":null,\"deleted\":0,\"deleted_date\":null}',0,0,NULL,'Admin_test Admin','1',NULL,5,'192.168.23.1','/compliance-package-items/add?modalId=1&_=1674039839101&ImportTool=1','2023-01-18 11:05:02'),('c587b2f4-3133-4a88-a144-5a71af42303b',1,'CREATE',NULL,'CompliancePackageItems','11','a08f3e2a-6c65-4e3f-8bd8-5bbaf80f22cd','{\"id\":11,\"item_id\":\"3.6.8\",\"name\":\"Requirement for cryptographic keycustodians to formally acknowledge thatthey understand and accept their keycustodian responsibilities.\",\"description\":\"NA\",\"audit_questionaire\":\"NA\",\"compliance_package_id\":3,\"workflow_owner_id\":null,\"workflow_status\":0,\"created\":\"2023-01-18T11:05:00+00:00\",\"modified\":\"2023-01-18T11:05:00+00:00\",\"deleted\":0,\"deleted_date\":null}',0,0,NULL,'Admin_test Admin','1',NULL,6,'192.168.23.1','/compliance-package-items/add?modalId=1&_=1674039839101&ImportTool=1','2023-01-18 11:05:00'),('c7461e5f-dac8-40ad-8a27-0e8311870f30',1,'CREATE',NULL,'ComplianceManagements','34','a08f3e2a-6c65-4e3f-8bd8-5bbaf80f22cd','{\"id\":34,\"compliance_package_item_id\":34,\"compliance_treatment_strategy_id\":null,\"legal_id\":null,\"owner_id\":null,\"efficacy\":0,\"description\":\"\",\"workflow_owner_id\":null,\"workflow_status\":0,\"created\":\"2023-01-18T11:05:02+00:00\",\"modified\":\"2023-01-18T11:05:02+00:00\",\"edited\":null,\"deleted\":0,\"deleted_date\":null,\"assets\":null,\"business_continuities\":null,\"third_party_risks\":null,\"risks\":null,\"compliance_analysis_findings\":null,\"compliance_exceptions\":null,\"security_services\":null,\"projects\":null,\"owners\":null}',0,0,NULL,'Admin_test Admin','1',NULL,15,'192.168.23.1','/compliance-package-items/add?modalId=1&_=1674039839101&ImportTool=1','2023-01-18 11:05:02'),('ca404cea-266f-41ff-986b-efd9cfaa6a9b',1,'CREATE',NULL,'CompliancePackageItems','35','a08f3e2a-6c65-4e3f-8bd8-5bbaf80f22cd','{\"id\":35,\"item_id\":\"12.3.9\",\"name\":\"Activation of remote-accesstechnologies for vendors and businesspartners only when needed by vendors andbusiness partners with immediatedeactivation after use\",\"description\":\"NA\",\"audit_questionaire\":\"NA\",\"compliance_package_id\":12,\"workflow_owner_id\":null,\"workflow_status\":0,\"created\":\"2023-01-18T11:05:03+00:00\",\"modified\":\"2023-01-18T11:05:03+00:00\",\"deleted\":0,\"deleted_date\":null}',0,0,NULL,'Admin_test Admin','1',NULL,6,'192.168.23.1','/compliance-package-items/add?modalId=1&_=1674039839101&ImportTool=1','2023-01-18 11:05:03'),('d6cc3a42-d372-405e-80c6-27c33f9d0043',1,'CREATE',NULL,'ComplianceManagements','8','a08f3e2a-6c65-4e3f-8bd8-5bbaf80f22cd','{\"id\":8,\"compliance_package_item_id\":8,\"compliance_treatment_strategy_id\":null,\"legal_id\":null,\"owner_id\":null,\"efficacy\":0,\"description\":\"\",\"workflow_owner_id\":null,\"workflow_status\":0,\"created\":\"2023-01-18T11:04:59+00:00\",\"modified\":\"2023-01-18T11:04:59+00:00\",\"edited\":null,\"deleted\":0,\"deleted_date\":null,\"assets\":null,\"business_continuities\":null,\"third_party_risks\":null,\"risks\":null,\"compliance_analysis_findings\":null,\"compliance_exceptions\":null,\"security_services\":null,\"projects\":null,\"owners\":null}',0,0,NULL,'Admin_test Admin','1',NULL,15,'192.168.23.1','/compliance-package-items/add?modalId=1&_=1674039839101&ImportTool=1','2023-01-18 11:04:59'),('d811217c-4317-45ab-a746-fd4d2cbb06eb',1,'CREATE',NULL,'ComplianceManagements','29','a08f3e2a-6c65-4e3f-8bd8-5bbaf80f22cd','{\"id\":29,\"compliance_package_item_id\":29,\"compliance_treatment_strategy_id\":null,\"legal_id\":null,\"owner_id\":null,\"efficacy\":0,\"description\":\"\",\"workflow_owner_id\":null,\"workflow_status\":0,\"created\":\"2023-01-18T11:05:02+00:00\",\"modified\":\"2023-01-18T11:05:02+00:00\",\"edited\":null,\"deleted\":0,\"deleted_date\":null,\"assets\":null,\"business_continuities\":null,\"third_party_risks\":null,\"risks\":null,\"compliance_analysis_findings\":null,\"compliance_exceptions\":null,\"security_services\":null,\"projects\":null,\"owners\":null}',0,0,NULL,'Admin_test Admin','1',NULL,15,'192.168.23.1','/compliance-package-items/add?modalId=1&_=1674039839101&ImportTool=1','2023-01-18 11:05:02'),('da432b62-3bbf-4f20-8b08-4972fd373771',1,'CREATE',NULL,'CompliancePackages','10','a08f3e2a-6c65-4e3f-8bd8-5bbaf80f22cd','{\"id\":10,\"package_id\":\"10\",\"name\":\"Track and monitor all access to network resources and cardholder data\",\"description\":\"Onmiddelijk\",\"compliance_package_regulator_id\":1,\"created\":\"2023-01-18T11:05:02+00:00\",\"modified\":\"2023-01-18T11:05:02+00:00\",\"edited\":null,\"deleted\":0,\"deleted_date\":null}',0,0,NULL,'Admin_test Admin','1',NULL,5,'192.168.23.1','/compliance-package-items/add?modalId=1&_=1674039839101&ImportTool=1','2023-01-18 11:05:02'),('dadf7ee8-8c07-442a-b134-dad61365304c',1,'CREATE',NULL,'ComplianceManagements','19','a08f3e2a-6c65-4e3f-8bd8-5bbaf80f22cd','{\"id\":19,\"compliance_package_item_id\":19,\"compliance_treatment_strategy_id\":null,\"legal_id\":null,\"owner_id\":null,\"efficacy\":0,\"description\":\"\",\"workflow_owner_id\":null,\"workflow_status\":0,\"created\":\"2023-01-18T11:05:01+00:00\",\"modified\":\"2023-01-18T11:05:01+00:00\",\"edited\":null,\"deleted\":0,\"deleted_date\":null,\"assets\":null,\"business_continuities\":null,\"third_party_risks\":null,\"risks\":null,\"compliance_analysis_findings\":null,\"compliance_exceptions\":null,\"security_services\":null,\"projects\":null,\"owners\":null}',0,0,NULL,'Admin_test Admin','1',NULL,15,'192.168.23.1','/compliance-package-items/add?modalId=1&_=1674039839101&ImportTool=1','2023-01-18 11:05:01'),('dbe1d76c-517e-4f30-8238-cf6116e8a7d3',1,'CREATE',NULL,'CompliancePackageItems','27','a08f3e2a-6c65-4e3f-8bd8-5bbaf80f22cd','{\"id\":27,\"item_id\":\"8.1.7\",\"name\":\"Set the lockout duration to a minimum of 30 minutes or until an administrator enables the user ID.\",\"description\":\"NA\",\"audit_questionaire\":\"NA\",\"compliance_package_id\":8,\"workflow_owner_id\":null,\"workflow_status\":0,\"created\":\"2023-01-18T11:05:02+00:00\",\"modified\":\"2023-01-18T11:05:02+00:00\",\"deleted\":0,\"deleted_date\":null}',0,0,NULL,'Admin_test Admin','1',NULL,6,'192.168.23.1','/compliance-package-items/add?modalId=1&_=1674039839101&ImportTool=1','2023-01-18 11:05:02'),('ddbe07bf-d2ca-46fc-b86f-a82b4ab0cdcd',1,'CREATE',NULL,'CompliancePackageItems','32','a08f3e2a-6c65-4e3f-8bd8-5bbaf80f22cd','{\"id\":32,\"item_id\":\"10.9.0\",\"name\":\"Ensure that security policies andoperational procedures for monitoring allaccess to network resources andcardholder data are documented in useand known to all affected parties.\",\"description\":\"NA\",\"audit_questionaire\":\"NA\",\"compliance_package_id\":10,\"workflow_owner_id\":null,\"workflow_status\":0,\"created\":\"2023-01-18T11:05:02+00:00\",\"modified\":\"2023-01-18T11:05:02+00:00\",\"deleted\":0,\"deleted_date\":null}',0,0,NULL,'Admin_test Admin','1',NULL,6,'192.168.23.1','/compliance-package-items/add?modalId=1&_=1674039839101&ImportTool=1','2023-01-18 11:05:02'),('e1453416-416e-4045-a386-9a389b43602e',1,'CREATE',NULL,'CompliancePackageItems','14','a08f3e2a-6c65-4e3f-8bd8-5bbaf80f22cd','{\"id\":14,\"item_id\":\"5.2.0\",\"name\":\"Ensure that all anti-virus mechanismsare maintained as follows:\",\"description\":\"NA\",\"audit_questionaire\":\"NA\",\"compliance_package_id\":5,\"workflow_owner_id\":null,\"workflow_status\":0,\"created\":\"2023-01-18T11:05:00+00:00\",\"modified\":\"2023-01-18T11:05:00+00:00\",\"deleted\":0,\"deleted_date\":null}',0,0,NULL,'Admin_test Admin','1',NULL,6,'192.168.23.1','/compliance-package-items/add?modalId=1&_=1674039839101&ImportTool=1','2023-01-18 11:05:00'),('e9631299-6e38-48cd-ac60-7bca3825240f',1,'CREATE',NULL,'ComplianceManagements','12','a08f3e2a-6c65-4e3f-8bd8-5bbaf80f22cd','{\"id\":12,\"compliance_package_item_id\":12,\"compliance_treatment_strategy_id\":null,\"legal_id\":null,\"owner_id\":null,\"efficacy\":0,\"description\":\"\",\"workflow_owner_id\":null,\"workflow_status\":0,\"created\":\"2023-01-18T11:05:00+00:00\",\"modified\":\"2023-01-18T11:05:00+00:00\",\"edited\":null,\"deleted\":0,\"deleted_date\":null,\"assets\":null,\"business_continuities\":null,\"third_party_risks\":null,\"risks\":null,\"compliance_analysis_findings\":null,\"compliance_exceptions\":null,\"security_services\":null,\"projects\":null,\"owners\":null}',0,0,NULL,'Admin_test Admin','1',NULL,15,'192.168.23.1','/compliance-package-items/add?modalId=1&_=1674039839101&ImportTool=1','2023-01-18 11:05:00'),('e99adfe2-1a20-4c12-b66c-c3bf2d2502d5',1,'CREATE',NULL,'CompliancePackageItems','18','a08f3e2a-6c65-4e3f-8bd8-5bbaf80f22cd','{\"id\":18,\"item_id\":\"6.2.0\",\"name\":\"Ensure that all system components andsoftware are protected from knownvulnerabilities by installing applicable vendorsupplied security patches. Install criticalsecurity patches within one month of release.Note: Critical security patches should beidentified according to the risk rankingprocess defined in Requirement 6.1.\",\"description\":\"NA\",\"audit_questionaire\":\"NA\",\"compliance_package_id\":6,\"workflow_owner_id\":null,\"workflow_status\":0,\"created\":\"2023-01-18T11:05:01+00:00\",\"modified\":\"2023-01-18T11:05:01+00:00\",\"deleted\":0,\"deleted_date\":null}',0,0,NULL,'Admin_test Admin','1',NULL,6,'192.168.23.1','/compliance-package-items/add?modalId=1&_=1674039839101&ImportTool=1','2023-01-18 11:05:01'),('ea65d5b5-7d1b-47c6-a3f9-58f038667b30',1,'CREATE',NULL,'CompliancePackages','4','a08f3e2a-6c65-4e3f-8bd8-5bbaf80f22cd','{\"id\":4,\"package_id\":\"4\",\"name\":\"Encrypt transmission of cardholder data across open public networks\",\"description\":\"Voortdurend proces\",\"compliance_package_regulator_id\":1,\"created\":\"2023-01-18T11:05:00+00:00\",\"modified\":\"2023-01-18T11:05:00+00:00\",\"edited\":null,\"deleted\":0,\"deleted_date\":null}',0,0,NULL,'Admin_test Admin','1',NULL,5,'192.168.23.1','/compliance-package-items/add?modalId=1&_=1674039839101&ImportTool=1','2023-01-18 11:05:00'),('ea8ed1e1-b0bd-4594-8599-8b9e9f096b4e',1,'CREATE',NULL,'ComplianceManagements','1','a08f3e2a-6c65-4e3f-8bd8-5bbaf80f22cd','{\"id\":1,\"compliance_package_item_id\":1,\"compliance_treatment_strategy_id\":null,\"legal_id\":null,\"owner_id\":null,\"efficacy\":0,\"description\":\"\",\"workflow_owner_id\":null,\"workflow_status\":0,\"created\":\"2023-01-18T11:04:58+00:00\",\"modified\":\"2023-01-18T11:04:58+00:00\",\"edited\":null,\"deleted\":0,\"deleted_date\":null,\"assets\":null,\"business_continuities\":null,\"third_party_risks\":null,\"risks\":null,\"compliance_analysis_findings\":null,\"compliance_exceptions\":null,\"security_services\":null,\"projects\":null,\"owners\":null}',0,0,NULL,'Admin_test Admin','1',NULL,15,'192.168.23.1','/compliance-package-items/add?modalId=1&_=1674039839101&ImportTool=1','2023-01-18 11:04:59'),('eef28375-5c23-4c82-a173-07b858809849',1,'CREATE',NULL,'CompliancePackageItems','16','a08f3e2a-6c65-4e3f-8bd8-5bbaf80f22cd','{\"id\":16,\"item_id\":\"5.4.0\",\"name\":\"Ensure that security policies andoperational procedures for protectingsystems against malware aredocumented in use and known to allaffected parties.\",\"description\":\"NA\",\"audit_questionaire\":\"NA\",\"compliance_package_id\":5,\"workflow_owner_id\":null,\"workflow_status\":0,\"created\":\"2023-01-18T11:05:00+00:00\",\"modified\":\"2023-01-18T11:05:00+00:00\",\"deleted\":0,\"deleted_date\":null}',0,0,NULL,'Admin_test Admin','1',NULL,6,'192.168.23.1','/compliance-package-items/add?modalId=1&_=1674039839101&ImportTool=1','2023-01-18 11:05:00'),('f8b01dc3-7c24-4fe1-8bac-130a0ffee179',1,'CREATE',NULL,'CompliancePackageItems','31','a08f3e2a-6c65-4e3f-8bd8-5bbaf80f22cd','{\"id\":31,\"item_id\":\"10.5.3\",\"name\":\"Promptly back up audit trail filesto a centralized log server or mediathat is difficult to alter.\",\"description\":\"NA\",\"audit_questionaire\":\"NA\",\"compliance_package_id\":10,\"workflow_owner_id\":null,\"workflow_status\":0,\"created\":\"2023-01-18T11:05:02+00:00\",\"modified\":\"2023-01-18T11:05:02+00:00\",\"deleted\":0,\"deleted_date\":null}',0,0,NULL,'Admin_test Admin','1',NULL,6,'192.168.23.1','/compliance-package-items/add?modalId=1&_=1674039839101&ImportTool=1','2023-01-18 11:05:02'),('fb47703f-05b3-4f34-a8d2-bad2424af399',1,'CREATE',NULL,'CompliancePackages','8','a08f3e2a-6c65-4e3f-8bd8-5bbaf80f22cd','{\"id\":8,\"package_id\":\"8\",\"name\":\"Identify and authenticate access to system components\",\"description\":\"Onmiddelijk\",\"compliance_package_regulator_id\":1,\"created\":\"2023-01-18T11:05:01+00:00\",\"modified\":\"2023-01-18T11:05:01+00:00\",\"edited\":null,\"deleted\":0,\"deleted_date\":null}',0,0,NULL,'Admin_test Admin','1',NULL,5,'192.168.23.1','/compliance-package-items/add?modalId=1&_=1674039839101&ImportTool=1','2023-01-18 11:05:01'),('fcf434db-25b5-4be6-ae1f-e857a4cf1975',1,'CREATE',NULL,'CompliancePackageItems','26','a08f3e2a-6c65-4e3f-8bd8-5bbaf80f22cd','{\"id\":26,\"item_id\":\"8.1.5\",\"name\":\"Manage IDs used by third parties to access support or maintain system components via remote access as follows:\",\"description\":\"NA\",\"audit_questionaire\":\"NA\",\"compliance_package_id\":8,\"workflow_owner_id\":null,\"workflow_status\":0,\"created\":\"2023-01-18T11:05:01+00:00\",\"modified\":\"2023-01-18T11:05:01+00:00\",\"deleted\":0,\"deleted_date\":null}',0,0,NULL,'Admin_test Admin','1',NULL,6,'192.168.23.1','/compliance-package-items/add?modalId=1&_=1674039839101&ImportTool=1','2023-01-18 11:05:02'),('fd4a13da-1e94-4ff1-842d-13b1ba78f4e8',1,'CREATE',NULL,'CompliancePackageItems','33','a08f3e2a-6c65-4e3f-8bd8-5bbaf80f22cd','{\"id\":33,\"item_id\":\"11.2.3\",\"name\":\"Perform internal and externalscans and rescans as needed after anysignificant change. Scans must beperformed by qualified personnel.\",\"description\":\"NA\",\"audit_questionaire\":\"NA\",\"compliance_package_id\":11,\"workflow_owner_id\":null,\"workflow_status\":0,\"created\":\"2023-01-18T11:05:02+00:00\",\"modified\":\"2023-01-18T11:05:02+00:00\",\"deleted\":0,\"deleted_date\":null}',0,0,NULL,'Admin_test Admin','1',NULL,6,'192.168.23.1','/compliance-package-items/add?modalId=1&_=1674039839101&ImportTool=1','2023-01-18 11:05:02');
/*!40000 ALTER TABLE `audits` ENABLE KEYS */;
UNLOCK TABLES;

--
-- Table structure for table `authentication_settings`
--

DROP TABLE IF EXISTS `authentication_settings`;
/*!40101 SET @saved_cs_client     = @@character_set_client */;
/*!50503 SET character_set_client = utf8mb4 */;
CREATE TABLE `authentication_settings` (
  `id` int NOT NULL AUTO_INCREMENT,
  `auth_main` int NOT NULL DEFAULT '1',
  `ldap_connector_id` int DEFAULT NULL,
  `oauth_connector_id` int DEFAULT NULL,
  `saml_connector_id` int DEFAULT NULL,
  `auth_awareness` int NOT NULL DEFAULT '0',
  `auth_awareness_id` int DEFAULT NULL,
  `auth_policies` int NOT NULL DEFAULT '1',
  `auth_policies_id` int DEFAULT NULL,
  `auth_compliance_audit` int NOT NULL DEFAULT '1',
  `auth_vendor_assessment` int NOT NULL DEFAULT '1',
  `auth_account_review` int NOT NULL DEFAULT '1',
  `modified` datetime NOT NULL,
  PRIMARY KEY (`id`),
  KEY `oauth_connector_id` (`oauth_connector_id`),
  KEY `ldap_connector_id` (`ldap_connector_id`),
  KEY `auth_policies_id` (`auth_policies_id`),
  KEY `auth_awareness_id` (`auth_awareness_id`),
  KEY `saml_connector_id` (`saml_connector_id`),
  CONSTRAINT `authentication_settings_ibfk_1` FOREIGN KEY (`oauth_connector_id`) REFERENCES `oauth_connectors` (`id`) ON DELETE SET NULL ON UPDATE CASCADE,
  CONSTRAINT `authentication_settings_ibfk_2` FOREIGN KEY (`ldap_connector_id`) REFERENCES `ldap_connectors` (`id`) ON DELETE SET NULL ON UPDATE CASCADE,
  CONSTRAINT `authentication_settings_ibfk_3` FOREIGN KEY (`auth_policies_id`) REFERENCES `ldap_connectors` (`id`) ON DELETE SET NULL ON UPDATE CASCADE,
  CONSTRAINT `authentication_settings_ibfk_4` FOREIGN KEY (`auth_awareness_id`) REFERENCES `ldap_connectors` (`id`) ON DELETE SET NULL ON UPDATE CASCADE,
  CONSTRAINT `authentication_settings_ibfk_5` FOREIGN KEY (`saml_connector_id`) REFERENCES `saml_connectors` (`id`) ON DELETE SET NULL ON UPDATE CASCADE
) ENGINE=InnoDB AUTO_INCREMENT=2 DEFAULT CHARSET=utf8mb4 COLLATE=utf8mb4_unicode_ci;
/*!40101 SET character_set_client = @saved_cs_client */;

--
-- Dumping data for table `authentication_settings`
--

LOCK TABLES `authentication_settings` WRITE;
/*!40000 ALTER TABLE `authentication_settings` DISABLE KEYS */;
INSERT INTO `authentication_settings` VALUES (1,1,NULL,NULL,NULL,0,NULL,0,NULL,0,0,0,'2022-01-01 12:34:56');
/*!40000 ALTER TABLE `authentication_settings` ENABLE KEYS */;
UNLOCK TABLES;

--
-- Table structure for table `authorization_custom_group_permissions`
--

DROP TABLE IF EXISTS `authorization_custom_group_permissions`;
/*!40101 SET @saved_cs_client     = @@character_set_client */;
/*!50503 SET character_set_client = utf8mb4 */;
CREATE TABLE `authorization_custom_group_permissions` (
  `id` int NOT NULL AUTO_INCREMENT,
  `authorization_id` int NOT NULL,
  `group_id` int NOT NULL,
  `action` varchar(128) COLLATE utf8mb4_unicode_ci NOT NULL,
  `permission` int NOT NULL DEFAULT '0',
  PRIMARY KEY (`id`),
  UNIQUE KEY `authorization_id` (`authorization_id`,`group_id`,`action`),
  KEY `authorization_id_2` (`authorization_id`),
  KEY `group_id` (`group_id`),
  KEY `action` (`action`,`authorization_id`,`group_id`,`permission`),
  CONSTRAINT `authorization_custom_group_permissions_ibfk_1` FOREIGN KEY (`authorization_id`) REFERENCES `authorizations` (`id`) ON DELETE CASCADE ON UPDATE CASCADE,
  CONSTRAINT `authorization_custom_group_permissions_ibfk_2` FOREIGN KEY (`group_id`) REFERENCES `custom_roles_groups` (`id`) ON DELETE CASCADE ON UPDATE CASCADE
) ENGINE=InnoDB DEFAULT CHARSET=utf8mb4 COLLATE=utf8mb4_unicode_ci;
/*!40101 SET character_set_client = @saved_cs_client */;

--
-- Dumping data for table `authorization_custom_group_permissions`
--

LOCK TABLES `authorization_custom_group_permissions` WRITE;
/*!40000 ALTER TABLE `authorization_custom_group_permissions` DISABLE KEYS */;
/*!40000 ALTER TABLE `authorization_custom_group_permissions` ENABLE KEYS */;
UNLOCK TABLES;

--
-- Table structure for table `authorization_custom_user_permissions`
--

DROP TABLE IF EXISTS `authorization_custom_user_permissions`;
/*!40101 SET @saved_cs_client     = @@character_set_client */;
/*!50503 SET character_set_client = utf8mb4 */;
CREATE TABLE `authorization_custom_user_permissions` (
  `id` int NOT NULL AUTO_INCREMENT,
  `authorization_id` int NOT NULL,
  `user_id` int NOT NULL,
  `action` varchar(128) COLLATE utf8mb4_unicode_ci NOT NULL,
  `permission` int NOT NULL DEFAULT '0',
  PRIMARY KEY (`id`),
  UNIQUE KEY `authorization_id` (`authorization_id`,`user_id`,`action`),
  KEY `user_id` (`user_id`),
  KEY `authorization_id_2` (`authorization_id`),
  KEY `action` (`action`,`authorization_id`,`permission`,`user_id`),
  CONSTRAINT `authorization_custom_user_permissions_ibfk_1` FOREIGN KEY (`user_id`) REFERENCES `custom_roles_users` (`id`) ON DELETE CASCADE ON UPDATE CASCADE,
  CONSTRAINT `authorization_custom_user_permissions_ibfk_2` FOREIGN KEY (`authorization_id`) REFERENCES `authorizations` (`id`) ON DELETE CASCADE ON UPDATE CASCADE
) ENGINE=InnoDB DEFAULT CHARSET=utf8mb4 COLLATE=utf8mb4_unicode_ci;
/*!40101 SET character_set_client = @saved_cs_client */;

--
-- Dumping data for table `authorization_custom_user_permissions`
--

LOCK TABLES `authorization_custom_user_permissions` WRITE;
/*!40000 ALTER TABLE `authorization_custom_user_permissions` DISABLE KEYS */;
/*!40000 ALTER TABLE `authorization_custom_user_permissions` ENABLE KEYS */;
UNLOCK TABLES;

--
-- Table structure for table `authorization_group_permissions`
--

DROP TABLE IF EXISTS `authorization_group_permissions`;
/*!40101 SET @saved_cs_client     = @@character_set_client */;
/*!50503 SET character_set_client = utf8mb4 */;
CREATE TABLE `authorization_group_permissions` (
  `id` int NOT NULL AUTO_INCREMENT,
  `authorization_id` int NOT NULL,
  `group_id` int NOT NULL,
  `action` varchar(128) COLLATE utf8mb4_unicode_ci NOT NULL,
  `permission` int NOT NULL DEFAULT '0',
  PRIMARY KEY (`id`),
  UNIQUE KEY `authorization_id` (`authorization_id`,`group_id`,`action`),
  KEY `authorization_id_2` (`authorization_id`),
  KEY `group_id` (`group_id`),
  KEY `authorization_id_3` (`authorization_id`,`action`,`group_id`,`permission`),
  CONSTRAINT `authorization_group_permissions_ibfk_1` FOREIGN KEY (`authorization_id`) REFERENCES `authorizations` (`id`) ON DELETE CASCADE ON UPDATE CASCADE,
  CONSTRAINT `authorization_group_permissions_ibfk_2` FOREIGN KEY (`group_id`) REFERENCES `groups` (`id`) ON DELETE CASCADE ON UPDATE CASCADE
) ENGINE=InnoDB AUTO_INCREMENT=1638 DEFAULT CHARSET=utf8mb4 COLLATE=utf8mb4_unicode_ci;
/*!40101 SET character_set_client = @saved_cs_client */;

--
-- Dumping data for table `authorization_group_permissions`
--

LOCK TABLES `authorization_group_permissions` WRITE;
/*!40000 ALTER TABLE `authorization_group_permissions` DISABLE KEYS */;
INSERT INTO `authorization_group_permissions` VALUES (861,3,13,'advancedFilters',1),(865,3,13,'attachmentsAdd',1),(569,3,19,'attachmentsAdd',1),(733,3,20,'attachmentsAdd',1),(855,3,13,'attachmentsDelete',1),(570,3,19,'attachmentsDelete',1),(7,3,10,'attachmentsDownload',1),(283,3,13,'attachmentsDownload',1),(734,3,20,'attachmentsDownload',1),(858,3,13,'commentsAdd',1),(567,3,19,'commentsAdd',1),(732,3,20,'commentsAdd',1),(862,3,13,'commentsDelete',1),(568,3,19,'commentsDelete',1),(2,3,10,'create',1),(278,3,13,'create',1),(863,3,13,'customFields',1),(4,3,10,'delete',1),(280,3,13,'delete',1),(860,3,13,'dynamicStatus',1),(5,3,10,'history',1),(281,3,13,'history',1),(864,3,13,'notificationSystem',1),(857,3,13,'reportsManage',1),(856,3,13,'reportsView',1),(6,3,10,'trash',1),(282,3,13,'trash',1),(3,3,10,'update',1),(279,3,13,'update',1),(1,3,10,'view',1),(277,3,13,'view',1),(859,3,13,'widgetStory',1),(871,4,13,'advancedFilters',1),(869,4,13,'apiDocumentation',1),(873,4,13,'attachmentsAdd',1),(573,4,19,'attachmentsAdd',1),(736,4,20,'attachmentsAdd',1),(876,4,13,'attachmentsDelete',1),(574,4,19,'attachmentsDelete',1),(14,4,10,'attachmentsDownload',1),(290,4,13,'attachmentsDownload',1),(737,4,20,'attachmentsDownload',1),(866,4,13,'commentsAdd',1),(571,4,19,'commentsAdd',1),(735,4,20,'commentsAdd',1),(870,4,13,'commentsDelete',1),(572,4,19,'commentsDelete',1),(9,4,10,'create',1),(285,4,13,'create',1),(874,4,13,'customFields',1),(11,4,10,'delete',1),(287,4,13,'delete',1),(872,4,13,'dynamicStatus',1),(12,4,10,'history',1),(288,4,13,'history',1),(875,4,13,'notificationSystem',1),(877,4,13,'reportsManage',1),(868,4,13,'reportsView',1),(13,4,10,'trash',1),(289,4,13,'trash',1),(10,4,10,'update',1),(286,4,13,'update',1),(8,4,10,'view',1),(284,4,13,'view',1),(867,4,13,'widgetStory',1),(885,5,13,'advancedFilters',1),(880,5,13,'apiDocumentation',1),(886,5,13,'attachmentsAdd',1),(577,5,19,'attachmentsAdd',1),(739,5,20,'attachmentsAdd',1),(882,5,13,'attachmentsDelete',1),(578,5,19,'attachmentsDelete',1),(21,5,10,'attachmentsDownload',1),(297,5,13,'attachmentsDownload',1),(740,5,20,'attachmentsDownload',1),(878,5,13,'commentsAdd',1),(575,5,19,'commentsAdd',1),(738,5,20,'commentsAdd',1),(884,5,13,'commentsDelete',1),(576,5,19,'commentsDelete',1),(16,5,10,'create',1),(292,5,13,'create',1),(883,5,13,'customFields',1),(18,5,10,'delete',1),(294,5,13,'delete',1),(887,5,13,'dynamicStatus',1),(19,5,10,'history',1),(295,5,13,'history',1),(888,5,13,'notificationSystem',1),(889,5,13,'reportsManage',1),(879,5,13,'reportsView',1),(20,5,10,'trash',1),(296,5,13,'trash',1),(17,5,10,'update',1),(293,5,13,'update',1),(15,5,10,'view',1),(291,5,13,'view',1),(881,5,13,'widgetStory',1),(896,6,13,'advancedFilters',1),(900,6,13,'apiDocumentation',1),(894,6,13,'attachmentsAdd',1),(581,6,19,'attachmentsAdd',1),(742,6,20,'attachmentsAdd',1),(898,6,13,'attachmentsDelete',1),(582,6,19,'attachmentsDelete',1),(28,6,10,'attachmentsDownload',1),(304,6,13,'attachmentsDownload',1),(743,6,20,'attachmentsDownload',1),(902,6,13,'commentsAdd',1),(579,6,19,'commentsAdd',1),(741,6,20,'commentsAdd',1),(892,6,13,'commentsDelete',1),(580,6,19,'commentsDelete',1),(23,6,10,'create',1),(299,6,13,'create',1),(891,6,13,'customFields',1),(25,6,10,'delete',1),(301,6,13,'delete',1),(893,6,13,'dynamicStatus',1),(26,6,10,'history',1),(302,6,13,'history',1),(890,6,13,'improve',1),(897,6,13,'notificationSystem',1),(899,6,13,'reportsManage',1),(895,6,13,'reportsView',1),(27,6,10,'trash',1),(303,6,13,'trash',1),(24,6,10,'update',1),(300,6,13,'update',1),(22,6,10,'view',1),(298,6,13,'view',1),(901,6,13,'widgetStory',1),(908,7,13,'advancedFilters',1),(912,7,13,'attachmentsAdd',1),(585,7,19,'attachmentsAdd',1),(745,7,20,'attachmentsAdd',1),(910,7,13,'attachmentsDelete',1),(586,7,19,'attachmentsDelete',1),(35,7,10,'attachmentsDownload',1),(311,7,13,'attachmentsDownload',1),(746,7,20,'attachmentsDownload',1),(904,7,13,'commentsAdd',1),(583,7,19,'commentsAdd',1),(744,7,20,'commentsAdd',1),(906,7,13,'commentsDelete',1),(584,7,19,'commentsDelete',1),(30,7,10,'create',1),(306,7,13,'create',1),(911,7,13,'customFields',1),(32,7,10,'delete',1),(308,7,13,'delete',1),(905,7,13,'dynamicStatus',1),(33,7,10,'history',1),(309,7,13,'history',1),(909,7,13,'notificationSystem',1),(913,7,13,'reportsManage',1),(907,7,13,'reportsView',1),(34,7,10,'trash',1),(310,7,13,'trash',1),(31,7,10,'update',1),(307,7,13,'update',1),(29,7,10,'view',1),(305,7,13,'view',1),(903,7,13,'widgetStory',1),(919,8,13,'advancedFilters',1),(917,8,13,'apiDocumentation',1),(926,8,13,'attachmentsAdd',1),(589,8,19,'attachmentsAdd',1),(748,8,20,'attachmentsAdd',1),(923,8,13,'attachmentsDelete',1),(590,8,19,'attachmentsDelete',1),(42,8,10,'attachmentsDownload',1),(318,8,13,'attachmentsDownload',1),(749,8,20,'attachmentsDownload',1),(916,8,13,'commentsAdd',1),(587,8,19,'commentsAdd',1),(747,8,20,'commentsAdd',1),(921,8,13,'commentsDelete',1),(588,8,19,'commentsDelete',1),(37,8,10,'create',1),(313,8,13,'create',1),(920,8,13,'customFields',1),(39,8,10,'delete',1),(315,8,13,'delete',1),(922,8,13,'dynamicStatus',1),(40,8,10,'history',1),(316,8,13,'history',1),(925,8,13,'notificationSystem',1),(924,8,13,'reportsManage',1),(914,8,13,'reportsView',1),(918,8,13,'sectionInfo',1),(41,8,10,'trash',1),(317,8,13,'trash',1),(38,8,10,'update',1),(314,8,13,'update',1),(36,8,10,'view',1),(312,8,13,'view',1),(915,8,13,'widgetStory',1),(930,10,13,'advancedFilters',1),(931,10,13,'apiDocumentation',1),(936,10,13,'attachmentsAdd',1),(593,10,19,'attachmentsAdd',1),(751,10,20,'attachmentsAdd',1),(935,10,13,'attachmentsDelete',1),(594,10,19,'attachmentsDelete',1),(49,10,10,'attachmentsDownload',1),(325,10,13,'attachmentsDownload',1),(752,10,20,'attachmentsDownload',1),(927,10,13,'commentsAdd',1),(591,10,19,'commentsAdd',1),(750,10,20,'commentsAdd',1),(929,10,13,'commentsDelete',1),(592,10,19,'commentsDelete',1),(44,10,10,'create',1),(320,10,13,'create',1),(934,10,13,'customFields',1),(46,10,10,'delete',1),(322,10,13,'delete',1),(928,10,13,'dynamicStatus',1),(47,10,10,'history',1),(323,10,13,'history',1),(932,10,13,'notificationSystem',1),(933,10,13,'reportsManage',1),(937,10,13,'reportsView',1),(48,10,10,'trash',1),(324,10,13,'trash',1),(45,10,10,'update',1),(321,10,13,'update',1),(43,10,10,'view',1),(319,10,13,'view',1),(938,10,13,'widgetStory',1),(943,11,13,'advancedFilters',1),(951,11,13,'apiDocumentation',1),(941,11,13,'attachmentsAdd',1),(597,11,19,'attachmentsAdd',1),(754,11,20,'attachmentsAdd',1),(944,11,13,'attachmentsDelete',1),(598,11,19,'attachmentsDelete',1),(56,11,10,'attachmentsDownload',1),(332,11,13,'attachmentsDownload',1),(755,11,20,'attachmentsDownload',1),(945,11,13,'commentsAdd',1),(595,11,19,'commentsAdd',1),(753,11,20,'commentsAdd',1),(939,11,13,'commentsDelete',1),(596,11,19,'commentsDelete',1),(51,11,10,'create',1),(327,11,13,'create',1),(942,11,13,'customFields',1),(53,11,10,'delete',1),(329,11,13,'delete',1),(949,11,13,'dynamicStatus',1),(54,11,10,'history',1),(330,11,13,'history',1),(950,11,13,'importTool',1),(947,11,13,'notificationSystem',1),(946,11,13,'reportsManage',1),(952,11,13,'reportsView',1),(940,11,13,'sectionInfo',1),(55,11,10,'trash',1),(331,11,13,'trash',1),(52,11,10,'update',1),(328,11,13,'update',1),(50,11,10,'view',1),(326,11,13,'view',1),(948,11,13,'widgetStory',1),(960,12,13,'advancedFilters',1),(966,12,13,'apiDocumentation',1),(954,12,13,'attachmentsAdd',1),(601,12,19,'attachmentsAdd',1),(757,12,20,'attachmentsAdd',1),(956,12,13,'attachmentsDelete',1),(602,12,19,'attachmentsDelete',1),(63,12,10,'attachmentsDownload',1),(339,12,13,'attachmentsDownload',1),(758,12,20,'attachmentsDownload',1),(955,12,13,'commentsAdd',1),(599,12,19,'commentsAdd',1),(756,12,20,'commentsAdd',1),(963,12,13,'commentsDelete',1),(600,12,19,'commentsDelete',1),(58,12,10,'create',1),(334,12,13,'create',1),(957,12,13,'customFields',1),(60,12,10,'delete',1),(336,12,13,'delete',1),(959,12,13,'dynamicStatus',1),(61,12,10,'history',1),(337,12,13,'history',1),(965,12,13,'importTool',1),(958,12,13,'notificationSystem',1),(962,12,13,'reportsManage',1),(964,12,13,'reportsView',1),(953,12,13,'sectionInfo',1),(62,12,10,'trash',1),(338,12,13,'trash',1),(59,12,10,'update',1),(335,12,13,'update',1),(57,12,10,'view',1),(333,12,13,'view',1),(961,12,13,'widgetStory',1),(974,14,13,'advancedFilters',1),(981,14,13,'apiDocumentation',1),(971,14,13,'attachmentsAdd',1),(605,14,19,'attachmentsAdd',1),(760,14,20,'attachmentsAdd',1),(970,14,13,'attachmentsDelete',1),(606,14,19,'attachmentsDelete',1),(70,14,10,'attachmentsDownload',1),(346,14,13,'attachmentsDownload',1),(761,14,20,'attachmentsDownload',1),(976,14,13,'commentsAdd',1),(603,14,19,'commentsAdd',1),(759,14,20,'commentsAdd',1),(979,14,13,'commentsDelete',1),(604,14,19,'commentsDelete',1),(65,14,10,'create',1),(341,14,13,'create',1),(967,14,13,'customFields',1),(67,14,10,'delete',1),(343,14,13,'delete',1),(978,14,13,'dynamicStatus',1),(68,14,10,'history',1),(344,14,13,'history',1),(980,14,13,'importTool',1),(968,14,13,'notificationSystem',1),(975,14,13,'reportsManage',1),(977,14,13,'reportsView',1),(969,14,13,'sectionInfo',1),(972,14,13,'settings',1),(69,14,10,'trash',1),(345,14,13,'trash',1),(66,14,10,'update',1),(342,14,13,'update',1),(64,14,10,'view',1),(340,14,13,'view',1),(1636,14,22,'view',1),(973,14,13,'widgetStory',1),(985,15,13,'advancedFilters',1),(993,15,13,'apiDocumentation',1),(988,15,13,'attachmentsAdd',1),(609,15,19,'attachmentsAdd',1),(763,15,20,'attachmentsAdd',1),(990,15,13,'attachmentsDelete',1),(610,15,19,'attachmentsDelete',1),(77,15,10,'attachmentsDownload',1),(353,15,13,'attachmentsDownload',1),(764,15,20,'attachmentsDownload',1),(986,15,13,'commentsAdd',1),(607,15,19,'commentsAdd',1),(762,15,20,'commentsAdd',1),(982,15,13,'commentsDelete',1),(608,15,19,'commentsDelete',1),(72,15,10,'create',1),(348,15,13,'create',1),(984,15,13,'customFields',1),(74,15,10,'delete',1),(350,15,13,'delete',1),(983,15,13,'dynamicStatus',1),(75,15,10,'history',1),(351,15,13,'history',1),(987,15,13,'notificationSystem',1),(991,15,13,'reportsManage',1),(992,15,13,'reportsView',1),(76,15,10,'trash',1),(352,15,13,'trash',1),(73,15,10,'update',1),(349,15,13,'update',1),(71,15,10,'view',1),(347,15,13,'view',1),(1637,15,22,'view',1),(989,15,13,'widgetStory',1),(997,16,13,'advancedFilters',1),(1009,16,13,'apiDocumentation',1),(994,16,13,'attachmentsAdd',1),(613,16,19,'attachmentsAdd',1),(766,16,20,'attachmentsAdd',1),(996,16,13,'attachmentsDelete',1),(614,16,19,'attachmentsDelete',1),(79,16,10,'attachmentsDownload',1),(355,16,13,'attachmentsDownload',1),(767,16,20,'attachmentsDownload',1),(1008,16,13,'commentsAdd',1),(611,16,19,'commentsAdd',1),(765,16,20,'commentsAdd',1),(1010,16,13,'commentsDelete',1),(612,16,19,'commentsDelete',1),(998,16,13,'create',1),(1007,16,13,'delete',1),(1001,16,13,'dynamicStatus',1),(995,16,13,'generalAttributes',1),(999,16,13,'history',1),(1004,16,13,'notificationSystem',1),(1005,16,13,'reportsManage',1),(1006,16,13,'reportsView',1),(1002,16,13,'sectionInfo',1),(1003,16,13,'update',1),(78,16,10,'view',1),(354,16,13,'view',1),(1000,16,13,'widgetStory',1),(1017,17,13,'advancedFilters',1),(1012,17,13,'apiDocumentation',1),(1020,17,13,'attachmentsAdd',1),(617,17,19,'attachmentsAdd',1),(769,17,20,'attachmentsAdd',1),(1018,17,13,'attachmentsDelete',1),(618,17,19,'attachmentsDelete',1),(86,17,10,'attachmentsDownload',1),(362,17,13,'attachmentsDownload',1),(770,17,20,'attachmentsDownload',1),(1013,17,13,'commentsAdd',1),(615,17,19,'commentsAdd',1),(768,17,20,'commentsAdd',1),(1011,17,13,'commentsDelete',1),(616,17,19,'commentsDelete',1),(81,17,10,'create',1),(357,17,13,'create',1),(1016,17,13,'customFields',1),(83,17,10,'delete',1),(359,17,13,'delete',1),(1015,17,13,'dynamicStatus',1),(84,17,10,'history',1),(360,17,13,'history',1),(1019,17,13,'notificationSystem',1),(1021,17,13,'reportsManage',1),(1022,17,13,'reportsView',1),(85,17,10,'trash',1),(361,17,13,'trash',1),(82,17,10,'update',1),(358,17,13,'update',1),(80,17,10,'view',1),(356,17,13,'view',1),(1014,17,13,'widgetStory',1),(1027,18,13,'advancedFilters',1),(1035,18,13,'apiDocumentation',1),(1026,18,13,'attachmentsAdd',1),(621,18,19,'attachmentsAdd',1),(772,18,20,'attachmentsAdd',1),(1024,18,13,'attachmentsDelete',1),(622,18,19,'attachmentsDelete',1),(93,18,10,'attachmentsDownload',1),(369,18,13,'attachmentsDownload',1),(773,18,20,'attachmentsDownload',1),(1028,18,13,'commentsAdd',1),(619,18,19,'commentsAdd',1),(771,18,20,'commentsAdd',1),(1034,18,13,'commentsDelete',1),(620,18,19,'commentsDelete',1),(88,18,10,'create',1),(364,18,13,'create',1),(1025,18,13,'customFields',1),(90,18,10,'delete',1),(366,18,13,'delete',1),(1032,18,13,'dynamicStatus',1),(91,18,10,'history',1),(367,18,13,'history',1),(1036,18,13,'importTool',1),(1023,18,13,'notificationSystem',1),(1031,18,13,'reportsManage',1),(1030,18,13,'reportsView',1),(1033,18,13,'sectionInfo',1),(92,18,10,'trash',1),(368,18,13,'trash',1),(89,18,10,'update',1),(365,18,13,'update',1),(87,18,10,'view',1),(363,18,13,'view',1),(555,18,16,'view',1),(1029,18,13,'widgetStory',1),(1040,19,13,'advancedFilters',1),(1044,19,13,'apiDocumentation',1),(1049,19,13,'attachmentsAdd',1),(625,19,19,'attachmentsAdd',1),(775,19,20,'attachmentsAdd',1),(1037,19,13,'attachmentsDelete',1),(626,19,19,'attachmentsDelete',1),(100,19,10,'attachmentsDownload',1),(376,19,13,'attachmentsDownload',1),(776,19,20,'attachmentsDownload',1),(1039,19,13,'commentsAdd',1),(623,19,19,'commentsAdd',1),(774,19,20,'commentsAdd',1),(1043,19,13,'commentsDelete',1),(624,19,19,'commentsDelete',1),(95,19,10,'create',1),(371,19,13,'create',1),(1048,19,13,'customFields',1),(97,19,10,'delete',1),(373,19,13,'delete',1),(1045,19,13,'dynamicStatus',1),(98,19,10,'history',1),(374,19,13,'history',1),(1047,19,13,'importTool',1),(1042,19,13,'improve',1),(1050,19,13,'notificationSystem',1),(1041,19,13,'reportsManage',1),(1046,19,13,'reportsView',1),(99,19,10,'trash',1),(375,19,13,'trash',1),(96,19,10,'update',1),(372,19,13,'update',1),(94,19,10,'view',1),(370,19,13,'view',1),(556,19,16,'view',1),(1038,19,13,'widgetStory',1),(1052,20,13,'advancedFilters',1),(1053,20,13,'apiDocumentation',1),(1057,20,13,'attachmentsAdd',1),(629,20,19,'attachmentsAdd',1),(778,20,20,'attachmentsAdd',1),(1056,20,13,'attachmentsDelete',1),(630,20,19,'attachmentsDelete',1),(107,20,10,'attachmentsDownload',1),(383,20,13,'attachmentsDownload',1),(779,20,20,'attachmentsDownload',1),(1051,20,13,'commentsAdd',1),(627,20,19,'commentsAdd',1),(777,20,20,'commentsAdd',1),(1054,20,13,'commentsDelete',1),(628,20,19,'commentsDelete',1),(102,20,10,'create',1),(378,20,13,'create',1),(1058,20,13,'customFields',1),(104,20,10,'delete',1),(380,20,13,'delete',1),(1055,20,13,'dynamicStatus',1),(105,20,10,'history',1),(381,20,13,'history',1),(1059,20,13,'importTool',1),(1060,20,13,'notificationSystem',1),(1061,20,13,'reportsManage',1),(1062,20,13,'reportsView',1),(106,20,10,'trash',1),(382,20,13,'trash',1),(103,20,10,'update',1),(379,20,13,'update',1),(101,20,10,'view',1),(377,20,13,'view',1),(557,20,16,'view',1),(1063,20,13,'widgetStory',1),(1065,21,13,'advancedFilters',1),(1067,21,13,'apiDocumentation',1),(1069,21,13,'attachmentsAdd',1),(633,21,19,'attachmentsAdd',1),(781,21,20,'attachmentsAdd',1),(1073,21,13,'attachmentsDelete',1),(634,21,19,'attachmentsDelete',1),(112,21,10,'attachmentsDownload',1),(388,21,13,'attachmentsDownload',1),(782,21,20,'attachmentsDownload',1),(1064,21,13,'commentsAdd',1),(631,21,19,'commentsAdd',1),(780,21,20,'commentsAdd',1),(1072,21,13,'commentsDelete',1),(632,21,19,'commentsDelete',1),(109,21,10,'create',1),(385,21,13,'create',1),(1070,21,13,'customFields',1),(111,21,10,'delete',1),(387,21,13,'delete',1),(1068,21,13,'dynamicStatus',1),(1071,21,13,'notificationSystem',1),(1075,21,13,'reportsManage',1),(1074,21,13,'reportsView',1),(110,21,10,'update',1),(386,21,13,'update',1),(108,21,10,'view',1),(384,21,13,'view',1),(558,21,16,'view',1),(1066,21,13,'widgetStory',1),(1076,22,13,'advancedFilters',1),(1088,22,13,'apiDocumentation',1),(1077,22,13,'attachmentsAdd',1),(637,22,19,'attachmentsAdd',1),(784,22,20,'attachmentsAdd',1),(1080,22,13,'attachmentsDelete',1),(638,22,19,'attachmentsDelete',1),(119,22,10,'attachmentsDownload',1),(395,22,13,'attachmentsDownload',1),(785,22,20,'attachmentsDownload',1),(1085,22,13,'commentsAdd',1),(635,22,19,'commentsAdd',1),(783,22,20,'commentsAdd',1),(1086,22,13,'commentsDelete',1),(636,22,19,'commentsDelete',1),(114,22,10,'create',1),(390,22,13,'create',1),(1079,22,13,'customFields',1),(116,22,10,'delete',1),(392,22,13,'delete',1),(1087,22,13,'dynamicStatus',1),(117,22,10,'history',1),(393,22,13,'history',1),(1078,22,13,'notificationSystem',1),(1082,22,13,'reportsManage',1),(1081,22,13,'reportsView',1),(1084,22,13,'sectionInfo',1),(118,22,10,'trash',1),(394,22,13,'trash',1),(115,22,10,'update',1),(391,22,13,'update',1),(113,22,10,'view',1),(389,22,13,'view',1),(1083,22,13,'widgetStory',1),(1095,23,13,'advancedFilters',1),(1096,23,13,'apiDocumentation',1),(1094,23,13,'attachmentsAdd',1),(641,23,19,'attachmentsAdd',1),(787,23,20,'attachmentsAdd',1),(1101,23,13,'attachmentsDelete',1),(642,23,19,'attachmentsDelete',1),(126,23,10,'attachmentsDownload',1),(402,23,13,'attachmentsDownload',1),(788,23,20,'attachmentsDownload',1),(1091,23,13,'commentsAdd',1),(639,23,19,'commentsAdd',1),(786,23,20,'commentsAdd',1),(1092,23,13,'commentsDelete',1),(640,23,19,'commentsDelete',1),(121,23,10,'create',1),(397,23,13,'create',1),(1098,23,13,'customFields',1),(123,23,10,'delete',1),(399,23,13,'delete',1),(1093,23,13,'dynamicStatus',1),(124,23,10,'history',1),(400,23,13,'history',1),(1099,23,13,'notificationSystem',1),(1100,23,13,'reportsManage',1),(1090,23,13,'reportsView',1),(1097,23,13,'sectionInfo',1),(125,23,10,'trash',1),(401,23,13,'trash',1),(122,23,10,'update',1),(398,23,13,'update',1),(120,23,10,'view',1),(396,23,13,'view',1),(1089,23,13,'widgetStory',1),(1105,24,13,'advancedFilters',1),(1113,24,13,'attachmentsAdd',1),(645,24,19,'attachmentsAdd',1),(790,24,20,'attachmentsAdd',1),(1106,24,13,'attachmentsDelete',1),(646,24,19,'attachmentsDelete',1),(133,24,10,'attachmentsDownload',1),(409,24,13,'attachmentsDownload',1),(791,24,20,'attachmentsDownload',1),(1108,24,13,'commentsAdd',1),(643,24,19,'commentsAdd',1),(789,24,20,'commentsAdd',1),(1107,24,13,'commentsDelete',1),(644,24,19,'commentsDelete',1),(128,24,10,'create',1),(404,24,13,'create',1),(1109,24,13,'customFields',1),(130,24,10,'delete',1),(406,24,13,'delete',1),(1110,24,13,'dynamicStatus',1),(131,24,10,'history',1),(407,24,13,'history',1),(1111,24,13,'improve',1),(1112,24,13,'notificationSystem',1),(1103,24,13,'reportsManage',1),(1104,24,13,'reportsView',1),(132,24,10,'trash',1),(408,24,13,'trash',1),(129,24,10,'update',1),(405,24,13,'update',1),(127,24,10,'view',1),(403,24,13,'view',1),(1102,24,13,'widgetStory',1),(1119,25,13,'advancedFilters',1),(1122,25,13,'attachmentsAdd',1),(649,25,19,'attachmentsAdd',1),(793,25,20,'attachmentsAdd',1),(1115,25,13,'attachmentsDelete',1),(650,25,19,'attachmentsDelete',1),(140,25,10,'attachmentsDownload',1),(416,25,13,'attachmentsDownload',1),(794,25,20,'attachmentsDownload',1),(1118,25,13,'commentsAdd',1),(647,25,19,'commentsAdd',1),(792,25,20,'commentsAdd',1),(1120,25,13,'commentsDelete',1),(648,25,19,'commentsDelete',1),(135,25,10,'create',1),(411,25,13,'create',1),(1121,25,13,'customFields',1),(137,25,10,'delete',1),(413,25,13,'delete',1),(1123,25,13,'dynamicStatus',1),(138,25,10,'history',1),(414,25,13,'history',1),(1124,25,13,'notificationSystem',1),(1117,25,13,'reportsManage',1),(1114,25,13,'reportsView',1),(139,25,10,'trash',1),(415,25,13,'trash',1),(136,25,10,'update',1),(412,25,13,'update',1),(134,25,10,'view',1),(410,25,13,'view',1),(1116,25,13,'widgetStory',1),(1125,26,13,'advancedFilters',1),(1132,26,13,'apiDocumentation',1),(1137,26,13,'attachmentsAdd',1),(653,26,19,'attachmentsAdd',1),(796,26,20,'attachmentsAdd',1),(1140,26,13,'attachmentsDelete',1),(654,26,19,'attachmentsDelete',1),(147,26,10,'attachmentsDownload',1),(423,26,13,'attachmentsDownload',1),(797,26,20,'attachmentsDownload',1),(1130,26,13,'clone',1),(1131,26,13,'commentsAdd',1),(651,26,19,'commentsAdd',1),(795,26,20,'commentsAdd',1),(1133,26,13,'commentsDelete',1),(652,26,19,'commentsDelete',1),(142,26,10,'create',1),(418,26,13,'create',1),(1136,26,13,'customFields',1),(144,26,10,'delete',1),(420,26,13,'delete',1),(1127,26,13,'directLink',1),(1135,26,13,'document',1),(1128,26,13,'dynamicStatus',1),(145,26,10,'history',1),(421,26,13,'history',1),(1134,26,13,'importTool',1),(1142,26,13,'notificationSystem',1),(1141,26,13,'reportsManage',1),(1126,26,13,'reportsView',1),(1139,26,13,'sectionInfo',1),(1138,26,13,'settings',1),(146,26,10,'trash',1),(422,26,13,'trash',1),(143,26,10,'update',1),(419,26,13,'update',1),(141,26,10,'view',1),(417,26,13,'view',1),(553,26,14,'view',1),(1129,26,13,'widgetStory',1),(1152,27,13,'advancedFilters',1),(1147,27,13,'attachmentsAdd',1),(657,27,19,'attachmentsAdd',1),(799,27,20,'attachmentsAdd',1),(1145,27,13,'attachmentsDelete',1),(658,27,19,'attachmentsDelete',1),(154,27,10,'attachmentsDownload',1),(430,27,13,'attachmentsDownload',1),(800,27,20,'attachmentsDownload',1),(1146,27,13,'commentsAdd',1),(655,27,19,'commentsAdd',1),(798,27,20,'commentsAdd',1),(1143,27,13,'commentsDelete',1),(656,27,19,'commentsDelete',1),(149,27,10,'create',1),(425,27,13,'create',1),(1148,27,13,'customFields',1),(151,27,10,'delete',1),(427,27,13,'delete',1),(1151,27,13,'dynamicStatus',1),(152,27,10,'history',1),(428,27,13,'history',1),(1149,27,13,'notificationSystem',1),(1153,27,13,'reportsManage',1),(1144,27,13,'reportsView',1),(153,27,10,'trash',1),(429,27,13,'trash',1),(150,27,10,'update',1),(426,27,13,'update',1),(148,27,10,'view',1),(424,27,13,'view',1),(554,27,14,'view',1),(1150,27,13,'widgetStory',1),(1156,28,13,'advancedFilters',1),(1162,28,13,'attachmentsAdd',1),(661,28,19,'attachmentsAdd',1),(802,28,20,'attachmentsAdd',1),(1159,28,13,'attachmentsDelete',1),(662,28,19,'attachmentsDelete',1),(161,28,10,'attachmentsDownload',1),(437,28,13,'attachmentsDownload',1),(803,28,20,'attachmentsDownload',1),(1158,28,13,'commentsAdd',1),(659,28,19,'commentsAdd',1),(801,28,20,'commentsAdd',1),(1155,28,13,'commentsDelete',1),(660,28,19,'commentsDelete',1),(156,28,10,'create',1),(432,28,13,'create',1),(1163,28,13,'customFields',1),(158,28,10,'delete',1),(434,28,13,'delete',1),(1154,28,13,'dynamicStatus',1),(159,28,10,'history',1),(435,28,13,'history',1),(1161,28,13,'importTool',1),(1164,28,13,'notificationSystem',1),(1166,28,13,'reportsManage',1),(1157,28,13,'reportsView',1),(1160,28,13,'sectionInfo',1),(160,28,10,'trash',1),(436,28,13,'trash',1),(157,28,10,'update',1),(433,28,13,'update',1),(155,28,10,'view',1),(431,28,13,'view',1),(1633,28,21,'view',1),(1165,28,13,'widgetStory',1),(1170,29,13,'advancedFilters',1),(1178,29,13,'apiDocumentation',1),(1167,29,13,'attachmentsAdd',1),(665,29,19,'attachmentsAdd',1),(805,29,20,'attachmentsAdd',1),(1169,29,13,'attachmentsDelete',1),(666,29,19,'attachmentsDelete',1),(168,29,10,'attachmentsDownload',1),(444,29,13,'attachmentsDownload',1),(806,29,20,'attachmentsDownload',1),(1174,29,13,'commentsAdd',1),(663,29,19,'commentsAdd',1),(804,29,20,'commentsAdd',1),(1179,29,13,'commentsDelete',1),(664,29,19,'commentsDelete',1),(163,29,10,'create',1),(439,29,13,'create',1),(1181,29,13,'customFields',1),(165,29,10,'delete',1),(441,29,13,'delete',1),(1172,29,13,'dynamicStatus',1),(166,29,10,'history',1),(442,29,13,'history',1),(1180,29,13,'importTool',1),(1171,29,13,'notificationSystem',1),(1168,29,13,'reportsManage',1),(1176,29,13,'reportsView',1),(1177,29,13,'sectionInfo',1),(1173,29,13,'settings',1),(167,29,10,'trash',1),(443,29,13,'trash',1),(164,29,10,'update',1),(440,29,13,'update',1),(162,29,10,'view',1),(438,29,13,'view',1),(559,29,17,'view',1),(1175,29,13,'widgetStory',1),(1188,30,13,'advancedFilters',1),(1186,30,13,'apiDocumentation',1),(1187,30,13,'attachmentsAdd',1),(669,30,19,'attachmentsAdd',1),(808,30,20,'attachmentsAdd',1),(1191,30,13,'attachmentsDelete',1),(670,30,19,'attachmentsDelete',1),(175,30,10,'attachmentsDownload',1),(451,30,13,'attachmentsDownload',1),(809,30,20,'attachmentsDownload',1),(1184,30,13,'commentsAdd',1),(667,30,19,'commentsAdd',1),(807,30,20,'commentsAdd',1),(1182,30,13,'commentsDelete',1),(668,30,19,'commentsDelete',1),(170,30,10,'create',1),(446,30,13,'create',1),(1189,30,13,'customFields',1),(172,30,10,'delete',1),(448,30,13,'delete',1),(1183,30,13,'dynamicStatus',1),(173,30,10,'history',1),(449,30,13,'history',1),(1190,30,13,'notificationSystem',1),(1193,30,13,'reportsManage',1),(1192,30,13,'reportsView',1),(174,30,10,'trash',1),(450,30,13,'trash',1),(171,30,10,'update',1),(447,30,13,'update',1),(169,30,10,'view',1),(445,30,13,'view',1),(560,30,17,'view',1),(1185,30,13,'widgetStory',1),(1199,31,13,'advancedFilters',1),(1208,31,13,'apiDocumentation',1),(1198,31,13,'attachmentsAdd',1),(673,31,19,'attachmentsAdd',1),(811,31,20,'attachmentsAdd',1),(1194,31,13,'attachmentsDelete',1),(674,31,19,'attachmentsDelete',1),(182,31,10,'attachmentsDownload',1),(458,31,13,'attachmentsDownload',1),(812,31,20,'attachmentsDownload',1),(1201,31,13,'commentsAdd',1),(671,31,19,'commentsAdd',1),(810,31,20,'commentsAdd',1),(1206,31,13,'commentsDelete',1),(672,31,19,'commentsDelete',1),(177,31,10,'create',1),(453,31,13,'create',1),(1195,31,13,'customFields',1),(179,31,10,'delete',1),(455,31,13,'delete',1),(1205,31,13,'dynamicStatus',1),(180,31,10,'history',1),(456,31,13,'history',1),(1207,31,13,'importTool',1),(1196,31,13,'notificationSystem',1),(1197,31,13,'reportsManage',1),(1200,31,13,'reportsView',1),(1202,31,13,'sectionInfo',1),(1204,31,13,'settings',1),(181,31,10,'trash',1),(457,31,13,'trash',1),(178,31,10,'update',1),(454,31,13,'update',1),(176,31,10,'view',1),(452,31,13,'view',1),(561,31,17,'view',1),(1203,31,13,'widgetStory',1),(1211,32,13,'advancedFilters',1),(1218,32,13,'apiDocumentation',1),(1219,32,13,'attachmentsAdd',1),(677,32,19,'attachmentsAdd',1),(814,32,20,'attachmentsAdd',1),(1220,32,13,'attachmentsDelete',1),(678,32,19,'attachmentsDelete',1),(189,32,10,'attachmentsDownload',1),(465,32,13,'attachmentsDownload',1),(815,32,20,'attachmentsDownload',1),(1217,32,13,'commentsAdd',1),(675,32,19,'commentsAdd',1),(813,32,20,'commentsAdd',1),(1215,32,13,'commentsDelete',1),(676,32,19,'commentsDelete',1),(184,32,10,'create',1),(460,32,13,'create',1),(1210,32,13,'customFields',1),(186,32,10,'delete',1),(462,32,13,'delete',1),(1213,32,13,'dynamicStatus',1),(187,32,10,'history',1),(463,32,13,'history',1),(1209,32,13,'notificationSystem',1),(1216,32,13,'reportsManage',1),(1214,32,13,'reportsView',1),(188,32,10,'trash',1),(464,32,13,'trash',1),(185,32,10,'update',1),(461,32,13,'update',1),(183,32,10,'view',1),(459,32,13,'view',1),(562,32,17,'view',1),(1212,32,13,'widgetStory',1),(1222,33,13,'advancedFilters',1),(1233,33,13,'apiDocumentation',1),(1229,33,13,'attachmentsAdd',1),(681,33,19,'attachmentsAdd',1),(817,33,20,'attachmentsAdd',1),(1231,33,13,'attachmentsDelete',1),(682,33,19,'attachmentsDelete',1),(196,33,10,'attachmentsDownload',1),(472,33,13,'attachmentsDownload',1),(818,33,20,'attachmentsDownload',1),(1224,33,13,'commentsAdd',1),(679,33,19,'commentsAdd',1),(816,33,20,'commentsAdd',1),(1228,33,13,'commentsDelete',1),(680,33,19,'commentsDelete',1),(191,33,10,'create',1),(467,33,13,'create',1),(1225,33,13,'customFields',1),(193,33,10,'delete',1),(469,33,13,'delete',1),(1235,33,13,'dynamicStatus',1),(194,33,10,'history',1),(470,33,13,'history',1),(1221,33,13,'importTool',1),(1223,33,13,'notificationSystem',1),(1227,33,13,'reportsManage',1),(1226,33,13,'reportsView',1),(1232,33,13,'sectionInfo',1),(1230,33,13,'settings',1),(195,33,10,'trash',1),(471,33,13,'trash',1),(192,33,10,'update',1),(468,33,13,'update',1),(190,33,10,'view',1),(466,33,13,'view',1),(563,33,17,'view',1),(1234,33,13,'widgetStory',1),(1239,34,13,'advancedFilters',1),(1236,34,13,'apiDocumentation',1),(1245,34,13,'attachmentsAdd',1),(685,34,19,'attachmentsAdd',1),(820,34,20,'attachmentsAdd',1),(1246,34,13,'attachmentsDelete',1),(686,34,19,'attachmentsDelete',1),(203,34,10,'attachmentsDownload',1),(479,34,13,'attachmentsDownload',1),(821,34,20,'attachmentsDownload',1),(1241,34,13,'commentsAdd',1),(683,34,19,'commentsAdd',1),(819,34,20,'commentsAdd',1),(1240,34,13,'commentsDelete',1),(684,34,19,'commentsDelete',1),(198,34,10,'create',1),(474,34,13,'create',1),(1242,34,13,'customFields',1),(200,34,10,'delete',1),(476,34,13,'delete',1),(1237,34,13,'dynamicStatus',1),(201,34,10,'history',1),(477,34,13,'history',1),(1244,34,13,'notificationSystem',1),(1247,34,13,'reportsManage',1),(1238,34,13,'reportsView',1),(202,34,10,'trash',1),(478,34,13,'trash',1),(199,34,10,'update',1),(475,34,13,'update',1),(197,34,10,'view',1),(473,34,13,'view',1),(564,34,17,'view',1),(1243,34,13,'widgetStory',1),(1252,35,13,'advancedFilters',1),(1259,35,13,'apiDocumentation',1),(1249,35,13,'attachmentsAdd',1),(689,35,19,'attachmentsAdd',1),(823,35,20,'attachmentsAdd',1),(1253,35,13,'attachmentsDelete',1),(690,35,19,'attachmentsDelete',1),(210,35,10,'attachmentsDownload',1),(486,35,13,'attachmentsDownload',1),(824,35,20,'attachmentsDownload',1),(1254,35,13,'commentsAdd',1),(687,35,19,'commentsAdd',1),(822,35,20,'commentsAdd',1),(1250,35,13,'commentsDelete',1),(688,35,19,'commentsDelete',1),(205,35,10,'create',1),(481,35,13,'create',1),(1251,35,13,'customFields',1),(207,35,10,'delete',1),(483,35,13,'delete',1),(1258,35,13,'dynamicStatus',1),(208,35,10,'history',1),(484,35,13,'history',1),(1248,35,13,'importTool',1),(1257,35,13,'notificationSystem',1),(1256,35,13,'reportsManage',1),(1260,35,13,'reportsView',1),(209,35,10,'trash',1),(485,35,13,'trash',1),(206,35,10,'update',1),(482,35,13,'update',1),(204,35,10,'view',1),(480,35,13,'view',1),(1634,35,21,'view',1),(1255,35,13,'widgetStory',1),(1261,36,13,'advancedFilters',1),(1273,36,13,'apiDocumentation',1),(1265,36,13,'attachmentsAdd',1),(693,36,19,'attachmentsAdd',1),(826,36,20,'attachmentsAdd',1),(1269,36,13,'attachmentsDelete',1),(694,36,19,'attachmentsDelete',1),(217,36,10,'attachmentsDownload',1),(493,36,13,'attachmentsDownload',1),(827,36,20,'attachmentsDownload',1),(1274,36,13,'commentsAdd',1),(691,36,19,'commentsAdd',1),(825,36,20,'commentsAdd',1),(1264,36,13,'commentsDelete',1),(692,36,19,'commentsDelete',1),(212,36,10,'create',1),(488,36,13,'create',1),(1262,36,13,'customFields',1),(214,36,10,'delete',1),(490,36,13,'delete',1),(1270,36,13,'dynamicStatus',1),(215,36,10,'history',1),(491,36,13,'history',1),(1271,36,13,'importTool',1),(1267,36,13,'notificationSystem',1),(1266,36,13,'reportsManage',1),(1272,36,13,'reportsView',1),(1263,36,13,'sectionInfo',1),(216,36,10,'trash',1),(492,36,13,'trash',1),(213,36,10,'update',1),(489,36,13,'update',1),(211,36,10,'view',1),(487,36,13,'view',1),(1635,36,21,'view',1),(1268,36,13,'widgetStory',1),(1279,37,13,'advancedFilters',1),(1287,37,13,'apiDocumentation',1),(1285,37,13,'attachmentsAdd',1),(697,37,19,'attachmentsAdd',1),(829,37,20,'attachmentsAdd',1),(1289,37,13,'attachmentsDelete',1),(698,37,19,'attachmentsDelete',1),(224,37,10,'attachmentsDownload',1),(500,37,13,'attachmentsDownload',1),(830,37,20,'attachmentsDownload',1),(1276,37,13,'clone',1),(1284,37,13,'commentsAdd',1),(695,37,19,'commentsAdd',1),(828,37,20,'commentsAdd',1),(1281,37,13,'commentsDelete',1),(696,37,19,'commentsDelete',1),(219,37,10,'create',1),(495,37,13,'create',1),(1280,37,13,'customFields',1),(221,37,10,'delete',1),(497,37,13,'delete',1),(1277,37,13,'dynamicStatus',1),(222,37,10,'history',1),(498,37,13,'history',1),(1278,37,13,'importTool',1),(1283,37,13,'notificationSystem',1),(1288,37,13,'reportsManage',1),(1286,37,13,'reportsView',1),(1282,37,13,'sectionInfo',1),(223,37,10,'trash',1),(499,37,13,'trash',1),(220,37,10,'update',1),(496,37,13,'update',1),(218,37,10,'view',1),(494,37,13,'view',1),(1275,37,13,'widgetStory',1),(1291,38,13,'advancedFilters',1),(1301,38,13,'apiDocumentation',1),(1292,38,13,'attachmentsAdd',1),(701,38,19,'attachmentsAdd',1),(832,38,20,'attachmentsAdd',1),(1294,38,13,'attachmentsDelete',1),(702,38,19,'attachmentsDelete',1),(231,38,10,'attachmentsDownload',1),(507,38,13,'attachmentsDownload',1),(833,38,20,'attachmentsDownload',1),(1299,38,13,'commentsAdd',1),(699,38,19,'commentsAdd',1),(831,38,20,'commentsAdd',1),(1295,38,13,'commentsDelete',1),(700,38,19,'commentsDelete',1),(226,38,10,'create',1),(502,38,13,'create',1),(228,38,10,'delete',1),(504,38,13,'delete',1),(1300,38,13,'dynamicStatus',1),(229,38,10,'history',1),(505,38,13,'history',1),(1290,38,13,'importTool',1),(1293,38,13,'notificationSystem',1),(1298,38,13,'reportsManage',1),(1297,38,13,'reportsView',1),(230,38,10,'trash',1),(506,38,13,'trash',1),(227,38,10,'update',1),(503,38,13,'update',1),(225,38,10,'view',1),(501,38,13,'view',1),(1296,38,13,'widgetStory',1),(1313,40,13,'advancedFilters',1),(1312,40,13,'apiDocumentation',1),(1303,40,13,'attachmentsAdd',1),(705,40,19,'attachmentsAdd',1),(835,40,20,'attachmentsAdd',1),(1306,40,13,'attachmentsDelete',1),(706,40,19,'attachmentsDelete',1),(237,40,10,'attachmentsDownload',1),(513,40,13,'attachmentsDownload',1),(836,40,20,'attachmentsDownload',1),(1309,40,13,'commentsAdd',1),(703,40,19,'commentsAdd',1),(834,40,20,'commentsAdd',1),(1315,40,13,'commentsDelete',1),(704,40,19,'commentsDelete',1),(233,40,10,'create',1),(509,40,13,'create',1),(1302,40,13,'customFields',1),(235,40,10,'delete',1),(511,40,13,'delete',1),(1307,40,13,'dynamicStatus',1),(236,40,10,'history',1),(512,40,13,'history',1),(1314,40,13,'importTool',1),(1305,40,13,'notificationSystem',1),(1310,40,13,'reportsManage',1),(1308,40,13,'reportsView',1),(1316,40,13,'sectionInfo',1),(1304,40,13,'trash',1),(234,40,10,'update',1),(510,40,13,'update',1),(232,40,10,'view',1),(508,40,13,'view',1),(1311,40,13,'widgetStory',1),(1318,41,13,'advancedFilters',1),(1327,41,13,'apiDocumentation',1),(1320,41,13,'attachmentsAdd',1),(709,41,19,'attachmentsAdd',1),(838,41,20,'attachmentsAdd',1),(1321,41,13,'attachmentsDelete',1),(710,41,19,'attachmentsDelete',1),(244,41,10,'attachmentsDownload',1),(520,41,13,'attachmentsDownload',1),(839,41,20,'attachmentsDownload',1),(1326,41,13,'commentsAdd',1),(707,41,19,'commentsAdd',1),(837,41,20,'commentsAdd',1),(1328,41,13,'commentsDelete',1),(708,41,19,'commentsDelete',1),(239,41,10,'create',1),(515,41,13,'create',1),(1319,41,13,'customFields',1),(241,41,10,'delete',1),(517,41,13,'delete',1),(1325,41,13,'dynamicStatus',1),(242,41,10,'history',1),(518,41,13,'history',1),(1329,41,13,'importTool',1),(1317,41,13,'notificationSystem',1),(1323,41,13,'reportsManage',1),(1322,41,13,'reportsView',1),(1330,41,13,'sectionInfo',1),(243,41,10,'trash',1),(519,41,13,'trash',1),(240,41,10,'update',1),(516,41,13,'update',1),(238,41,10,'view',1),(514,41,13,'view',1),(1324,41,13,'widgetStory',1),(1432,47,13,'advancedFilters',1),(1437,47,13,'apiDocumentation',1),(1425,47,13,'attachmentsAdd',1),(713,47,19,'attachmentsAdd',1),(841,47,20,'attachmentsAdd',1),(1424,47,13,'attachmentsDelete',1),(714,47,19,'attachmentsDelete',1),(251,47,10,'attachmentsDownload',1),(527,47,13,'attachmentsDownload',1),(842,47,20,'attachmentsDownload',1),(1426,47,13,'commentsAdd',1),(711,47,19,'commentsAdd',1),(840,47,20,'commentsAdd',1),(1434,47,13,'commentsDelete',1),(712,47,19,'commentsDelete',1),(246,47,10,'create',1),(522,47,13,'create',1),(1428,47,13,'customFields',1),(248,47,10,'delete',1),(524,47,13,'delete',1),(1429,47,13,'dynamicStatus',1),(249,47,10,'history',1),(525,47,13,'history',1),(1436,47,13,'importTool',1),(1430,47,13,'notificationSystem',1),(1431,47,13,'reportsManage',1),(1435,47,13,'reportsView',1),(1427,47,13,'sectionInfo',1),(250,47,10,'trash',1),(526,47,13,'trash',1),(247,47,10,'update',1),(523,47,13,'update',1),(245,47,10,'view',1),(521,47,13,'view',1),(565,47,18,'view',1),(1433,47,13,'widgetStory',1),(1444,48,13,'advancedFilters',1),(1438,48,13,'apiDocumentation',1),(1447,48,13,'attachmentsAdd',1),(717,48,19,'attachmentsAdd',1),(844,48,20,'attachmentsAdd',1),(1449,48,13,'attachmentsDelete',1),(718,48,19,'attachmentsDelete',1),(258,48,10,'attachmentsDownload',1),(534,48,13,'attachmentsDownload',1),(845,48,20,'attachmentsDownload',1),(1442,48,13,'commentsAdd',1),(715,48,19,'commentsAdd',1),(843,48,20,'commentsAdd',1),(1446,48,13,'commentsDelete',1),(716,48,19,'commentsDelete',1),(253,48,10,'create',1),(529,48,13,'create',1),(1445,48,13,'customFields',1),(255,48,10,'delete',1),(531,48,13,'delete',1),(1440,48,13,'dynamicStatus',1),(256,48,10,'history',1),(532,48,13,'history',1),(1443,48,13,'importTool',1),(1450,48,13,'notificationSystem',1),(1448,48,13,'reportsManage',1),(1439,48,13,'reportsView',1),(257,48,10,'trash',1),(533,48,13,'trash',1),(254,48,10,'update',1),(530,48,13,'update',1),(252,48,10,'view',1),(528,48,13,'view',1),(566,48,18,'view',1),(1441,48,13,'widgetStory',1),(1453,49,13,'advancedFilters',1),(1461,49,13,'apiDocumentation',1),(1459,49,13,'attachmentsAdd',1),(721,49,19,'attachmentsAdd',1),(847,49,20,'attachmentsAdd',1),(1455,49,13,'attachmentsDelete',1),(722,49,19,'attachmentsDelete',1),(265,49,10,'attachmentsDownload',1),(541,49,13,'attachmentsDownload',1),(848,49,20,'attachmentsDownload',1),(1456,49,13,'commentsAdd',1),(719,49,19,'commentsAdd',1),(846,49,20,'commentsAdd',1),(1460,49,13,'commentsDelete',1),(720,49,19,'commentsDelete',1),(260,49,10,'create',1),(536,49,13,'create',1),(262,49,10,'delete',1),(538,49,13,'delete',1),(1452,49,13,'dynamicStatus',1),(263,49,10,'history',1),(539,49,13,'history',1),(1454,49,13,'notificationSystem',1),(1457,49,13,'reportsManage',1),(1458,49,13,'reportsView',1),(264,49,10,'trash',1),(540,49,13,'trash',1),(261,49,10,'update',1),(537,49,13,'update',1),(259,49,10,'view',1),(535,49,13,'view',1),(1451,49,13,'widgetStory',1),(1462,50,13,'advancedFilters',1),(1475,50,13,'apiDocumentation',1),(1466,50,13,'attachmentsAdd',1),(725,50,19,'attachmentsAdd',1),(850,50,20,'attachmentsAdd',1),(1464,50,13,'attachmentsDelete',1),(726,50,19,'attachmentsDelete',1),(272,50,10,'attachmentsDownload',1),(548,50,13,'attachmentsDownload',1),(851,50,20,'attachmentsDownload',1),(1468,50,13,'commentsAdd',1),(723,50,19,'commentsAdd',1),(849,50,20,'commentsAdd',1),(1473,50,13,'commentsDelete',1),(724,50,19,'commentsDelete',1),(267,50,10,'create',1),(543,50,13,'create',1),(1465,50,13,'customFields',1),(269,50,10,'delete',1),(545,50,13,'delete',1),(1467,50,13,'dynamicStatus',1),(270,50,10,'history',1),(546,50,13,'history',1),(1472,50,13,'importTool',1),(1463,50,13,'notificationSystem',1),(1470,50,13,'reportsManage',1),(1474,50,13,'reportsView',1),(1476,50,13,'sectionInfo',1),(1469,50,13,'settings',1),(271,50,10,'trash',1),(547,50,13,'trash',1),(268,50,10,'update',1),(544,50,13,'update',1),(266,50,10,'view',1),(542,50,13,'view',1),(1471,50,13,'widgetStory',1),(1486,51,13,'advancedFilters',1),(1477,51,13,'apiDocumentation',1),(1487,51,13,'attachmentsAdd',1),(729,51,19,'attachmentsAdd',1),(853,51,20,'attachmentsAdd',1),(1478,51,13,'attachmentsDelete',1),(730,51,19,'attachmentsDelete',1),(275,51,10,'attachmentsDownload',1),(551,51,13,'attachmentsDownload',1),(854,51,20,'attachmentsDownload',1),(1482,51,13,'commentsAdd',1),(727,51,19,'commentsAdd',1),(852,51,20,'commentsAdd',1),(1484,51,13,'commentsDelete',1),(728,51,19,'commentsDelete',1),(1485,51,13,'dynamicStatus',1),(1481,51,13,'history',1),(1479,51,13,'notificationSystem',1),(1483,51,13,'reportsManage',1),(1488,51,13,'reportsView',1),(274,51,10,'update',1),(550,51,13,'update',1),(273,51,10,'view',1),(549,51,13,'view',1),(1480,51,13,'widgetStory',1),(276,58,10,'manage',1),(552,58,13,'manage',0),(731,58,19,'manage',1);
/*!40000 ALTER TABLE `authorization_group_permissions` ENABLE KEYS */;
UNLOCK TABLES;

--
-- Table structure for table `authorization_user_permissions`
--

DROP TABLE IF EXISTS `authorization_user_permissions`;
/*!40101 SET @saved_cs_client     = @@character_set_client */;
/*!50503 SET character_set_client = utf8mb4 */;
CREATE TABLE `authorization_user_permissions` (
  `id` int NOT NULL AUTO_INCREMENT,
  `authorization_id` int NOT NULL,
  `user_id` int NOT NULL,
  `action` varchar(128) COLLATE utf8mb4_unicode_ci NOT NULL,
  `permission` int NOT NULL DEFAULT '0',
  PRIMARY KEY (`id`),
  UNIQUE KEY `authorization_id` (`authorization_id`,`user_id`,`action`),
  KEY `authorization_id_2` (`authorization_id`),
  KEY `user_id` (`user_id`),
  KEY `action` (`action`,`authorization_id`,`permission`,`user_id`),
  CONSTRAINT `authorization_user_permissions_ibfk_1` FOREIGN KEY (`authorization_id`) REFERENCES `authorizations` (`id`) ON DELETE CASCADE ON UPDATE CASCADE,
  CONSTRAINT `authorization_user_permissions_ibfk_2` FOREIGN KEY (`user_id`) REFERENCES `users` (`id`) ON DELETE CASCADE ON UPDATE CASCADE
) ENGINE=InnoDB AUTO_INCREMENT=37 DEFAULT CHARSET=utf8mb4 COLLATE=utf8mb4_unicode_ci;
/*!40101 SET character_set_client = @saved_cs_client */;

--
-- Dumping data for table `authorization_user_permissions`
--

LOCK TABLES `authorization_user_permissions` WRITE;
/*!40000 ALTER TABLE `authorization_user_permissions` DISABLE KEYS */;
INSERT INTO `authorization_user_permissions` VALUES (1,69,1,'interact',1),(2,70,1,'interact',1),(3,72,1,'interact',1),(4,74,1,'interact',1),(5,76,1,'interact',1),(6,78,1,'interact',1),(7,80,1,'interact',1),(8,82,1,'interact',1),(9,84,1,'interact',1),(10,86,1,'interact',1),(11,88,1,'interact',1),(12,90,1,'interact',1),(13,92,1,'interact',1),(14,94,1,'interact',1),(15,96,1,'interact',1),(16,98,1,'interact',1),(17,100,1,'interact',1),(18,102,1,'interact',1),(19,104,1,'interact',1),(20,106,1,'interact',1),(21,108,1,'interact',1),(22,110,1,'interact',1),(23,112,1,'interact',1),(24,114,1,'interact',1),(25,116,1,'interact',1),(26,118,1,'interact',1),(27,120,1,'interact',1),(28,122,1,'interact',1),(29,124,1,'interact',1),(30,126,1,'interact',1),(31,128,1,'interact',1),(32,130,1,'interact',1),(33,132,1,'interact',1),(34,134,1,'interact',1),(35,136,1,'interact',1),(36,138,1,'interact',1);
/*!40000 ALTER TABLE `authorization_user_permissions` ENABLE KEYS */;
UNLOCK TABLES;

--
-- Table structure for table `authorizations`
--

DROP TABLE IF EXISTS `authorizations`;
/*!40101 SET @saved_cs_client     = @@character_set_client */;
/*!50503 SET character_set_client = utf8mb4 */;
CREATE TABLE `authorizations` (
  `id` int NOT NULL AUTO_INCREMENT,
  `parent_id` int DEFAULT NULL,
  `model` varchar(255) COLLATE utf8mb4_unicode_ci NOT NULL DEFAULT '',
  `foreign_key` int DEFAULT NULL,
  PRIMARY KEY (`id`),
  UNIQUE KEY `model` (`model`,`foreign_key`),
  KEY `parent_id` (`parent_id`),
  CONSTRAINT `authorizations_ibfk_1` FOREIGN KEY (`parent_id`) REFERENCES `authorizations` (`id`) ON DELETE CASCADE ON UPDATE CASCADE
) ENGINE=InnoDB AUTO_INCREMENT=140 DEFAULT CHARSET=utf8mb4 COLLATE=utf8mb4_unicode_ci;
/*!40101 SET character_set_client = @saved_cs_client */;

--
-- Dumping data for table `authorizations`
--

LOCK TABLES `authorizations` WRITE;
/*!40000 ALTER TABLE `authorizations` DISABLE KEYS */;
INSERT INTO `authorizations` VALUES (1,NULL,'Dashboard.DashboardCalendarEvents',NULL),(3,NULL,'ProgramScopes',NULL),(4,NULL,'ProgramIssues',NULL),(5,NULL,'Goals',NULL),(6,5,'GoalAudits',NULL),(7,NULL,'TeamRoles',NULL),(8,NULL,'BusinessUnits',NULL),(10,8,'Processes',NULL),(11,NULL,'Legals',NULL),(12,NULL,'ThirdParties',NULL),(14,NULL,'Assets',NULL),(15,14,'AssetReviews',NULL),(16,14,'DataAssetInstances',NULL),(17,16,'DataAssets',NULL),(18,NULL,'SecurityServices',NULL),(19,18,'SecurityServiceAudits',NULL),(20,18,'SecurityServiceMaintenances',NULL),(21,18,'SecurityServiceIssues',NULL),(22,NULL,'ServiceContracts',NULL),(23,NULL,'BusinessContinuityPlans',NULL),(24,23,'BusinessContinuityPlanAudits',NULL),(25,23,'BusinessContinuityTasks',NULL),(26,NULL,'SecurityPolicies',NULL),(27,26,'SecurityPolicyReviews',NULL),(28,NULL,'PolicyExceptions',NULL),(29,NULL,'Risks',NULL),(30,29,'RiskReviews',NULL),(31,NULL,'ThirdPartyRisks',NULL),(32,31,'ThirdPartyRiskReviews',NULL),(33,NULL,'BusinessContinuities',NULL),(34,33,'BusinessContinuityReviews',NULL),(35,NULL,'RiskExceptions',NULL),(36,NULL,'ComplianceExceptions',NULL),(37,NULL,'CompliancePackageRegulators',NULL),(38,37,'CompliancePackageItems',NULL),(40,37,'ComplianceManagements',NULL),(41,NULL,'ComplianceAnalysisFindings',NULL),(47,NULL,'Projects',NULL),(48,47,'ProjectAchievements',NULL),(49,47,'ProjectExpenses',NULL),(50,NULL,'SecurityIncidents',NULL),(51,50,'SecurityIncidentStagesSecurityIncidents',NULL),(58,NULL,'Settings',NULL),(59,NULL,'RiskClassifications',NULL),(69,NULL,'CompliancePackageRegulators',1),(70,69,'CompliancePackageItems',1),(71,70,'ComplianceManagements',1),(72,69,'CompliancePackageItems',2),(73,72,'ComplianceManagements',2),(74,69,'CompliancePackageItems',3),(75,74,'ComplianceManagements',3),(76,69,'CompliancePackageItems',4),(77,76,'ComplianceManagements',4),(78,69,'CompliancePackageItems',5),(79,78,'ComplianceManagements',5),(80,69,'CompliancePackageItems',6),(81,80,'ComplianceManagements',6),(82,69,'CompliancePackageItems',7),(83,82,'ComplianceManagements',7),(84,69,'CompliancePackageItems',8),(85,84,'ComplianceManagements',8),(86,69,'CompliancePackageItems',9),(87,86,'ComplianceManagements',9),(88,69,'CompliancePackageItems',10),(89,88,'ComplianceManagements',10),(90,69,'CompliancePackageItems',11),(91,90,'ComplianceManagements',11),(92,69,'CompliancePackageItems',12),(93,92,'ComplianceManagements',12),(94,69,'CompliancePackageItems',13),(95,94,'ComplianceManagements',13),(96,69,'CompliancePackageItems',14),(97,96,'ComplianceManagements',14),(98,69,'CompliancePackageItems',15),(99,98,'ComplianceManagements',15),(100,69,'CompliancePackageItems',16),(101,100,'ComplianceManagements',16),(102,69,'CompliancePackageItems',17),(103,102,'ComplianceManagements',17),(104,69,'CompliancePackageItems',18),(105,104,'ComplianceManagements',18),(106,69,'CompliancePackageItems',19),(107,106,'ComplianceManagements',19),(108,69,'CompliancePackageItems',20),(109,108,'ComplianceManagements',20),(110,69,'CompliancePackageItems',21),(111,110,'ComplianceManagements',21),(112,69,'CompliancePackageItems',22),(113,112,'ComplianceManagements',22),(114,69,'CompliancePackageItems',23),(115,114,'ComplianceManagements',23),(116,69,'CompliancePackageItems',24),(117,116,'ComplianceManagements',24),(118,69,'CompliancePackageItems',25),(119,118,'ComplianceManagements',25),(120,69,'CompliancePackageItems',26),(121,120,'ComplianceManagements',26),(122,69,'CompliancePackageItems',27),(123,122,'ComplianceManagements',27),(124,69,'CompliancePackageItems',28),(125,124,'ComplianceManagements',28),(126,69,'CompliancePackageItems',29),(127,126,'ComplianceManagements',29),(128,69,'CompliancePackageItems',30),(129,128,'ComplianceManagements',30),(130,69,'CompliancePackageItems',31),(131,130,'ComplianceManagements',31),(132,69,'CompliancePackageItems',32),(133,132,'ComplianceManagements',32),(134,69,'CompliancePackageItems',33),(135,134,'ComplianceManagements',33),(136,69,'CompliancePackageItems',34),(137,136,'ComplianceManagements',34),(138,69,'CompliancePackageItems',35),(139,138,'ComplianceManagements',35);
/*!40000 ALTER TABLE `authorizations` ENABLE KEYS */;
UNLOCK TABLES;

--
-- Table structure for table `awareness_overtime_graphs`
--

DROP TABLE IF EXISTS `awareness_overtime_graphs`;
/*!40101 SET @saved_cs_client     = @@character_set_client */;
/*!50503 SET character_set_client = utf8mb4 */;
CREATE TABLE `awareness_overtime_graphs` (
  `id` int NOT NULL AUTO_INCREMENT,
  `awareness_program_id` int DEFAULT NULL,
  `title` varchar(255) COLLATE utf8mb4_unicode_ci NOT NULL,
  `doing` decimal(8,2) NOT NULL,
  `missing` decimal(8,2) NOT NULL,
  `correct_answers` decimal(8,2) NOT NULL,
  `average` decimal(8,2) NOT NULL,
  `timestamp` varchar(45) COLLATE utf8mb4_unicode_ci NOT NULL,
  `created` datetime NOT NULL,
  PRIMARY KEY (`id`),
  KEY `awareness_program_id` (`awareness_program_id`),
  CONSTRAINT `awareness_overtime_graphs_ibfk_1` FOREIGN KEY (`awareness_program_id`) REFERENCES `awareness_programs` (`id`) ON DELETE SET NULL ON UPDATE CASCADE
) ENGINE=InnoDB DEFAULT CHARSET=utf8mb4 COLLATE=utf8mb4_unicode_ci;
/*!40101 SET character_set_client = @saved_cs_client */;

--
-- Dumping data for table `awareness_overtime_graphs`
--

LOCK TABLES `awareness_overtime_graphs` WRITE;
/*!40000 ALTER TABLE `awareness_overtime_graphs` DISABLE KEYS */;
/*!40000 ALTER TABLE `awareness_overtime_graphs` ENABLE KEYS */;
UNLOCK TABLES;

--
-- Table structure for table `awareness_program_active_users`
--

DROP TABLE IF EXISTS `awareness_program_active_users`;
/*!40101 SET @saved_cs_client     = @@character_set_client */;
/*!50503 SET character_set_client = utf8mb4 */;
CREATE TABLE `awareness_program_active_users` (
  `id` int NOT NULL AUTO_INCREMENT,
  `awareness_program_id` int NOT NULL,
  `uid` varchar(100) COLLATE utf8mb4_unicode_ci NOT NULL,
  `email` varchar(100) COLLATE utf8mb4_unicode_ci NOT NULL,
  `name` varchar(155) COLLATE utf8mb4_unicode_ci NOT NULL,
  `invitation_date` date DEFAULT NULL,
  `reminders_last_date` date DEFAULT NULL,
  `reminders_amount` int NOT NULL DEFAULT '0',
  `created` datetime NOT NULL,
  PRIMARY KEY (`id`),
  KEY `awareness_program_id` (`awareness_program_id`),
  CONSTRAINT `awareness_program_active_users_ibfk_1` FOREIGN KEY (`awareness_program_id`) REFERENCES `awareness_programs` (`id`) ON DELETE CASCADE ON UPDATE CASCADE
) ENGINE=InnoDB DEFAULT CHARSET=utf8mb4 COLLATE=utf8mb4_unicode_ci;
/*!40101 SET character_set_client = @saved_cs_client */;

--
-- Dumping data for table `awareness_program_active_users`
--

LOCK TABLES `awareness_program_active_users` WRITE;
/*!40000 ALTER TABLE `awareness_program_active_users` DISABLE KEYS */;
/*!40000 ALTER TABLE `awareness_program_active_users` ENABLE KEYS */;
UNLOCK TABLES;

--
-- Table structure for table `awareness_program_compliant_users`
--

DROP TABLE IF EXISTS `awareness_program_compliant_users`;
/*!40101 SET @saved_cs_client     = @@character_set_client */;
/*!50503 SET character_set_client = utf8mb4 */;
CREATE TABLE `awareness_program_compliant_users` (
  `id` int NOT NULL AUTO_INCREMENT,
  `awareness_program_id` int NOT NULL,
  `uid` varchar(100) COLLATE utf8mb4_unicode_ci NOT NULL,
  `created` datetime NOT NULL,
  PRIMARY KEY (`id`),
  KEY `awareness_program_id` (`awareness_program_id`),
  CONSTRAINT `awareness_program_compliant_users_ibfk_1` FOREIGN KEY (`awareness_program_id`) REFERENCES `awareness_programs` (`id`) ON DELETE CASCADE ON UPDATE CASCADE
) ENGINE=InnoDB DEFAULT CHARSET=utf8mb4 COLLATE=utf8mb4_unicode_ci;
/*!40101 SET character_set_client = @saved_cs_client */;

--
-- Dumping data for table `awareness_program_compliant_users`
--

LOCK TABLES `awareness_program_compliant_users` WRITE;
/*!40000 ALTER TABLE `awareness_program_compliant_users` DISABLE KEYS */;
/*!40000 ALTER TABLE `awareness_program_compliant_users` ENABLE KEYS */;
UNLOCK TABLES;

--
-- Table structure for table `awareness_program_demos`
--

DROP TABLE IF EXISTS `awareness_program_demos`;
/*!40101 SET @saved_cs_client     = @@character_set_client */;
/*!50503 SET character_set_client = utf8mb4 */;
CREATE TABLE `awareness_program_demos` (
  `id` int NOT NULL AUTO_INCREMENT,
  `uid` varchar(100) COLLATE utf8mb4_unicode_ci NOT NULL,
  `awareness_program_id` int NOT NULL,
  `completed` int NOT NULL DEFAULT '0',
  `created` datetime NOT NULL,
  `modified` datetime NOT NULL,
  PRIMARY KEY (`id`),
  KEY `awareness_program_id` (`awareness_program_id`),
  CONSTRAINT `awareness_program_demos_ibfk_1` FOREIGN KEY (`awareness_program_id`) REFERENCES `awareness_programs` (`id`) ON DELETE CASCADE ON UPDATE CASCADE
) ENGINE=InnoDB DEFAULT CHARSET=utf8mb4 COLLATE=utf8mb4_unicode_ci;
/*!40101 SET character_set_client = @saved_cs_client */;

--
-- Dumping data for table `awareness_program_demos`
--

LOCK TABLES `awareness_program_demos` WRITE;
/*!40000 ALTER TABLE `awareness_program_demos` DISABLE KEYS */;
/*!40000 ALTER TABLE `awareness_program_demos` ENABLE KEYS */;
UNLOCK TABLES;

--
-- Table structure for table `awareness_program_ignored_users`
--

DROP TABLE IF EXISTS `awareness_program_ignored_users`;
/*!40101 SET @saved_cs_client     = @@character_set_client */;
/*!50503 SET character_set_client = utf8mb4 */;
CREATE TABLE `awareness_program_ignored_users` (
  `id` int NOT NULL AUTO_INCREMENT,
  `awareness_program_id` int NOT NULL,
  `uid` varchar(100) COLLATE utf8mb4_unicode_ci NOT NULL,
  `created` datetime NOT NULL,
  PRIMARY KEY (`id`),
  KEY `awareness_program_id` (`awareness_program_id`),
  CONSTRAINT `awareness_program_ignored_users_ibfk_1` FOREIGN KEY (`awareness_program_id`) REFERENCES `awareness_programs` (`id`) ON DELETE CASCADE ON UPDATE CASCADE
) ENGINE=InnoDB DEFAULT CHARSET=utf8mb4 COLLATE=utf8mb4_unicode_ci;
/*!40101 SET character_set_client = @saved_cs_client */;

--
-- Dumping data for table `awareness_program_ignored_users`
--

LOCK TABLES `awareness_program_ignored_users` WRITE;
/*!40000 ALTER TABLE `awareness_program_ignored_users` DISABLE KEYS */;
/*!40000 ALTER TABLE `awareness_program_ignored_users` ENABLE KEYS */;
UNLOCK TABLES;

--
-- Table structure for table `awareness_program_ldap_groups`
--

DROP TABLE IF EXISTS `awareness_program_ldap_groups`;
/*!40101 SET @saved_cs_client     = @@character_set_client */;
/*!50503 SET character_set_client = utf8mb4 */;
CREATE TABLE `awareness_program_ldap_groups` (
  `id` int NOT NULL AUTO_INCREMENT,
  `awareness_program_id` int NOT NULL,
  `name` varchar(150) COLLATE utf8mb4_unicode_ci NOT NULL,
  `created` datetime NOT NULL,
  PRIMARY KEY (`id`),
  KEY `awareness_program_id` (`awareness_program_id`),
  CONSTRAINT `awareness_program_ldap_groups_ibfk_1` FOREIGN KEY (`awareness_program_id`) REFERENCES `awareness_programs` (`id`) ON DELETE CASCADE ON UPDATE CASCADE
) ENGINE=InnoDB DEFAULT CHARSET=utf8mb4 COLLATE=utf8mb4_unicode_ci;
/*!40101 SET character_set_client = @saved_cs_client */;

--
-- Dumping data for table `awareness_program_ldap_groups`
--

LOCK TABLES `awareness_program_ldap_groups` WRITE;
/*!40000 ALTER TABLE `awareness_program_ldap_groups` DISABLE KEYS */;
/*!40000 ALTER TABLE `awareness_program_ldap_groups` ENABLE KEYS */;
UNLOCK TABLES;

--
-- Table structure for table `awareness_program_missed_recurrences`
--

DROP TABLE IF EXISTS `awareness_program_missed_recurrences`;
/*!40101 SET @saved_cs_client     = @@character_set_client */;
/*!50503 SET character_set_client = utf8mb4 */;
CREATE TABLE `awareness_program_missed_recurrences` (
  `id` int NOT NULL AUTO_INCREMENT,
  `uid` varchar(100) COLLATE utf8mb4_unicode_ci NOT NULL,
  `awareness_program_id` int DEFAULT NULL,
  `awareness_program_recurrence_id` int DEFAULT NULL,
  `created` datetime NOT NULL,
  PRIMARY KEY (`id`),
  KEY `awareness_program_id` (`awareness_program_id`),
  KEY `awareness_program_recurrence_id` (`awareness_program_recurrence_id`),
  CONSTRAINT `awareness_program_missed_recurrences_ibfk_1` FOREIGN KEY (`awareness_program_id`) REFERENCES `awareness_programs` (`id`) ON DELETE CASCADE ON UPDATE CASCADE,
  CONSTRAINT `awareness_program_missed_recurrences_ibfk_2` FOREIGN KEY (`awareness_program_recurrence_id`) REFERENCES `awareness_program_recurrences` (`id`) ON DELETE CASCADE ON UPDATE CASCADE
) ENGINE=InnoDB DEFAULT CHARSET=utf8mb4 COLLATE=utf8mb4_unicode_ci;
/*!40101 SET character_set_client = @saved_cs_client */;

--
-- Dumping data for table `awareness_program_missed_recurrences`
--

LOCK TABLES `awareness_program_missed_recurrences` WRITE;
/*!40000 ALTER TABLE `awareness_program_missed_recurrences` DISABLE KEYS */;
/*!40000 ALTER TABLE `awareness_program_missed_recurrences` ENABLE KEYS */;
UNLOCK TABLES;

--
-- Table structure for table `awareness_program_not_compliant_users`
--

DROP TABLE IF EXISTS `awareness_program_not_compliant_users`;
/*!40101 SET @saved_cs_client     = @@character_set_client */;
/*!50503 SET character_set_client = utf8mb4 */;
CREATE TABLE `awareness_program_not_compliant_users` (
  `id` int NOT NULL AUTO_INCREMENT,
  `awareness_program_id` int NOT NULL,
  `uid` varchar(100) COLLATE utf8mb4_unicode_ci NOT NULL,
  `created` datetime NOT NULL,
  PRIMARY KEY (`id`),
  KEY `awareness_program_id` (`awareness_program_id`),
  CONSTRAINT `awareness_program_not_compliant_users_ibfk_1` FOREIGN KEY (`awareness_program_id`) REFERENCES `awareness_programs` (`id`) ON DELETE CASCADE ON UPDATE CASCADE
) ENGINE=InnoDB DEFAULT CHARSET=utf8mb4 COLLATE=utf8mb4_unicode_ci;
/*!40101 SET character_set_client = @saved_cs_client */;

--
-- Dumping data for table `awareness_program_not_compliant_users`
--

LOCK TABLES `awareness_program_not_compliant_users` WRITE;
/*!40000 ALTER TABLE `awareness_program_not_compliant_users` DISABLE KEYS */;
/*!40000 ALTER TABLE `awareness_program_not_compliant_users` ENABLE KEYS */;
UNLOCK TABLES;

--
-- Table structure for table `awareness_program_questionnaire_options`
--

DROP TABLE IF EXISTS `awareness_program_questionnaire_options`;
/*!40101 SET @saved_cs_client     = @@character_set_client */;
/*!50503 SET character_set_client = utf8mb4 */;
CREATE TABLE `awareness_program_questionnaire_options` (
  `id` int NOT NULL AUTO_INCREMENT,
  `awareness_program_questionnaire_id` int NOT NULL,
  `title` text COLLATE utf8mb4_unicode_ci NOT NULL,
  `index` int NOT NULL,
  `status` int NOT NULL,
  PRIMARY KEY (`id`),
  KEY `awareness_program_questionnaire_id` (`awareness_program_questionnaire_id`),
  CONSTRAINT `awareness_program_questionnaire_options_ibfk_1` FOREIGN KEY (`awareness_program_questionnaire_id`) REFERENCES `awareness_program_questionnaires` (`id`) ON DELETE CASCADE ON UPDATE CASCADE
) ENGINE=InnoDB DEFAULT CHARSET=utf8mb4 COLLATE=utf8mb4_unicode_ci;
/*!40101 SET character_set_client = @saved_cs_client */;

--
-- Dumping data for table `awareness_program_questionnaire_options`
--

LOCK TABLES `awareness_program_questionnaire_options` WRITE;
/*!40000 ALTER TABLE `awareness_program_questionnaire_options` DISABLE KEYS */;
/*!40000 ALTER TABLE `awareness_program_questionnaire_options` ENABLE KEYS */;
UNLOCK TABLES;

--
-- Table structure for table `awareness_program_questionnaires`
--

DROP TABLE IF EXISTS `awareness_program_questionnaires`;
/*!40101 SET @saved_cs_client     = @@character_set_client */;
/*!50503 SET character_set_client = utf8mb4 */;
CREATE TABLE `awareness_program_questionnaires` (
  `id` int NOT NULL AUTO_INCREMENT,
  `awareness_program_id` int NOT NULL,
  `question` text COLLATE utf8mb4_unicode_ci NOT NULL,
  `description` text COLLATE utf8mb4_unicode_ci,
  `correct_option` int DEFAULT NULL,
  PRIMARY KEY (`id`),
  KEY `awareness_program_id` (`awareness_program_id`),
  CONSTRAINT `awareness_program_questionnaires_ibfk_1` FOREIGN KEY (`awareness_program_id`) REFERENCES `awareness_programs` (`id`) ON DELETE CASCADE ON UPDATE CASCADE
) ENGINE=InnoDB DEFAULT CHARSET=utf8mb4 COLLATE=utf8mb4_unicode_ci;
/*!40101 SET character_set_client = @saved_cs_client */;

--
-- Dumping data for table `awareness_program_questionnaires`
--

LOCK TABLES `awareness_program_questionnaires` WRITE;
/*!40000 ALTER TABLE `awareness_program_questionnaires` DISABLE KEYS */;
/*!40000 ALTER TABLE `awareness_program_questionnaires` ENABLE KEYS */;
UNLOCK TABLES;

--
-- Table structure for table `awareness_program_recurrence_reminders`
--

DROP TABLE IF EXISTS `awareness_program_recurrence_reminders`;
/*!40101 SET @saved_cs_client     = @@character_set_client */;
/*!50503 SET character_set_client = utf8mb4 */;
CREATE TABLE `awareness_program_recurrence_reminders` (
  `id` int NOT NULL AUTO_INCREMENT,
  `awareness_program_recurrence_id` int NOT NULL,
  `uid` varchar(128) COLLATE utf8mb4_unicode_ci NOT NULL,
  `email` varchar(128) COLLATE utf8mb4_unicode_ci NOT NULL,
  `type` int NOT NULL DEFAULT '1',
  `created` datetime NOT NULL,
  PRIMARY KEY (`id`),
  KEY `awareness_program_recurrence_id` (`awareness_program_recurrence_id`),
  KEY `uid` (`uid`),
  CONSTRAINT `awareness_program_recurrence_reminders_ibfk_1` FOREIGN KEY (`awareness_program_recurrence_id`) REFERENCES `awareness_program_recurrences` (`id`) ON DELETE CASCADE ON UPDATE CASCADE
) ENGINE=InnoDB DEFAULT CHARSET=utf8mb4 COLLATE=utf8mb4_unicode_ci;
/*!40101 SET character_set_client = @saved_cs_client */;

--
-- Dumping data for table `awareness_program_recurrence_reminders`
--

LOCK TABLES `awareness_program_recurrence_reminders` WRITE;
/*!40000 ALTER TABLE `awareness_program_recurrence_reminders` DISABLE KEYS */;
/*!40000 ALTER TABLE `awareness_program_recurrence_reminders` ENABLE KEYS */;
UNLOCK TABLES;

--
-- Table structure for table `awareness_program_recurrence_training_answers`
--

DROP TABLE IF EXISTS `awareness_program_recurrence_training_answers`;
/*!40101 SET @saved_cs_client     = @@character_set_client */;
/*!50503 SET character_set_client = utf8mb4 */;
CREATE TABLE `awareness_program_recurrence_training_answers` (
  `id` int NOT NULL AUTO_INCREMENT,
  `awareness_program_recurrence_training_id` int NOT NULL,
  `awareness_program_questionnaire_option_id` int NOT NULL,
  PRIMARY KEY (`id`),
  KEY `awareness_program_recurrence_training_id` (`awareness_program_recurrence_training_id`),
  KEY `awareness_program_questionnaire_option_id` (`awareness_program_questionnaire_option_id`),
  CONSTRAINT `awareness_program_recurrence_training_answers_ibfk_1` FOREIGN KEY (`awareness_program_recurrence_training_id`) REFERENCES `awareness_program_recurrence_trainings` (`id`) ON DELETE CASCADE ON UPDATE CASCADE,
  CONSTRAINT `awareness_program_recurrence_training_answers_ibfk_2` FOREIGN KEY (`awareness_program_questionnaire_option_id`) REFERENCES `awareness_program_questionnaire_options` (`id`) ON DELETE CASCADE ON UPDATE CASCADE
) ENGINE=InnoDB DEFAULT CHARSET=utf8mb4 COLLATE=utf8mb4_unicode_ci;
/*!40101 SET character_set_client = @saved_cs_client */;

--
-- Dumping data for table `awareness_program_recurrence_training_answers`
--

LOCK TABLES `awareness_program_recurrence_training_answers` WRITE;
/*!40000 ALTER TABLE `awareness_program_recurrence_training_answers` DISABLE KEYS */;
/*!40000 ALTER TABLE `awareness_program_recurrence_training_answers` ENABLE KEYS */;
UNLOCK TABLES;

--
-- Table structure for table `awareness_program_recurrence_trainings`
--

DROP TABLE IF EXISTS `awareness_program_recurrence_trainings`;
/*!40101 SET @saved_cs_client     = @@character_set_client */;
/*!50503 SET character_set_client = utf8mb4 */;
CREATE TABLE `awareness_program_recurrence_trainings` (
  `id` int NOT NULL AUTO_INCREMENT,
  `uid` varchar(100) COLLATE utf8mb4_unicode_ci NOT NULL DEFAULT '',
  `awareness_program_recurrence_id` int NOT NULL,
  `correct_answers` int DEFAULT NULL,
  `wrong_answers` int DEFAULT NULL,
  `total_answers` int DEFAULT NULL,
  `created` datetime NOT NULL,
  `modified` datetime NOT NULL,
  PRIMARY KEY (`id`),
  KEY `awareness_program_recurrence_id` (`awareness_program_recurrence_id`),
  CONSTRAINT `awareness_program_recurrence_trainings_ibfk_1` FOREIGN KEY (`awareness_program_recurrence_id`) REFERENCES `awareness_program_recurrences` (`id`) ON DELETE CASCADE ON UPDATE CASCADE
) ENGINE=InnoDB DEFAULT CHARSET=utf8mb4 COLLATE=utf8mb4_unicode_ci;
/*!40101 SET character_set_client = @saved_cs_client */;

--
-- Dumping data for table `awareness_program_recurrence_trainings`
--

LOCK TABLES `awareness_program_recurrence_trainings` WRITE;
/*!40000 ALTER TABLE `awareness_program_recurrence_trainings` DISABLE KEYS */;
/*!40000 ALTER TABLE `awareness_program_recurrence_trainings` ENABLE KEYS */;
UNLOCK TABLES;

--
-- Table structure for table `awareness_program_recurrences`
--

DROP TABLE IF EXISTS `awareness_program_recurrences`;
/*!40101 SET @saved_cs_client     = @@character_set_client */;
/*!50503 SET character_set_client = utf8mb4 */;
CREATE TABLE `awareness_program_recurrences` (
  `id` int NOT NULL AUTO_INCREMENT,
  `awareness_program_id` int NOT NULL,
  `start` date NOT NULL,
  `end` date DEFAULT NULL,
  `status` int NOT NULL DEFAULT '0',
  `awareness_training_count` int NOT NULL,
  PRIMARY KEY (`id`),
  KEY `awareness_program_id` (`awareness_program_id`),
  CONSTRAINT `awareness_program_recurrences_ibfk_1` FOREIGN KEY (`awareness_program_id`) REFERENCES `awareness_programs` (`id`) ON DELETE CASCADE ON UPDATE CASCADE
) ENGINE=InnoDB DEFAULT CHARSET=utf8mb4 COLLATE=utf8mb4_unicode_ci;
/*!40101 SET character_set_client = @saved_cs_client */;

--
-- Dumping data for table `awareness_program_recurrences`
--

LOCK TABLES `awareness_program_recurrences` WRITE;
/*!40000 ALTER TABLE `awareness_program_recurrences` DISABLE KEYS */;
/*!40000 ALTER TABLE `awareness_program_recurrences` ENABLE KEYS */;
UNLOCK TABLES;

--
-- Table structure for table `awareness_program_value_logs`
--

DROP TABLE IF EXISTS `awareness_program_value_logs`;
/*!40101 SET @saved_cs_client     = @@character_set_client */;
/*!50503 SET character_set_client = utf8mb4 */;
CREATE TABLE `awareness_program_value_logs` (
  `id` int NOT NULL AUTO_INCREMENT,
  `awareness_program_id` int NOT NULL,
  `field` varchar(256) COLLATE utf8mb4_unicode_ci NOT NULL DEFAULT '',
  `value` int NOT NULL DEFAULT '0',
  `created` datetime NOT NULL,
  PRIMARY KEY (`id`),
  KEY `awareness_program_id` (`awareness_program_id`),
  CONSTRAINT `awareness_program_value_logs_ibfk_1` FOREIGN KEY (`awareness_program_id`) REFERENCES `awareness_programs` (`id`) ON DELETE CASCADE ON UPDATE CASCADE
) ENGINE=InnoDB DEFAULT CHARSET=utf8mb4 COLLATE=utf8mb4_unicode_ci;
/*!40101 SET character_set_client = @saved_cs_client */;

--
-- Dumping data for table `awareness_program_value_logs`
--

LOCK TABLES `awareness_program_value_logs` WRITE;
/*!40000 ALTER TABLE `awareness_program_value_logs` DISABLE KEYS */;
/*!40000 ALTER TABLE `awareness_program_value_logs` ENABLE KEYS */;
UNLOCK TABLES;

--
-- Table structure for table `awareness_programs`
--

DROP TABLE IF EXISTS `awareness_programs`;
/*!40101 SET @saved_cs_client     = @@character_set_client */;
/*!50503 SET character_set_client = utf8mb4 */;
CREATE TABLE `awareness_programs` (
  `id` int NOT NULL AUTO_INCREMENT,
  `title` varchar(255) COLLATE utf8mb4_unicode_ci NOT NULL DEFAULT '',
  `description` text COLLATE utf8mb4_unicode_ci NOT NULL,
  `recurrence` int NOT NULL,
  `reminder_apart` int NOT NULL,
  `reminder_amount` int NOT NULL,
  `redirect` varchar(255) COLLATE utf8mb4_unicode_ci NOT NULL,
  `ldap_connector_id` int NOT NULL,
  `ldap_check` varchar(255) COLLATE utf8mb4_unicode_ci DEFAULT NULL,
  `video` varchar(255) COLLATE utf8mb4_unicode_ci DEFAULT NULL,
  `video_extension` varchar(50) COLLATE utf8mb4_unicode_ci DEFAULT NULL,
  `video_mime_type` varchar(150) COLLATE utf8mb4_unicode_ci DEFAULT NULL,
  `video_file_size` int DEFAULT NULL,
  `questionnaire` varchar(255) COLLATE utf8mb4_unicode_ci DEFAULT NULL,
  `text_file` varchar(255) COLLATE utf8mb4_unicode_ci DEFAULT NULL,
  `text_file_extension` varchar(50) COLLATE utf8mb4_unicode_ci DEFAULT NULL,
  `text_file_frame_size` int DEFAULT NULL,
  `uploads_sort_json` text COLLATE utf8mb4_unicode_ci NOT NULL,
  `welcome_text` text COLLATE utf8mb4_unicode_ci NOT NULL,
  `welcome_sub_text` text COLLATE utf8mb4_unicode_ci NOT NULL,
  `thank_you_text` text COLLATE utf8mb4_unicode_ci NOT NULL,
  `thank_you_sub_text` text COLLATE utf8mb4_unicode_ci NOT NULL,
  `email_subject` varchar(255) COLLATE utf8mb4_unicode_ci NOT NULL DEFAULT '',
  `email_body` text COLLATE utf8mb4_unicode_ci NOT NULL,
  `email_reminder_custom` int NOT NULL DEFAULT '0',
  `email_reminder_subject` varchar(255) COLLATE utf8mb4_unicode_ci NOT NULL DEFAULT '',
  `email_reminder_body` text COLLATE utf8mb4_unicode_ci NOT NULL,
  `status` varchar(100) COLLATE utf8mb4_unicode_ci DEFAULT 'stopped',
  `awareness_training_count` int NOT NULL,
  `active_users` int DEFAULT NULL,
  `active_users_percentage` int DEFAULT NULL,
  `ignored_users` int DEFAULT NULL,
  `ignored_users_percentage` int DEFAULT NULL,
  `compliant_users` int DEFAULT NULL,
  `compliant_users_percentage` int DEFAULT NULL,
  `not_compliant_users` int DEFAULT NULL,
  `not_compliant_users_percentage` int DEFAULT NULL,
  `stats_update_status` int NOT NULL DEFAULT '0',
  `workflow_owner_id` int DEFAULT NULL,
  `workflow_status` int NOT NULL DEFAULT '0',
  `created` datetime NOT NULL,
  `modified` datetime NOT NULL,
  `edited` datetime DEFAULT NULL,
  `deleted` int NOT NULL DEFAULT '0',
  `deleted_date` datetime DEFAULT NULL,
  `need_resave` int NOT NULL DEFAULT '1',
  PRIMARY KEY (`id`),
  KEY `ldap_connector_id` (`ldap_connector_id`),
  CONSTRAINT `awareness_programs_ibfk_1` FOREIGN KEY (`ldap_connector_id`) REFERENCES `ldap_connectors` (`id`) ON DELETE RESTRICT ON UPDATE CASCADE
) ENGINE=InnoDB DEFAULT CHARSET=utf8mb4 COLLATE=utf8mb4_unicode_ci;
/*!40101 SET character_set_client = @saved_cs_client */;

--
-- Dumping data for table `awareness_programs`
--

LOCK TABLES `awareness_programs` WRITE;
/*!40000 ALTER TABLE `awareness_programs` DISABLE KEYS */;
/*!40000 ALTER TABLE `awareness_programs` ENABLE KEYS */;
UNLOCK TABLES;

--
-- Table structure for table `awareness_programs_security_policies`
--

DROP TABLE IF EXISTS `awareness_programs_security_policies`;
/*!40101 SET @saved_cs_client     = @@character_set_client */;
/*!50503 SET character_set_client = utf8mb4 */;
CREATE TABLE `awareness_programs_security_policies` (
  `id` int NOT NULL AUTO_INCREMENT,
  `security_policy_id` int NOT NULL,
  `awareness_program_id` int NOT NULL,
  `created` datetime NOT NULL,
  PRIMARY KEY (`id`),
  KEY `security_policy_id` (`security_policy_id`),
  KEY `awareness_program_id` (`awareness_program_id`),
  CONSTRAINT `awareness_programs_security_policies_ibfk_1` FOREIGN KEY (`security_policy_id`) REFERENCES `security_policies` (`id`) ON DELETE CASCADE ON UPDATE CASCADE,
  CONSTRAINT `awareness_programs_security_policies_ibfk_2` FOREIGN KEY (`awareness_program_id`) REFERENCES `awareness_programs` (`id`) ON DELETE CASCADE ON UPDATE CASCADE
) ENGINE=InnoDB DEFAULT CHARSET=utf8mb4 COLLATE=utf8mb4_unicode_ci;
/*!40101 SET character_set_client = @saved_cs_client */;

--
-- Dumping data for table `awareness_programs_security_policies`
--

LOCK TABLES `awareness_programs_security_policies` WRITE;
/*!40000 ALTER TABLE `awareness_programs_security_policies` DISABLE KEYS */;
/*!40000 ALTER TABLE `awareness_programs_security_policies` ENABLE KEYS */;
UNLOCK TABLES;

--
-- Table structure for table `awareness_reminders_old`
--

DROP TABLE IF EXISTS `awareness_reminders_old`;
/*!40101 SET @saved_cs_client     = @@character_set_client */;
/*!50503 SET character_set_client = utf8mb4 */;
CREATE TABLE `awareness_reminders_old` (
  `id` int NOT NULL AUTO_INCREMENT,
  `uid` varchar(100) COLLATE utf8mb4_unicode_ci NOT NULL,
  `email` varchar(100) COLLATE utf8mb4_unicode_ci NOT NULL,
  `awareness_program_id` int NOT NULL,
  `demo` int NOT NULL DEFAULT '0',
  `reminder_type` int NOT NULL,
  `created` datetime NOT NULL,
  PRIMARY KEY (`id`),
  KEY `awareness_program_id` (`awareness_program_id`),
  KEY `uid` (`uid`),
  CONSTRAINT `awareness_reminders_old_ibfk_1` FOREIGN KEY (`awareness_program_id`) REFERENCES `awareness_programs` (`id`) ON DELETE CASCADE ON UPDATE CASCADE
) ENGINE=InnoDB DEFAULT CHARSET=utf8mb4 COLLATE=utf8mb4_unicode_ci;
/*!40101 SET character_set_client = @saved_cs_client */;

--
-- Dumping data for table `awareness_reminders_old`
--

LOCK TABLES `awareness_reminders_old` WRITE;
/*!40000 ALTER TABLE `awareness_reminders_old` DISABLE KEYS */;
/*!40000 ALTER TABLE `awareness_reminders_old` ENABLE KEYS */;
UNLOCK TABLES;

--
-- Table structure for table `awareness_trainings_old`
--

DROP TABLE IF EXISTS `awareness_trainings_old`;
/*!40101 SET @saved_cs_client     = @@character_set_client */;
/*!50503 SET character_set_client = utf8mb4 */;
CREATE TABLE `awareness_trainings_old` (
  `id` int NOT NULL AUTO_INCREMENT,
  `uid` varchar(100) COLLATE utf8mb4_unicode_ci NOT NULL DEFAULT '',
  `awareness_program_id` int DEFAULT NULL,
  `awareness_program_recurrence_id` int NOT NULL,
  `answers_json` text COLLATE utf8mb4_unicode_ci,
  `correct` int DEFAULT NULL,
  `wrong` int DEFAULT NULL,
  `demo` int NOT NULL DEFAULT '0',
  `created` datetime NOT NULL,
  `modified` datetime NOT NULL,
  PRIMARY KEY (`id`),
  KEY `awareness_program_recurrence_id` (`awareness_program_recurrence_id`),
  KEY `awareness_program_id` (`awareness_program_id`),
  CONSTRAINT `awareness_trainings_old_ibfk_1` FOREIGN KEY (`awareness_program_recurrence_id`) REFERENCES `awareness_program_recurrences` (`id`) ON DELETE CASCADE ON UPDATE CASCADE,
  CONSTRAINT `awareness_trainings_old_ibfk_2` FOREIGN KEY (`awareness_program_id`) REFERENCES `awareness_programs` (`id`) ON DELETE CASCADE ON UPDATE CASCADE
) ENGINE=InnoDB DEFAULT CHARSET=utf8mb4 COLLATE=utf8mb4_unicode_ci;
/*!40101 SET character_set_client = @saved_cs_client */;

--
-- Dumping data for table `awareness_trainings_old`
--

LOCK TABLES `awareness_trainings_old` WRITE;
/*!40000 ALTER TABLE `awareness_trainings_old` DISABLE KEYS */;
/*!40000 ALTER TABLE `awareness_trainings_old` ENABLE KEYS */;
UNLOCK TABLES;

--
-- Table structure for table `awareness_users`
--

DROP TABLE IF EXISTS `awareness_users`;
/*!40101 SET @saved_cs_client     = @@character_set_client */;
/*!50503 SET character_set_client = utf8mb4 */;
CREATE TABLE `awareness_users` (
  `id` int NOT NULL AUTO_INCREMENT,
  `login` varchar(45) COLLATE utf8mb4_unicode_ci NOT NULL,
  `created` datetime NOT NULL,
  PRIMARY KEY (`id`)
) ENGINE=InnoDB DEFAULT CHARSET=utf8mb4 COLLATE=utf8mb4_unicode_ci;
/*!40101 SET character_set_client = @saved_cs_client */;

--
-- Dumping data for table `awareness_users`
--

LOCK TABLES `awareness_users` WRITE;
/*!40000 ALTER TABLE `awareness_users` DISABLE KEYS */;
/*!40000 ALTER TABLE `awareness_users` ENABLE KEYS */;
UNLOCK TABLES;

--
-- Table structure for table `backups`
--

DROP TABLE IF EXISTS `backups`;
/*!40101 SET @saved_cs_client     = @@character_set_client */;
/*!50503 SET character_set_client = utf8mb4 */;
CREATE TABLE `backups` (
  `id` int NOT NULL AUTO_INCREMENT,
  `sql_file` varchar(255) COLLATE utf8mb4_unicode_ci NOT NULL,
  `name` text COLLATE utf8mb4_unicode_ci NOT NULL,
  `filename` text COLLATE utf8mb4_unicode_ci NOT NULL,
  `type` int NOT NULL DEFAULT '1',
  `origin` int NOT NULL DEFAULT '1',
  `instance` varchar(255) COLLATE utf8mb4_unicode_ci DEFAULT NULL,
  `part` int DEFAULT NULL,
  `parts_total` int DEFAULT NULL,
  `fetched` datetime DEFAULT NULL,
  `completed` datetime DEFAULT NULL,
  `failed` int NOT NULL DEFAULT '0',
  `failure_message` text COLLATE utf8mb4_unicode_ci,
  `deleted_files` int NOT NULL DEFAULT '0',
  `created` datetime NOT NULL,
  PRIMARY KEY (`id`)
) ENGINE=InnoDB DEFAULT CHARSET=utf8mb4 COLLATE=utf8mb4_unicode_ci;
/*!40101 SET character_set_client = @saved_cs_client */;

--
-- Dumping data for table `backups`
--

LOCK TABLES `backups` WRITE;
/*!40000 ALTER TABLE `backups` DISABLE KEYS */;
/*!40000 ALTER TABLE `backups` ENABLE KEYS */;
UNLOCK TABLES;

--
-- Table structure for table `bulk_action_objects`
--

DROP TABLE IF EXISTS `bulk_action_objects`;
/*!40101 SET @saved_cs_client     = @@character_set_client */;
/*!50503 SET character_set_client = utf8mb4 */;
CREATE TABLE `bulk_action_objects` (
  `id` int NOT NULL AUTO_INCREMENT,
  `bulk_action_id` int NOT NULL,
  `model` varchar(150) COLLATE utf8mb4_unicode_ci NOT NULL,
  `foreign_key` int NOT NULL,
  PRIMARY KEY (`id`),
  KEY `bulk_action_id` (`bulk_action_id`),
  CONSTRAINT `bulk_action_objects_ibfk_1` FOREIGN KEY (`bulk_action_id`) REFERENCES `bulk_actions` (`id`) ON DELETE CASCADE ON UPDATE CASCADE
) ENGINE=InnoDB DEFAULT CHARSET=utf8mb4 COLLATE=utf8mb4_unicode_ci;
/*!40101 SET character_set_client = @saved_cs_client */;

--
-- Dumping data for table `bulk_action_objects`
--

LOCK TABLES `bulk_action_objects` WRITE;
/*!40000 ALTER TABLE `bulk_action_objects` DISABLE KEYS */;
/*!40000 ALTER TABLE `bulk_action_objects` ENABLE KEYS */;
UNLOCK TABLES;

--
-- Table structure for table `bulk_actions`
--

DROP TABLE IF EXISTS `bulk_actions`;
/*!40101 SET @saved_cs_client     = @@character_set_client */;
/*!50503 SET character_set_client = utf8mb4 */;
CREATE TABLE `bulk_actions` (
  `id` int NOT NULL AUTO_INCREMENT,
  `type` int NOT NULL,
  `model` varchar(150) COLLATE utf8mb4_unicode_ci NOT NULL,
  `json_data` text COLLATE utf8mb4_unicode_ci NOT NULL,
  `user_id` int DEFAULT NULL,
  `created` datetime NOT NULL,
  `modified` datetime NOT NULL,
  PRIMARY KEY (`id`),
  KEY `user_id` (`user_id`),
  CONSTRAINT `bulk_actions_ibfk_1` FOREIGN KEY (`user_id`) REFERENCES `users` (`id`) ON DELETE SET NULL ON UPDATE CASCADE
) ENGINE=InnoDB DEFAULT CHARSET=utf8mb4 COLLATE=utf8mb4_unicode_ci;
/*!40101 SET character_set_client = @saved_cs_client */;

--
-- Dumping data for table `bulk_actions`
--

LOCK TABLES `bulk_actions` WRITE;
/*!40000 ALTER TABLE `bulk_actions` DISABLE KEYS */;
/*!40000 ALTER TABLE `bulk_actions` ENABLE KEYS */;
UNLOCK TABLES;

--
-- Table structure for table `business_continuities`
--

DROP TABLE IF EXISTS `business_continuities`;
/*!40101 SET @saved_cs_client     = @@character_set_client */;
/*!50503 SET character_set_client = utf8mb4 */;
CREATE TABLE `business_continuities` (
  `id` int NOT NULL AUTO_INCREMENT,
  `title` varchar(255) COLLATE utf8mb4_unicode_ci NOT NULL DEFAULT '',
  `impact` text COLLATE utf8mb4_unicode_ci NOT NULL,
  `threats` text COLLATE utf8mb4_unicode_ci NOT NULL,
  `vulnerabilities` text COLLATE utf8mb4_unicode_ci NOT NULL,
  `description` text COLLATE utf8mb4_unicode_ci,
  `residual_score` int NOT NULL,
  `risk_score` float DEFAULT NULL,
  `risk_score_formula` text COLLATE utf8mb4_unicode_ci NOT NULL,
  `residual_risk` float NOT NULL,
  `residual_risk_formula` text COLLATE utf8mb4_unicode_ci NOT NULL,
  `review` date NOT NULL,
  `expired` int NOT NULL DEFAULT '0',
  `exceptions_issues` int NOT NULL DEFAULT '0',
  `controls_issues` int NOT NULL DEFAULT '0',
  `control_in_design` int NOT NULL DEFAULT '0',
  `expired_reviews` int NOT NULL DEFAULT '0',
  `risk_above_appetite` int NOT NULL DEFAULT '0',
  `plans_issues` int NOT NULL DEFAULT '0',
  `risk_mitigation_strategy_id` int DEFAULT NULL,
  `workflow_owner_id` int DEFAULT NULL,
  `workflow_status` int NOT NULL DEFAULT '0',
  `created` datetime NOT NULL,
  `modified` datetime NOT NULL,
  `edited` datetime DEFAULT NULL,
  `deleted` int NOT NULL DEFAULT '0',
  `deleted_date` datetime DEFAULT NULL,
  PRIMARY KEY (`id`),
  KEY `risk_mitigation_strategy_id` (`risk_mitigation_strategy_id`),
  FULLTEXT KEY `title` (`title`),
  CONSTRAINT `business_continuities_ibfk_1` FOREIGN KEY (`risk_mitigation_strategy_id`) REFERENCES `risk_mitigation_strategies` (`id`) ON DELETE CASCADE ON UPDATE CASCADE
) ENGINE=InnoDB DEFAULT CHARSET=utf8mb4 COLLATE=utf8mb4_unicode_ci;
/*!40101 SET character_set_client = @saved_cs_client */;

--
-- Dumping data for table `business_continuities`
--

LOCK TABLES `business_continuities` WRITE;
/*!40000 ALTER TABLE `business_continuities` DISABLE KEYS */;
/*!40000 ALTER TABLE `business_continuities` ENABLE KEYS */;
UNLOCK TABLES;

--
-- Table structure for table `business_continuities_business_continuity_plans`
--

DROP TABLE IF EXISTS `business_continuities_business_continuity_plans`;
/*!40101 SET @saved_cs_client     = @@character_set_client */;
/*!50503 SET character_set_client = utf8mb4 */;
CREATE TABLE `business_continuities_business_continuity_plans` (
  `id` int NOT NULL AUTO_INCREMENT,
  `business_continuity_id` int NOT NULL,
  `business_continuity_plan_id` int NOT NULL,
  PRIMARY KEY (`id`),
  KEY `business_continuity_plan_id` (`business_continuity_plan_id`),
  KEY `business_continuity_id` (`business_continuity_id`),
  CONSTRAINT `business_continuities_business_continuity_plans_ibfk_1` FOREIGN KEY (`business_continuity_plan_id`) REFERENCES `business_continuity_plans` (`id`) ON DELETE CASCADE ON UPDATE CASCADE,
  CONSTRAINT `business_continuities_business_continuity_plans_ibfk_2` FOREIGN KEY (`business_continuity_id`) REFERENCES `business_continuities` (`id`) ON DELETE CASCADE ON UPDATE CASCADE
) ENGINE=InnoDB DEFAULT CHARSET=utf8mb4 COLLATE=utf8mb4_unicode_ci;
/*!40101 SET character_set_client = @saved_cs_client */;

--
-- Dumping data for table `business_continuities_business_continuity_plans`
--

LOCK TABLES `business_continuities_business_continuity_plans` WRITE;
/*!40000 ALTER TABLE `business_continuities_business_continuity_plans` DISABLE KEYS */;
/*!40000 ALTER TABLE `business_continuities_business_continuity_plans` ENABLE KEYS */;
UNLOCK TABLES;

--
-- Table structure for table `business_continuities_business_units`
--

DROP TABLE IF EXISTS `business_continuities_business_units`;
/*!40101 SET @saved_cs_client     = @@character_set_client */;
/*!50503 SET character_set_client = utf8mb4 */;
CREATE TABLE `business_continuities_business_units` (
  `id` int NOT NULL AUTO_INCREMENT,
  `business_continuity_id` int NOT NULL,
  `business_unit_id` int NOT NULL,
  PRIMARY KEY (`id`),
  KEY `business_unit_id` (`business_unit_id`),
  KEY `business_continuity_id` (`business_continuity_id`),
  CONSTRAINT `business_continuities_business_units_ibfk_1` FOREIGN KEY (`business_unit_id`) REFERENCES `business_units` (`id`) ON DELETE CASCADE ON UPDATE CASCADE,
  CONSTRAINT `business_continuities_business_units_ibfk_2` FOREIGN KEY (`business_continuity_id`) REFERENCES `business_continuities` (`id`) ON DELETE CASCADE ON UPDATE CASCADE
) ENGINE=InnoDB DEFAULT CHARSET=utf8mb4 COLLATE=utf8mb4_unicode_ci;
/*!40101 SET character_set_client = @saved_cs_client */;

--
-- Dumping data for table `business_continuities_business_units`
--

LOCK TABLES `business_continuities_business_units` WRITE;
/*!40000 ALTER TABLE `business_continuities_business_units` DISABLE KEYS */;
/*!40000 ALTER TABLE `business_continuities_business_units` ENABLE KEYS */;
UNLOCK TABLES;

--
-- Table structure for table `business_continuities_compliance_managements`
--

DROP TABLE IF EXISTS `business_continuities_compliance_managements`;
/*!40101 SET @saved_cs_client     = @@character_set_client */;
/*!50503 SET character_set_client = utf8mb4 */;
CREATE TABLE `business_continuities_compliance_managements` (
  `id` int NOT NULL AUTO_INCREMENT,
  `business_continuity_id` int NOT NULL,
  `compliance_management_id` int NOT NULL,
  PRIMARY KEY (`id`),
  KEY `compliance_management_id` (`compliance_management_id`),
  KEY `business_continuity_id` (`business_continuity_id`),
  CONSTRAINT `business_continuities_compliance_managements_ibfk_1` FOREIGN KEY (`compliance_management_id`) REFERENCES `compliance_managements` (`id`) ON DELETE CASCADE ON UPDATE CASCADE,
  CONSTRAINT `business_continuities_compliance_managements_ibfk_2` FOREIGN KEY (`business_continuity_id`) REFERENCES `business_continuities` (`id`) ON DELETE CASCADE ON UPDATE CASCADE
) ENGINE=InnoDB DEFAULT CHARSET=utf8mb4 COLLATE=utf8mb4_unicode_ci;
/*!40101 SET character_set_client = @saved_cs_client */;

--
-- Dumping data for table `business_continuities_compliance_managements`
--

LOCK TABLES `business_continuities_compliance_managements` WRITE;
/*!40000 ALTER TABLE `business_continuities_compliance_managements` DISABLE KEYS */;
/*!40000 ALTER TABLE `business_continuities_compliance_managements` ENABLE KEYS */;
UNLOCK TABLES;

--
-- Table structure for table `business_continuities_goals`
--

DROP TABLE IF EXISTS `business_continuities_goals`;
/*!40101 SET @saved_cs_client     = @@character_set_client */;
/*!50503 SET character_set_client = utf8mb4 */;
CREATE TABLE `business_continuities_goals` (
  `id` int NOT NULL AUTO_INCREMENT,
  `business_continuity_id` int NOT NULL,
  `goal_id` int NOT NULL,
  `created` datetime NOT NULL,
  PRIMARY KEY (`id`),
  KEY `goal_id` (`goal_id`),
  KEY `business_continuity_id` (`business_continuity_id`),
  CONSTRAINT `business_continuities_goals_ibfk_1` FOREIGN KEY (`goal_id`) REFERENCES `goals` (`id`) ON DELETE CASCADE ON UPDATE CASCADE,
  CONSTRAINT `business_continuities_goals_ibfk_2` FOREIGN KEY (`business_continuity_id`) REFERENCES `business_continuities` (`id`) ON DELETE CASCADE ON UPDATE CASCADE
) ENGINE=InnoDB DEFAULT CHARSET=utf8mb4 COLLATE=utf8mb4_unicode_ci;
/*!40101 SET character_set_client = @saved_cs_client */;

--
-- Dumping data for table `business_continuities_goals`
--

LOCK TABLES `business_continuities_goals` WRITE;
/*!40000 ALTER TABLE `business_continuities_goals` DISABLE KEYS */;
/*!40000 ALTER TABLE `business_continuities_goals` ENABLE KEYS */;
UNLOCK TABLES;

--
-- Table structure for table `business_continuities_processes`
--

DROP TABLE IF EXISTS `business_continuities_processes`;
/*!40101 SET @saved_cs_client     = @@character_set_client */;
/*!50503 SET character_set_client = utf8mb4 */;
CREATE TABLE `business_continuities_processes` (
  `id` int NOT NULL AUTO_INCREMENT,
  `business_continuity_id` int NOT NULL,
  `process_id` int NOT NULL,
  PRIMARY KEY (`id`),
  KEY `process_id` (`process_id`),
  KEY `business_continuity_id` (`business_continuity_id`),
  CONSTRAINT `business_continuities_processes_ibfk_1` FOREIGN KEY (`process_id`) REFERENCES `processes` (`id`) ON DELETE CASCADE ON UPDATE CASCADE,
  CONSTRAINT `business_continuities_processes_ibfk_2` FOREIGN KEY (`business_continuity_id`) REFERENCES `business_continuities` (`id`) ON DELETE CASCADE ON UPDATE CASCADE
) ENGINE=InnoDB DEFAULT CHARSET=utf8mb4 COLLATE=utf8mb4_unicode_ci;
/*!40101 SET character_set_client = @saved_cs_client */;

--
-- Dumping data for table `business_continuities_processes`
--

LOCK TABLES `business_continuities_processes` WRITE;
/*!40000 ALTER TABLE `business_continuities_processes` DISABLE KEYS */;
/*!40000 ALTER TABLE `business_continuities_processes` ENABLE KEYS */;
UNLOCK TABLES;

--
-- Table structure for table `business_continuities_projects`
--

DROP TABLE IF EXISTS `business_continuities_projects`;
/*!40101 SET @saved_cs_client     = @@character_set_client */;
/*!50503 SET character_set_client = utf8mb4 */;
CREATE TABLE `business_continuities_projects` (
  `id` int NOT NULL AUTO_INCREMENT,
  `project_id` int DEFAULT NULL,
  `business_continuity_id` int DEFAULT NULL,
  `created` datetime NOT NULL,
  PRIMARY KEY (`id`),
  KEY `project_id` (`project_id`),
  KEY `business_continuity_id` (`business_continuity_id`),
  CONSTRAINT `business_continuities_projects_ibfk_1` FOREIGN KEY (`project_id`) REFERENCES `projects` (`id`) ON DELETE CASCADE ON UPDATE CASCADE,
  CONSTRAINT `business_continuities_projects_ibfk_2` FOREIGN KEY (`business_continuity_id`) REFERENCES `business_continuities` (`id`) ON DELETE CASCADE ON UPDATE CASCADE
) ENGINE=InnoDB DEFAULT CHARSET=utf8mb4 COLLATE=utf8mb4_unicode_ci;
/*!40101 SET character_set_client = @saved_cs_client */;

--
-- Dumping data for table `business_continuities_projects`
--

LOCK TABLES `business_continuities_projects` WRITE;
/*!40000 ALTER TABLE `business_continuities_projects` DISABLE KEYS */;
/*!40000 ALTER TABLE `business_continuities_projects` ENABLE KEYS */;
UNLOCK TABLES;

--
-- Table structure for table `business_continuities_risk_classifications`
--

DROP TABLE IF EXISTS `business_continuities_risk_classifications`;
/*!40101 SET @saved_cs_client     = @@character_set_client */;
/*!50503 SET character_set_client = utf8mb4 */;
CREATE TABLE `business_continuities_risk_classifications` (
  `id` int NOT NULL AUTO_INCREMENT,
  `business_continuity_id` int NOT NULL,
  `risk_classification_id` int NOT NULL,
  `type` int NOT NULL DEFAULT '0',
  `asset_classification_type_id` int DEFAULT NULL,
  `group` int DEFAULT NULL,
  `risk_classification_type_id` int DEFAULT NULL,
  `ecb_type` varchar(128) COLLATE utf8mb4_unicode_ci DEFAULT NULL,
  PRIMARY KEY (`id`),
  KEY `risk_classification_id` (`risk_classification_id`),
  KEY `business_continuity_id` (`business_continuity_id`),
  KEY `risk_classification_type_id` (`risk_classification_type_id`),
  KEY `asset_classification_type_id` (`asset_classification_type_id`),
  CONSTRAINT `business_continuities_risk_classifications_ibfk_1` FOREIGN KEY (`risk_classification_id`) REFERENCES `risk_classifications` (`id`) ON DELETE CASCADE ON UPDATE CASCADE,
  CONSTRAINT `business_continuities_risk_classifications_ibfk_2` FOREIGN KEY (`business_continuity_id`) REFERENCES `business_continuities` (`id`) ON DELETE CASCADE ON UPDATE CASCADE,
  CONSTRAINT `business_continuities_risk_classifications_ibfk_3` FOREIGN KEY (`risk_classification_type_id`) REFERENCES `risk_classification_types` (`id`) ON DELETE CASCADE ON UPDATE CASCADE,
  CONSTRAINT `business_continuities_risk_classifications_ibfk_4` FOREIGN KEY (`asset_classification_type_id`) REFERENCES `asset_classification_types` (`id`) ON DELETE CASCADE ON UPDATE CASCADE
) ENGINE=InnoDB DEFAULT CHARSET=utf8mb4 COLLATE=utf8mb4_unicode_ci;
/*!40101 SET character_set_client = @saved_cs_client */;

--
-- Dumping data for table `business_continuities_risk_classifications`
--

LOCK TABLES `business_continuities_risk_classifications` WRITE;
/*!40000 ALTER TABLE `business_continuities_risk_classifications` DISABLE KEYS */;
/*!40000 ALTER TABLE `business_continuities_risk_classifications` ENABLE KEYS */;
UNLOCK TABLES;

--
-- Table structure for table `business_continuities_risk_exceptions`
--

DROP TABLE IF EXISTS `business_continuities_risk_exceptions`;
/*!40101 SET @saved_cs_client     = @@character_set_client */;
/*!50503 SET character_set_client = utf8mb4 */;
CREATE TABLE `business_continuities_risk_exceptions` (
  `id` int NOT NULL AUTO_INCREMENT,
  `business_continuity_id` int NOT NULL,
  `risk_exception_id` int NOT NULL,
  PRIMARY KEY (`id`),
  KEY `risk_exception_id` (`risk_exception_id`),
  KEY `business_continuity_id` (`business_continuity_id`),
  CONSTRAINT `business_continuities_risk_exceptions_ibfk_1` FOREIGN KEY (`risk_exception_id`) REFERENCES `risk_exceptions` (`id`) ON DELETE CASCADE ON UPDATE CASCADE,
  CONSTRAINT `business_continuities_risk_exceptions_ibfk_2` FOREIGN KEY (`business_continuity_id`) REFERENCES `business_continuities` (`id`) ON DELETE CASCADE ON UPDATE CASCADE
) ENGINE=InnoDB DEFAULT CHARSET=utf8mb4 COLLATE=utf8mb4_unicode_ci;
/*!40101 SET character_set_client = @saved_cs_client */;

--
-- Dumping data for table `business_continuities_risk_exceptions`
--

LOCK TABLES `business_continuities_risk_exceptions` WRITE;
/*!40000 ALTER TABLE `business_continuities_risk_exceptions` DISABLE KEYS */;
/*!40000 ALTER TABLE `business_continuities_risk_exceptions` ENABLE KEYS */;
UNLOCK TABLES;

--
-- Table structure for table `business_continuities_security_services`
--

DROP TABLE IF EXISTS `business_continuities_security_services`;
/*!40101 SET @saved_cs_client     = @@character_set_client */;
/*!50503 SET character_set_client = utf8mb4 */;
CREATE TABLE `business_continuities_security_services` (
  `id` int NOT NULL AUTO_INCREMENT,
  `business_continuity_id` int NOT NULL,
  `security_service_id` int NOT NULL,
  PRIMARY KEY (`id`)
) ENGINE=InnoDB DEFAULT CHARSET=utf8mb4 COLLATE=utf8mb4_unicode_ci;
/*!40101 SET character_set_client = @saved_cs_client */;

--
-- Dumping data for table `business_continuities_security_services`
--

LOCK TABLES `business_continuities_security_services` WRITE;
/*!40000 ALTER TABLE `business_continuities_security_services` DISABLE KEYS */;
/*!40000 ALTER TABLE `business_continuities_security_services` ENABLE KEYS */;
UNLOCK TABLES;

--
-- Table structure for table `business_continuities_threats`
--

DROP TABLE IF EXISTS `business_continuities_threats`;
/*!40101 SET @saved_cs_client     = @@character_set_client */;
/*!50503 SET character_set_client = utf8mb4 */;
CREATE TABLE `business_continuities_threats` (
  `id` int NOT NULL AUTO_INCREMENT,
  `business_continuity_id` int NOT NULL,
  `threat_id` int NOT NULL,
  PRIMARY KEY (`id`),
  KEY `threat_id` (`threat_id`),
  KEY `business_continuity_id` (`business_continuity_id`),
  CONSTRAINT `business_continuities_threats_ibfk_1` FOREIGN KEY (`threat_id`) REFERENCES `threats` (`id`) ON DELETE CASCADE ON UPDATE CASCADE,
  CONSTRAINT `business_continuities_threats_ibfk_2` FOREIGN KEY (`business_continuity_id`) REFERENCES `business_continuities` (`id`) ON DELETE CASCADE ON UPDATE CASCADE
) ENGINE=InnoDB DEFAULT CHARSET=utf8mb4 COLLATE=utf8mb4_unicode_ci;
/*!40101 SET character_set_client = @saved_cs_client */;

--
-- Dumping data for table `business_continuities_threats`
--

LOCK TABLES `business_continuities_threats` WRITE;
/*!40000 ALTER TABLE `business_continuities_threats` DISABLE KEYS */;
/*!40000 ALTER TABLE `business_continuities_threats` ENABLE KEYS */;
UNLOCK TABLES;

--
-- Table structure for table `business_continuities_vulnerabilities`
--

DROP TABLE IF EXISTS `business_continuities_vulnerabilities`;
/*!40101 SET @saved_cs_client     = @@character_set_client */;
/*!50503 SET character_set_client = utf8mb4 */;
CREATE TABLE `business_continuities_vulnerabilities` (
  `id` int NOT NULL AUTO_INCREMENT,
  `business_continuity_id` int NOT NULL,
  `vulnerability_id` int NOT NULL,
  PRIMARY KEY (`id`),
  KEY `vulnerability_id` (`vulnerability_id`),
  KEY `business_continuity_id` (`business_continuity_id`),
  CONSTRAINT `business_continuities_vulnerabilities_ibfk_1` FOREIGN KEY (`vulnerability_id`) REFERENCES `vulnerabilities` (`id`) ON DELETE CASCADE ON UPDATE CASCADE,
  CONSTRAINT `business_continuities_vulnerabilities_ibfk_2` FOREIGN KEY (`business_continuity_id`) REFERENCES `business_continuities` (`id`) ON DELETE CASCADE ON UPDATE CASCADE
) ENGINE=InnoDB DEFAULT CHARSET=utf8mb4 COLLATE=utf8mb4_unicode_ci;
/*!40101 SET character_set_client = @saved_cs_client */;

--
-- Dumping data for table `business_continuities_vulnerabilities`
--

LOCK TABLES `business_continuities_vulnerabilities` WRITE;
/*!40000 ALTER TABLE `business_continuities_vulnerabilities` DISABLE KEYS */;
/*!40000 ALTER TABLE `business_continuities_vulnerabilities` ENABLE KEYS */;
UNLOCK TABLES;

--
-- Table structure for table `business_continuity_plan_audit_dates`
--

DROP TABLE IF EXISTS `business_continuity_plan_audit_dates`;
/*!40101 SET @saved_cs_client     = @@character_set_client */;
/*!50503 SET character_set_client = utf8mb4 */;
CREATE TABLE `business_continuity_plan_audit_dates` (
  `id` int NOT NULL AUTO_INCREMENT,
  `business_continuity_plan_id` int NOT NULL,
  `day` int NOT NULL,
  `month` int NOT NULL,
  PRIMARY KEY (`id`),
  KEY `business_continuity_plan_id` (`business_continuity_plan_id`),
  CONSTRAINT `business_continuity_plan_audit_dates_ibfk_1` FOREIGN KEY (`business_continuity_plan_id`) REFERENCES `business_continuity_plans` (`id`) ON DELETE CASCADE ON UPDATE CASCADE
) ENGINE=InnoDB DEFAULT CHARSET=utf8mb4 COLLATE=utf8mb4_unicode_ci;
/*!40101 SET character_set_client = @saved_cs_client */;

--
-- Dumping data for table `business_continuity_plan_audit_dates`
--

LOCK TABLES `business_continuity_plan_audit_dates` WRITE;
/*!40000 ALTER TABLE `business_continuity_plan_audit_dates` DISABLE KEYS */;
/*!40000 ALTER TABLE `business_continuity_plan_audit_dates` ENABLE KEYS */;
UNLOCK TABLES;

--
-- Table structure for table `business_continuity_plan_audit_improvements`
--

DROP TABLE IF EXISTS `business_continuity_plan_audit_improvements`;
/*!40101 SET @saved_cs_client     = @@character_set_client */;
/*!50503 SET character_set_client = utf8mb4 */;
CREATE TABLE `business_continuity_plan_audit_improvements` (
  `id` int NOT NULL AUTO_INCREMENT,
  `business_continuity_plan_audit_id` int NOT NULL,
  `user_id` int NOT NULL,
  `created` datetime NOT NULL,
  PRIMARY KEY (`id`),
  KEY `user_id` (`user_id`),
  KEY `business_continuity_plan_audit_id` (`business_continuity_plan_audit_id`),
  CONSTRAINT `business_continuity_plan_audit_improvements_ibfk_1` FOREIGN KEY (`user_id`) REFERENCES `users` (`id`) ON DELETE CASCADE ON UPDATE CASCADE,
  CONSTRAINT `business_continuity_plan_audit_improvements_ibfk_2` FOREIGN KEY (`business_continuity_plan_audit_id`) REFERENCES `business_continuity_plan_audits` (`id`) ON DELETE CASCADE ON UPDATE CASCADE
) ENGINE=InnoDB DEFAULT CHARSET=utf8mb4 COLLATE=utf8mb4_unicode_ci;
/*!40101 SET character_set_client = @saved_cs_client */;

--
-- Dumping data for table `business_continuity_plan_audit_improvements`
--

LOCK TABLES `business_continuity_plan_audit_improvements` WRITE;
/*!40000 ALTER TABLE `business_continuity_plan_audit_improvements` DISABLE KEYS */;
/*!40000 ALTER TABLE `business_continuity_plan_audit_improvements` ENABLE KEYS */;
UNLOCK TABLES;

--
-- Table structure for table `business_continuity_plan_audit_improvements_projects`
--

DROP TABLE IF EXISTS `business_continuity_plan_audit_improvements_projects`;
/*!40101 SET @saved_cs_client     = @@character_set_client */;
/*!50503 SET character_set_client = utf8mb4 */;
CREATE TABLE `business_continuity_plan_audit_improvements_projects` (
  `id` int NOT NULL AUTO_INCREMENT,
  `business_continuity_plan_audit_improvement_id` int NOT NULL,
  `project_id` int NOT NULL,
  `created` datetime NOT NULL,
  PRIMARY KEY (`id`),
  KEY `project_id` (`project_id`),
  KEY `business_continuity_plan_audit_improvement_id` (`business_continuity_plan_audit_improvement_id`),
  CONSTRAINT `business_continuity_plan_audit_improvements_projects_ibfk_1` FOREIGN KEY (`project_id`) REFERENCES `projects` (`id`) ON DELETE CASCADE ON UPDATE CASCADE,
  CONSTRAINT `business_continuity_plan_audit_improvements_projects_ibfk_2` FOREIGN KEY (`business_continuity_plan_audit_improvement_id`) REFERENCES `business_continuity_plan_audit_improvements` (`id`) ON DELETE CASCADE ON UPDATE CASCADE
) ENGINE=InnoDB DEFAULT CHARSET=utf8mb4 COLLATE=utf8mb4_unicode_ci;
/*!40101 SET character_set_client = @saved_cs_client */;

--
-- Dumping data for table `business_continuity_plan_audit_improvements_projects`
--

LOCK TABLES `business_continuity_plan_audit_improvements_projects` WRITE;
/*!40000 ALTER TABLE `business_continuity_plan_audit_improvements_projects` DISABLE KEYS */;
/*!40000 ALTER TABLE `business_continuity_plan_audit_improvements_projects` ENABLE KEYS */;
UNLOCK TABLES;

--
-- Table structure for table `business_continuity_plan_audit_improvements_security_incidents`
--

DROP TABLE IF EXISTS `business_continuity_plan_audit_improvements_security_incidents`;
/*!40101 SET @saved_cs_client     = @@character_set_client */;
/*!50503 SET character_set_client = utf8mb4 */;
CREATE TABLE `business_continuity_plan_audit_improvements_security_incidents` (
  `id` int NOT NULL AUTO_INCREMENT,
  `business_continuity_plan_audit_improvement_id` int NOT NULL,
  `security_incident_id` int NOT NULL,
  `created` datetime NOT NULL,
  PRIMARY KEY (`id`),
  KEY `security_incident_id` (`security_incident_id`),
  KEY `business_continuity_plan_audit_improvement_id` (`business_continuity_plan_audit_improvement_id`),
  CONSTRAINT `business_continuity_plan_audit_improvements_incidents_ibfk_1` FOREIGN KEY (`security_incident_id`) REFERENCES `security_incidents` (`id`) ON DELETE CASCADE ON UPDATE CASCADE,
  CONSTRAINT `business_continuity_plan_audit_improvements_incidents_ibfk_2` FOREIGN KEY (`business_continuity_plan_audit_improvement_id`) REFERENCES `business_continuity_plan_audit_improvements` (`id`) ON DELETE CASCADE ON UPDATE CASCADE
) ENGINE=InnoDB DEFAULT CHARSET=utf8mb4 COLLATE=utf8mb4_unicode_ci;
/*!40101 SET character_set_client = @saved_cs_client */;

--
-- Dumping data for table `business_continuity_plan_audit_improvements_security_incidents`
--

LOCK TABLES `business_continuity_plan_audit_improvements_security_incidents` WRITE;
/*!40000 ALTER TABLE `business_continuity_plan_audit_improvements_security_incidents` DISABLE KEYS */;
/*!40000 ALTER TABLE `business_continuity_plan_audit_improvements_security_incidents` ENABLE KEYS */;
UNLOCK TABLES;

--
-- Table structure for table `business_continuity_plan_audits`
--

DROP TABLE IF EXISTS `business_continuity_plan_audits`;
/*!40101 SET @saved_cs_client     = @@character_set_client */;
/*!50503 SET character_set_client = utf8mb4 */;
CREATE TABLE `business_continuity_plan_audits` (
  `id` int NOT NULL AUTO_INCREMENT,
  `business_continuity_plan_id` int NOT NULL,
  `audit_metric_description` text COLLATE utf8mb4_unicode_ci NOT NULL,
  `audit_success_criteria` text COLLATE utf8mb4_unicode_ci NOT NULL,
  `result` int DEFAULT NULL,
  `result_description` text COLLATE utf8mb4_unicode_ci NOT NULL,
  `user_id` int DEFAULT NULL,
  `planned_date` date NOT NULL,
  `start_date` date DEFAULT NULL,
  `end_date` date DEFAULT NULL,
  `workflow_owner_id` int DEFAULT NULL,
  `workflow_status` int NOT NULL DEFAULT '0',
  `created` datetime NOT NULL,
  `modified` datetime NOT NULL,
  `edited` datetime DEFAULT NULL,
  `deleted` int NOT NULL DEFAULT '0',
  `deleted_date` datetime DEFAULT NULL,
  PRIMARY KEY (`id`),
  KEY `business_continuity_plan_id` (`business_continuity_plan_id`),
  KEY `user_id` (`user_id`),
  CONSTRAINT `business_continuity_plan_audits_ibfk_1` FOREIGN KEY (`business_continuity_plan_id`) REFERENCES `business_continuity_plans` (`id`) ON DELETE CASCADE ON UPDATE CASCADE,
  CONSTRAINT `business_continuity_plan_audits_ibfk_2` FOREIGN KEY (`user_id`) REFERENCES `users` (`id`) ON DELETE RESTRICT ON UPDATE CASCADE
) ENGINE=InnoDB DEFAULT CHARSET=utf8mb4 COLLATE=utf8mb4_unicode_ci;
/*!40101 SET character_set_client = @saved_cs_client */;

--
-- Dumping data for table `business_continuity_plan_audits`
--

LOCK TABLES `business_continuity_plan_audits` WRITE;
/*!40000 ALTER TABLE `business_continuity_plan_audits` DISABLE KEYS */;
/*!40000 ALTER TABLE `business_continuity_plan_audits` ENABLE KEYS */;
UNLOCK TABLES;

--
-- Table structure for table `business_continuity_plans`
--

DROP TABLE IF EXISTS `business_continuity_plans`;
/*!40101 SET @saved_cs_client     = @@character_set_client */;
/*!50503 SET character_set_client = utf8mb4 */;
CREATE TABLE `business_continuity_plans` (
  `id` int NOT NULL AUTO_INCREMENT,
  `title` varchar(255) COLLATE utf8mb4_unicode_ci NOT NULL DEFAULT '',
  `objective` text COLLATE utf8mb4_unicode_ci NOT NULL,
  `audit_metric` text COLLATE utf8mb4_unicode_ci NOT NULL,
  `audit_success_criteria` text COLLATE utf8mb4_unicode_ci NOT NULL,
  `launch_criteria` text COLLATE utf8mb4_unicode_ci NOT NULL,
  `security_service_type_id` int DEFAULT NULL,
  `opex` float NOT NULL,
  `capex` float NOT NULL,
  `resource_utilization` int NOT NULL,
  `regular_review` date NOT NULL,
  `awareness_recurrence` varchar(150) COLLATE utf8mb4_unicode_ci DEFAULT NULL,
  `audit_calendar_type` int NOT NULL DEFAULT '0',
  `audit_calendar_recurrence_start_date` date DEFAULT NULL,
  `audit_calendar_recurrence_frequency` int DEFAULT NULL,
  `audit_calendar_recurrence_period` int DEFAULT NULL,
  `audits_all_done` int NOT NULL,
  `audits_last_missing` int NOT NULL,
  `audits_last_passed` int NOT NULL,
  `audits_improvements` int NOT NULL,
  `ongoing_corrective_actions` int NOT NULL DEFAULT '0',
  `workflow_owner_id` int DEFAULT NULL,
  `workflow_status` int NOT NULL DEFAULT '0',
  `created` datetime NOT NULL,
  `modified` datetime NOT NULL,
  `edited` datetime DEFAULT NULL,
  `deleted` int NOT NULL DEFAULT '0',
  `deleted_date` datetime DEFAULT NULL,
  PRIMARY KEY (`id`),
  KEY `security_service_type_id` (`security_service_type_id`),
  FULLTEXT KEY `title` (`title`),
  CONSTRAINT `business_continuity_plans_ibfk_1` FOREIGN KEY (`security_service_type_id`) REFERENCES `security_service_types` (`id`) ON DELETE SET NULL ON UPDATE CASCADE
) ENGINE=InnoDB DEFAULT CHARSET=utf8mb4 COLLATE=utf8mb4_unicode_ci;
/*!40101 SET character_set_client = @saved_cs_client */;

--
-- Dumping data for table `business_continuity_plans`
--

LOCK TABLES `business_continuity_plans` WRITE;
/*!40000 ALTER TABLE `business_continuity_plans` DISABLE KEYS */;
/*!40000 ALTER TABLE `business_continuity_plans` ENABLE KEYS */;
UNLOCK TABLES;

--
-- Table structure for table `business_continuity_task_reminders`
--

DROP TABLE IF EXISTS `business_continuity_task_reminders`;
/*!40101 SET @saved_cs_client     = @@character_set_client */;
/*!50503 SET character_set_client = utf8mb4 */;
CREATE TABLE `business_continuity_task_reminders` (
  `id` int NOT NULL AUTO_INCREMENT,
  `business_continuity_task_id` int NOT NULL,
  `user_id` int NOT NULL,
  `seen` tinyint(1) NOT NULL DEFAULT '0',
  `acknowledged` tinyint(1) NOT NULL DEFAULT '0',
  `created` datetime NOT NULL,
  `modified` datetime NOT NULL,
  PRIMARY KEY (`id`),
  KEY `business_continuity_task_id` (`business_continuity_task_id`),
  CONSTRAINT `business_continuity_task_reminders_ibfk_1` FOREIGN KEY (`business_continuity_task_id`) REFERENCES `business_continuity_tasks` (`id`) ON DELETE CASCADE ON UPDATE CASCADE
) ENGINE=InnoDB DEFAULT CHARSET=utf8mb4 COLLATE=utf8mb4_unicode_ci;
/*!40101 SET character_set_client = @saved_cs_client */;

--
-- Dumping data for table `business_continuity_task_reminders`
--

LOCK TABLES `business_continuity_task_reminders` WRITE;
/*!40000 ALTER TABLE `business_continuity_task_reminders` DISABLE KEYS */;
/*!40000 ALTER TABLE `business_continuity_task_reminders` ENABLE KEYS */;
UNLOCK TABLES;

--
-- Table structure for table `business_continuity_tasks`
--

DROP TABLE IF EXISTS `business_continuity_tasks`;
/*!40101 SET @saved_cs_client     = @@character_set_client */;
/*!50503 SET character_set_client = utf8mb4 */;
CREATE TABLE `business_continuity_tasks` (
  `id` int NOT NULL AUTO_INCREMENT,
  `business_continuity_plan_id` int NOT NULL,
  `step` int NOT NULL,
  `when` text COLLATE utf8mb4_unicode_ci NOT NULL,
  `who` text COLLATE utf8mb4_unicode_ci NOT NULL,
  `does` text COLLATE utf8mb4_unicode_ci NOT NULL,
  `where` text COLLATE utf8mb4_unicode_ci NOT NULL,
  `how` text COLLATE utf8mb4_unicode_ci NOT NULL,
  `workflow_status` int NOT NULL DEFAULT '0',
  `workflow_owner_id` int DEFAULT NULL,
  `created` datetime NOT NULL,
  `modified` datetime NOT NULL,
  `edited` datetime DEFAULT NULL,
  `deleted` int NOT NULL DEFAULT '0',
  `deleted_date` datetime DEFAULT NULL,
  PRIMARY KEY (`id`),
  KEY `business_continuity_plan_id` (`business_continuity_plan_id`),
  CONSTRAINT `business_continuity_tasks_ibfk_1` FOREIGN KEY (`business_continuity_plan_id`) REFERENCES `business_continuity_plans` (`id`) ON DELETE CASCADE ON UPDATE CASCADE
) ENGINE=InnoDB DEFAULT CHARSET=utf8mb4 COLLATE=utf8mb4_unicode_ci;
/*!40101 SET character_set_client = @saved_cs_client */;

--
-- Dumping data for table `business_continuity_tasks`
--

LOCK TABLES `business_continuity_tasks` WRITE;
/*!40000 ALTER TABLE `business_continuity_tasks` DISABLE KEYS */;
/*!40000 ALTER TABLE `business_continuity_tasks` ENABLE KEYS */;
UNLOCK TABLES;

--
-- Table structure for table `business_units`
--

DROP TABLE IF EXISTS `business_units`;
/*!40101 SET @saved_cs_client     = @@character_set_client */;
/*!50503 SET character_set_client = utf8mb4 */;
CREATE TABLE `business_units` (
  `id` int NOT NULL AUTO_INCREMENT,
  `name` varchar(255) COLLATE utf8mb4_unicode_ci NOT NULL DEFAULT '',
  `description` text COLLATE utf8mb4_unicode_ci NOT NULL,
  `workflow_status` int NOT NULL DEFAULT '0',
  `workflow_owner_id` int DEFAULT NULL,
  `_hidden` int NOT NULL DEFAULT '0',
  `created` datetime NOT NULL,
  `modified` datetime NOT NULL,
  `edited` datetime DEFAULT NULL,
  `deleted` int NOT NULL DEFAULT '0',
  `deleted_date` datetime DEFAULT NULL,
  PRIMARY KEY (`id`),
  FULLTEXT KEY `name` (`name`)
) ENGINE=InnoDB DEFAULT CHARSET=utf8mb4 COLLATE=utf8mb4_unicode_ci;
/*!40101 SET character_set_client = @saved_cs_client */;

--
-- Dumping data for table `business_units`
--

LOCK TABLES `business_units` WRITE;
/*!40000 ALTER TABLE `business_units` DISABLE KEYS */;
/*!40000 ALTER TABLE `business_units` ENABLE KEYS */;
UNLOCK TABLES;

--
-- Table structure for table `business_units_data_assets`
--

DROP TABLE IF EXISTS `business_units_data_assets`;
/*!40101 SET @saved_cs_client     = @@character_set_client */;
/*!50503 SET character_set_client = utf8mb4 */;
CREATE TABLE `business_units_data_assets` (
  `id` int NOT NULL AUTO_INCREMENT,
  `business_unit_id` int NOT NULL,
  `data_asset_id` int NOT NULL,
  PRIMARY KEY (`id`)
) ENGINE=InnoDB DEFAULT CHARSET=utf8mb4 COLLATE=utf8mb4_unicode_ci;
/*!40101 SET character_set_client = @saved_cs_client */;

--
-- Dumping data for table `business_units_data_assets`
--

LOCK TABLES `business_units_data_assets` WRITE;
/*!40000 ALTER TABLE `business_units_data_assets` DISABLE KEYS */;
/*!40000 ALTER TABLE `business_units_data_assets` ENABLE KEYS */;
UNLOCK TABLES;

--
-- Table structure for table `business_units_legals`
--

DROP TABLE IF EXISTS `business_units_legals`;
/*!40101 SET @saved_cs_client     = @@character_set_client */;
/*!50503 SET character_set_client = utf8mb4 */;
CREATE TABLE `business_units_legals` (
  `id` int NOT NULL AUTO_INCREMENT,
  `business_unit_id` int NOT NULL,
  `legal_id` int NOT NULL,
  PRIMARY KEY (`id`),
  KEY `legal_id` (`legal_id`),
  KEY `business_unit_id` (`business_unit_id`),
  CONSTRAINT `business_units_legals_ibfk_1` FOREIGN KEY (`legal_id`) REFERENCES `legals` (`id`) ON DELETE CASCADE ON UPDATE CASCADE,
  CONSTRAINT `business_units_legals_ibfk_2` FOREIGN KEY (`business_unit_id`) REFERENCES `business_units` (`id`) ON DELETE CASCADE ON UPDATE CASCADE
) ENGINE=InnoDB DEFAULT CHARSET=utf8mb4 COLLATE=utf8mb4_unicode_ci;
/*!40101 SET character_set_client = @saved_cs_client */;

--
-- Dumping data for table `business_units_legals`
--

LOCK TABLES `business_units_legals` WRITE;
/*!40000 ALTER TABLE `business_units_legals` DISABLE KEYS */;
/*!40000 ALTER TABLE `business_units_legals` ENABLE KEYS */;
UNLOCK TABLES;

--
-- Table structure for table `cake_sessions`
--

DROP TABLE IF EXISTS `cake_sessions`;
/*!40101 SET @saved_cs_client     = @@character_set_client */;
/*!50503 SET character_set_client = utf8mb4 */;
CREATE TABLE `cake_sessions` (
  `id` varchar(255) COLLATE utf8mb4_unicode_ci NOT NULL DEFAULT '',
  `data` text COLLATE utf8mb4_unicode_ci,
  `expires` int DEFAULT NULL,
  PRIMARY KEY (`id`)
) ENGINE=InnoDB DEFAULT CHARSET=utf8mb4 COLLATE=utf8mb4_unicode_ci;
/*!40101 SET character_set_client = @saved_cs_client */;

--
-- Dumping data for table `cake_sessions`
--

LOCK TABLES `cake_sessions` WRITE;
/*!40000 ALTER TABLE `cake_sessions` DISABLE KEYS */;
INSERT INTO `cake_sessions` VALUES ('spg95skr9cuggep732opi7bjqh','Config|a:1:{s:4:\"time\";i:1674039985;}Flash|a:0:{}WidgetForm|a:1:{s:27:\"CompliancePackageRegulators\";a:1:{s:7:\"default\";a:3:{s:6:\"params\";a:2:{i:0;s:27:\"CompliancePackageRegulators\";i:1;s:36:\"84a7b6ef-22e2-43f7-8c9a-c02f794e2c40\";}s:3:\"tmp\";b:1;s:4:\"auth\";b:1;}}}Auth|O:21:\"App\\Model\\Entity\\User\":11:{s:10:\"\0*\0_fields\";a:23:{s:2:\"id\";i:1;s:4:\"name\";s:10:\"Admin_test\";s:7:\"surname\";s:5:\"Admin\";s:5:\"email\";s:16:\"admin@eramba.org\";s:5:\"login\";s:5:\"admin\";s:8:\"password\";s:60:\"$2y$10$UTTHvRaPFWpcUAY7hdT5yuiWbsSawPHZlom.wz8o2/fsRGIHFBCUK\";s:8:\"language\";s:3:\"eng\";s:6:\"status\";i:1;s:7:\"blocked\";i:0;s:13:\"local_account\";i:1;s:9:\"api_allow\";i:0;s:16:\"default_password\";i:0;s:13:\"account_ready\";i:1;s:9:\"ldap_sync\";i:0;s:23:\"ldap_synchronization_id\";N;s:7:\"created\";O:20:\"Cake\\I18n\\FrozenTime\":3:{s:4:\"date\";s:26:\"2023-01-17 19:26:05.000000\";s:13:\"timezone_type\";i:3;s:8:\"timezone\";s:3:\"UTC\";}s:8:\"modified\";O:20:\"Cake\\I18n\\FrozenTime\":3:{s:4:\"date\";s:26:\"2023-01-18 10:51:28.000000\";s:13:\"timezone_type\";i:3;s:8:\"timezone\";s:3:\"UTC\";}s:6:\"edited\";N;s:11:\"custom_user\";O:40:\"CustomRoles\\Model\\Entity\\CustomRolesUser\":10:{s:10:\"\0*\0_fields\";a:3:{s:2:\"id\";i:1;s:7:\"user_id\";i:1;s:7:\"created\";O:20:\"Cake\\I18n\\FrozenTime\":3:{s:4:\"date\";s:26:\"2019-05-21 12:35:44.000000\";s:13:\"timezone_type\";i:3;s:8:\"timezone\";s:3:\"UTC\";}}s:12:\"\0*\0_original\";a:0:{}s:10:\"\0*\0_hidden\";a:0:{}s:11:\"\0*\0_virtual\";a:0:{}s:9:\"\0*\0_dirty\";a:0:{}s:7:\"\0*\0_new\";b:0;s:10:\"\0*\0_errors\";a:0:{}s:11:\"\0*\0_invalid\";a:0:{}s:14:\"\0*\0_accessible\";a:2:{s:7:\"user_id\";b:1;s:7:\"created\";b:1;}s:17:\"\0*\0_registryAlias\";s:22:\"CustomRoles.CustomUser\";}s:7:\"portals\";a:3:{i:0;O:23:\"App\\Model\\Entity\\Portal\":10:{s:10:\"\0*\0_fields\";a:3:{s:2:\"id\";i:1;s:4:\"name\";s:4:\"main\";s:9:\"_joinData\";O:15:\"Cake\\ORM\\Entity\":10:{s:10:\"\0*\0_fields\";a:5:{s:2:\"id\";i:1;s:7:\"user_id\";i:1;s:9:\"portal_id\";i:1;s:7:\"created\";O:20:\"Cake\\I18n\\FrozenTime\":3:{s:4:\"date\";s:26:\"2019-05-21 12:35:33.000000\";s:13:\"timezone_type\";i:3;s:8:\"timezone\";s:3:\"UTC\";}s:8:\"modified\";O:20:\"Cake\\I18n\\FrozenTime\":3:{s:4:\"date\";s:26:\"2019-05-21 12:35:33.000000\";s:13:\"timezone_type\";i:3;s:8:\"timezone\";s:3:\"UTC\";}}s:12:\"\0*\0_original\";a:0:{}s:10:\"\0*\0_hidden\";a:0:{}s:11:\"\0*\0_virtual\";a:0:{}s:9:\"\0*\0_dirty\";a:0:{}s:7:\"\0*\0_new\";b:0;s:10:\"\0*\0_errors\";a:0:{}s:11:\"\0*\0_invalid\";a:0:{}s:14:\"\0*\0_accessible\";a:1:{s:1:\"*\";b:1;}s:17:\"\0*\0_registryAlias\";s:12:\"UsersPortals\";}}s:12:\"\0*\0_original\";a:0:{}s:10:\"\0*\0_hidden\";a:0:{}s:11:\"\0*\0_virtual\";a:0:{}s:9:\"\0*\0_dirty\";a:0:{}s:7:\"\0*\0_new\";b:0;s:10:\"\0*\0_errors\";a:0:{}s:11:\"\0*\0_invalid\";a:0:{}s:14:\"\0*\0_accessible\";a:2:{s:2:\"id\";b:0;s:4:\"name\";b:1;}s:17:\"\0*\0_registryAlias\";s:7:\"Portals\";}i:1;O:23:\"App\\Model\\Entity\\Portal\":10:{s:10:\"\0*\0_fields\";a:3:{s:2:\"id\";i:2;s:4:\"name\";s:18:\"vendor_assessments\";s:9:\"_joinData\";O:15:\"Cake\\ORM\\Entity\":10:{s:10:\"\0*\0_fields\";a:5:{s:2:\"id\";i:2;s:7:\"user_id\";i:1;s:9:\"portal_id\";i:2;s:7:\"created\";O:20:\"Cake\\I18n\\FrozenTime\":3:{s:4:\"date\";s:26:\"2022-01-01 12:34:56.000000\";s:13:\"timezone_type\";i:3;s:8:\"timezone\";s:3:\"UTC\";}s:8:\"modified\";O:20:\"Cake\\I18n\\FrozenTime\":3:{s:4:\"date\";s:26:\"2022-01-01 12:34:56.000000\";s:13:\"timezone_type\";i:3;s:8:\"timezone\";s:3:\"UTC\";}}s:12:\"\0*\0_original\";a:0:{}s:10:\"\0*\0_hidden\";a:0:{}s:11:\"\0*\0_virtual\";a:0:{}s:9:\"\0*\0_dirty\";a:0:{}s:7:\"\0*\0_new\";b:0;s:10:\"\0*\0_errors\";a:0:{}s:11:\"\0*\0_invalid\";a:0:{}s:14:\"\0*\0_accessible\";a:1:{s:1:\"*\";b:1;}s:17:\"\0*\0_registryAlias\";s:12:\"UsersPortals\";}}s:12:\"\0*\0_original\";a:0:{}s:10:\"\0*\0_hidden\";a:0:{}s:11:\"\0*\0_virtual\";a:0:{}s:9:\"\0*\0_dirty\";a:0:{}s:7:\"\0*\0_new\";b:0;s:10:\"\0*\0_errors\";a:0:{}s:11:\"\0*\0_invalid\";a:0:{}s:14:\"\0*\0_accessible\";a:2:{s:2:\"id\";b:0;s:4:\"name\";b:1;}s:17:\"\0*\0_registryAlias\";s:7:\"Portals\";}i:2;O:23:\"App\\Model\\Entity\\Portal\":10:{s:10:\"\0*\0_fields\";a:3:{s:2:\"id\";i:3;s:4:\"name\";s:15:\"account_reviews\";s:9:\"_joinData\";O:15:\"Cake\\ORM\\Entity\":10:{s:10:\"\0*\0_fields\";a:5:{s:2:\"id\";i:3;s:7:\"user_id\";i:1;s:9:\"portal_id\";i:3;s:7:\"created\";O:20:\"Cake\\I18n\\FrozenTime\":3:{s:4:\"date\";s:26:\"2022-01-01 12:34:56.000000\";s:13:\"timezone_type\";i:3;s:8:\"timezone\";s:3:\"UTC\";}s:8:\"modified\";O:20:\"Cake\\I18n\\FrozenTime\":3:{s:4:\"date\";s:26:\"2022-01-01 12:34:56.000000\";s:13:\"timezone_type\";i:3;s:8:\"timezone\";s:3:\"UTC\";}}s:12:\"\0*\0_original\";a:0:{}s:10:\"\0*\0_hidden\";a:0:{}s:11:\"\0*\0_virtual\";a:0:{}s:9:\"\0*\0_dirty\";a:0:{}s:7:\"\0*\0_new\";b:0;s:10:\"\0*\0_errors\";a:0:{}s:11:\"\0*\0_invalid\";a:0:{}s:14:\"\0*\0_accessible\";a:1:{s:1:\"*\";b:1;}s:17:\"\0*\0_registryAlias\";s:12:\"UsersPortals\";}}s:12:\"\0*\0_original\";a:0:{}s:10:\"\0*\0_hidden\";a:0:{}s:11:\"\0*\0_virtual\";a:0:{}s:9:\"\0*\0_dirty\";a:0:{}s:7:\"\0*\0_new\";b:0;s:10:\"\0*\0_errors\";a:0:{}s:11:\"\0*\0_invalid\";a:0:{}s:14:\"\0*\0_accessible\";a:2:{s:2:\"id\";b:0;s:4:\"name\";b:1;}s:17:\"\0*\0_registryAlias\";s:7:\"Portals\";}}s:6:\"groups\";a:1:{i:0;O:22:\"App\\Model\\Entity\\Group\":10:{s:10:\"\0*\0_fields\";a:10:{s:2:\"id\";i:10;s:4:\"name\";s:5:\"Admin\";s:11:\"description\";s:106:\"This is a system message, this group might not have updated ACLs please make sure you edit and review them\";s:6:\"status\";i:1;s:4:\"slug\";s:5:\"ADMIN\";s:7:\"created\";O:20:\"Cake\\I18n\\FrozenTime\":3:{s:4:\"date\";s:26:\"2013-10-14 16:18:08.000000\";s:13:\"timezone_type\";i:3;s:8:\"timezone\";s:3:\"UTC\";}s:8:\"modified\";O:20:\"Cake\\I18n\\FrozenTime\":3:{s:4:\"date\";s:26:\"2013-10-14 16:18:08.000000\";s:13:\"timezone_type\";i:3;s:8:\"timezone\";s:3:\"UTC\";}s:6:\"edited\";N;s:9:\"_joinData\";O:15:\"Cake\\ORM\\Entity\":10:{s:10:\"\0*\0_fields\";a:3:{s:2:\"id\";i:1;s:7:\"user_id\";i:1;s:8:\"group_id\";i:10;}s:12:\"\0*\0_original\";a:0:{}s:10:\"\0*\0_hidden\";a:0:{}s:11:\"\0*\0_virtual\";a:0:{}s:9:\"\0*\0_dirty\";a:0:{}s:7:\"\0*\0_new\";b:0;s:10:\"\0*\0_errors\";a:0:{}s:11:\"\0*\0_invalid\";a:0:{}s:14:\"\0*\0_accessible\";a:1:{s:1:\"*\";b:1;}s:17:\"\0*\0_registryAlias\";s:11:\"UsersGroups\";}s:12:\"custom_group\";O:41:\"CustomRoles\\Model\\Entity\\CustomRolesGroup\":10:{s:10:\"\0*\0_fields\";a:3:{s:2:\"id\";i:1;s:8:\"group_id\";i:10;s:7:\"created\";O:20:\"Cake\\I18n\\FrozenTime\":3:{s:4:\"date\";s:26:\"2019-05-21 12:35:44.000000\";s:13:\"timezone_type\";i:3;s:8:\"timezone\";s:3:\"UTC\";}}s:12:\"\0*\0_original\";a:0:{}s:10:\"\0*\0_hidden\";a:0:{}s:11:\"\0*\0_virtual\";a:0:{}s:9:\"\0*\0_dirty\";a:0:{}s:7:\"\0*\0_new\";b:0;s:10:\"\0*\0_errors\";a:0:{}s:11:\"\0*\0_invalid\";a:0:{}s:14:\"\0*\0_accessible\";a:2:{s:8:\"group_id\";b:1;s:7:\"created\";b:1;}s:17:\"\0*\0_registryAlias\";s:23:\"CustomRoles.CustomGroup\";}}s:12:\"\0*\0_original\";a:0:{}s:10:\"\0*\0_hidden\";a:0:{}s:11:\"\0*\0_virtual\";a:0:{}s:9:\"\0*\0_dirty\";a:0:{}s:7:\"\0*\0_new\";b:0;s:10:\"\0*\0_errors\";a:0:{}s:11:\"\0*\0_invalid\";a:0:{}s:14:\"\0*\0_accessible\";a:2:{s:1:\"*\";b:1;s:2:\"id\";b:0;}s:17:\"\0*\0_registryAlias\";s:6:\"Groups\";}}s:13:\"_matchingData\";a:2:{s:7:\"Portals\";O:23:\"App\\Model\\Entity\\Portal\":10:{s:10:\"\0*\0_fields\";a:2:{s:2:\"id\";i:1;s:4:\"name\";s:4:\"main\";}s:12:\"\0*\0_original\";a:0:{}s:10:\"\0*\0_hidden\";a:0:{}s:11:\"\0*\0_virtual\";a:0:{}s:9:\"\0*\0_dirty\";a:0:{}s:7:\"\0*\0_new\";b:0;s:10:\"\0*\0_errors\";a:0:{}s:11:\"\0*\0_invalid\";a:0:{}s:14:\"\0*\0_accessible\";a:2:{s:2:\"id\";b:0;s:4:\"name\";b:1;}s:17:\"\0*\0_registryAlias\";s:7:\"Portals\";}s:12:\"UsersPortals\";O:15:\"Cake\\ORM\\Entity\":10:{s:10:\"\0*\0_fields\";a:5:{s:2:\"id\";i:1;s:7:\"user_id\";i:1;s:9:\"portal_id\";i:1;s:7:\"created\";O:20:\"Cake\\I18n\\FrozenTime\":3:{s:4:\"date\";s:26:\"2019-05-21 12:35:33.000000\";s:13:\"timezone_type\";i:3;s:8:\"timezone\";s:3:\"UTC\";}s:8:\"modified\";O:20:\"Cake\\I18n\\FrozenTime\":3:{s:4:\"date\";s:26:\"2019-05-21 12:35:33.000000\";s:13:\"timezone_type\";i:3;s:8:\"timezone\";s:3:\"UTC\";}}s:12:\"\0*\0_original\";a:0:{}s:10:\"\0*\0_hidden\";a:0:{}s:11:\"\0*\0_virtual\";a:0:{}s:9:\"\0*\0_dirty\";a:0:{}s:7:\"\0*\0_new\";b:0;s:10:\"\0*\0_errors\";a:0:{}s:11:\"\0*\0_invalid\";a:0:{}s:14:\"\0*\0_accessible\";a:1:{s:1:\"*\";b:1;}s:17:\"\0*\0_registryAlias\";s:12:\"UsersPortals\";}}s:22:\"autoUpdatePendingShown\";b:1;}s:12:\"\0*\0_original\";a:0:{}s:10:\"\0*\0_hidden\";a:1:{i:0;s:8:\"password\";}s:11:\"\0*\0_virtual\";a:0:{}s:9:\"\0*\0_dirty\";a:1:{s:22:\"autoUpdatePendingShown\";b:1;}s:7:\"\0*\0_new\";b:0;s:10:\"\0*\0_errors\";a:0:{}s:11:\"\0*\0_invalid\";a:0:{}s:14:\"\0*\0_accessible\";a:2:{s:1:\"*\";b:1;s:2:\"id\";b:0;}s:17:\"\0*\0_registryAlias\";s:5:\"Users\";s:16:\"\0*\0authorization\";O:34:\"Authorization\\AuthorizationService\":2:{s:11:\"\0*\0resolver\";O:39:\"Authorization\\Policy\\ResolverCollection\":1:{s:12:\"\0*\0resolvers\";a:2:{i:0;O:32:\"Authorization\\Policy\\MapResolver\":1:{s:6:\"\0*\0map\";a:7:{s:35:\"Attachments\\Model\\Entity\\Attachment\";O:40:\"AccessControl\\Policy\\AccessControlPolicy\":1:{s:9:\"\0*\0portal\";i:1;}s:29:\"Comments\\Model\\Entity\\Comment\";O:40:\"AccessControl\\Policy\\AccessControlPolicy\":1:{s:9:\"\0*\0portal\";i:1;}s:26:\"App\\Model\\Table\\RisksTable\";O:22:\"App\\Policy\\RisksPolicy\":1:{s:9:\"\0*\0portal\";i:1;}s:36:\"App\\Model\\Table\\ThirdPartyRisksTable\";O:32:\"App\\Policy\\ThirdPartyRisksPolicy\":1:{s:9:\"\0*\0portal\";i:1;}s:41:\"App\\Model\\Table\\BusinessContinuitiesTable\";O:37:\"App\\Policy\\BusinessContinuitiesPolicy\":1:{s:9:\"\0*\0portal\";i:1;}s:31:\"Ldap\\Model\\Entity\\LdapConnector\";O:32:\"Ldap\\Policy\\LdapConnectorsPolicy\":1:{s:9:\"\0*\0portal\";i:1;}s:36:\"Ldap\\Model\\Table\\LdapConnectorsTable\";O:32:\"Ldap\\Policy\\LdapConnectorsPolicy\":1:{s:9:\"\0*\0portal\";i:1;}}}i:1;O:42:\"AccessControl\\Policy\\AccessControlResolver\":1:{s:9:\"\0*\0portal\";i:1;}}}s:23:\"\0*\0authorizationChecked\";b:1;}}',1674047185);
/*!40000 ALTER TABLE `cake_sessions` ENABLE KEYS */;
UNLOCK TABLES;

--
-- Table structure for table `comments`
--

DROP TABLE IF EXISTS `comments`;
/*!40101 SET @saved_cs_client     = @@character_set_client */;
/*!50503 SET character_set_client = utf8mb4 */;
CREATE TABLE `comments` (
  `id` int NOT NULL AUTO_INCREMENT,
  `type` int NOT NULL DEFAULT '0',
  `hash` varchar(255) COLLATE utf8mb4_unicode_ci NOT NULL DEFAULT '',
  `model` varchar(150) COLLATE utf8mb4_unicode_ci NOT NULL,
  `foreign_key` int DEFAULT NULL,
  `message` text COLLATE utf8mb4_unicode_ci NOT NULL,
  `user_id` int NOT NULL,
  `latest` int NOT NULL DEFAULT '0',
  `created` datetime NOT NULL,
  `modified` datetime NOT NULL,
  PRIMARY KEY (`id`),
  KEY `user_id` (`user_id`),
  CONSTRAINT `comments_ibfk_1` FOREIGN KEY (`user_id`) REFERENCES `users` (`id`) ON DELETE CASCADE ON UPDATE CASCADE
) ENGINE=InnoDB DEFAULT CHARSET=utf8mb4 COLLATE=utf8mb4_unicode_ci;
/*!40101 SET character_set_client = @saved_cs_client */;

--
-- Dumping data for table `comments`
--

LOCK TABLES `comments` WRITE;
/*!40000 ALTER TABLE `comments` DISABLE KEYS */;
/*!40000 ALTER TABLE `comments` ENABLE KEYS */;
UNLOCK TABLES;

--
-- Table structure for table `compliance_analysis_findings`
--

DROP TABLE IF EXISTS `compliance_analysis_findings`;
/*!40101 SET @saved_cs_client     = @@character_set_client */;
/*!50503 SET character_set_client = utf8mb4 */;
CREATE TABLE `compliance_analysis_findings` (
  `id` int NOT NULL AUTO_INCREMENT,
  `title` varchar(255) COLLATE utf8mb4_unicode_ci NOT NULL DEFAULT '',
  `description` text COLLATE utf8mb4_unicode_ci NOT NULL,
  `due_date` date DEFAULT NULL,
  `expired` int NOT NULL DEFAULT '0',
  `status` int NOT NULL DEFAULT '1',
  `created` datetime NOT NULL,
  `modified` datetime NOT NULL,
  `edited` datetime DEFAULT NULL,
  `deleted` int NOT NULL DEFAULT '0',
  `deleted_date` datetime DEFAULT NULL,
  PRIMARY KEY (`id`),
  FULLTEXT KEY `title` (`title`)
) ENGINE=InnoDB DEFAULT CHARSET=utf8mb4 COLLATE=utf8mb4_unicode_ci;
/*!40101 SET character_set_client = @saved_cs_client */;

--
-- Dumping data for table `compliance_analysis_findings`
--

LOCK TABLES `compliance_analysis_findings` WRITE;
/*!40000 ALTER TABLE `compliance_analysis_findings` DISABLE KEYS */;
/*!40000 ALTER TABLE `compliance_analysis_findings` ENABLE KEYS */;
UNLOCK TABLES;

--
-- Table structure for table `compliance_analysis_findings_compliance_managements`
--

DROP TABLE IF EXISTS `compliance_analysis_findings_compliance_managements`;
/*!40101 SET @saved_cs_client     = @@character_set_client */;
/*!50503 SET character_set_client = utf8mb4 */;
CREATE TABLE `compliance_analysis_findings_compliance_managements` (
  `id` int NOT NULL AUTO_INCREMENT,
  `compliance_analysis_finding_id` int NOT NULL,
  `compliance_management_id` int NOT NULL,
  PRIMARY KEY (`id`),
  KEY `compliance_management_id` (`compliance_management_id`),
  KEY `compliance_analysis_finding_id` (`compliance_analysis_finding_id`),
  CONSTRAINT `compliance_analysis_findings_compliance_managements_ibfk_1` FOREIGN KEY (`compliance_management_id`) REFERENCES `compliance_managements` (`id`) ON DELETE CASCADE ON UPDATE CASCADE,
  CONSTRAINT `compliance_analysis_findings_compliance_managements_ibfk_2` FOREIGN KEY (`compliance_analysis_finding_id`) REFERENCES `compliance_analysis_findings` (`id`) ON DELETE CASCADE ON UPDATE CASCADE
) ENGINE=InnoDB DEFAULT CHARSET=utf8mb4 COLLATE=utf8mb4_unicode_ci;
/*!40101 SET character_set_client = @saved_cs_client */;

--
-- Dumping data for table `compliance_analysis_findings_compliance_managements`
--

LOCK TABLES `compliance_analysis_findings_compliance_managements` WRITE;
/*!40000 ALTER TABLE `compliance_analysis_findings_compliance_managements` DISABLE KEYS */;
/*!40000 ALTER TABLE `compliance_analysis_findings_compliance_managements` ENABLE KEYS */;
UNLOCK TABLES;

--
-- Table structure for table `compliance_analysis_findings_compliance_package_items`
--

DROP TABLE IF EXISTS `compliance_analysis_findings_compliance_package_items`;
/*!40101 SET @saved_cs_client     = @@character_set_client */;
/*!50503 SET character_set_client = utf8mb4 */;
CREATE TABLE `compliance_analysis_findings_compliance_package_items` (
  `id` int NOT NULL AUTO_INCREMENT,
  `compliance_analysis_finding_id` int NOT NULL,
  `compliance_package_item_id` int NOT NULL,
  PRIMARY KEY (`id`),
  KEY `compliance_package_item_id` (`compliance_package_item_id`),
  KEY `compliance_analysis_finding_id` (`compliance_analysis_finding_id`),
  CONSTRAINT `compliance_analysis_findings_compliance_package_items_ibfk_1` FOREIGN KEY (`compliance_package_item_id`) REFERENCES `compliance_package_items` (`id`) ON DELETE CASCADE ON UPDATE CASCADE,
  CONSTRAINT `compliance_analysis_findings_compliance_package_items_ibfk_2` FOREIGN KEY (`compliance_analysis_finding_id`) REFERENCES `compliance_analysis_findings` (`id`) ON DELETE CASCADE ON UPDATE CASCADE
) ENGINE=InnoDB DEFAULT CHARSET=utf8mb4 COLLATE=utf8mb4_unicode_ci;
/*!40101 SET character_set_client = @saved_cs_client */;

--
-- Dumping data for table `compliance_analysis_findings_compliance_package_items`
--

LOCK TABLES `compliance_analysis_findings_compliance_package_items` WRITE;
/*!40000 ALTER TABLE `compliance_analysis_findings_compliance_package_items` DISABLE KEYS */;
/*!40000 ALTER TABLE `compliance_analysis_findings_compliance_package_items` ENABLE KEYS */;
UNLOCK TABLES;

--
-- Table structure for table `compliance_analysis_findings_compliance_package_regulators`
--

DROP TABLE IF EXISTS `compliance_analysis_findings_compliance_package_regulators`;
/*!40101 SET @saved_cs_client     = @@character_set_client */;
/*!50503 SET character_set_client = utf8mb4 */;
CREATE TABLE `compliance_analysis_findings_compliance_package_regulators` (
  `id` int NOT NULL AUTO_INCREMENT,
  `compliance_analysis_finding_id` int NOT NULL,
  `compliance_package_regulator_id` int NOT NULL,
  PRIMARY KEY (`id`),
  KEY `compliance_package_regulator_id` (`compliance_package_regulator_id`),
  KEY `compliance_analysis_finding_id` (`compliance_analysis_finding_id`),
  CONSTRAINT `compliance_analysis_findings_join_ibfk_1` FOREIGN KEY (`compliance_analysis_finding_id`) REFERENCES `compliance_analysis_findings` (`id`) ON DELETE CASCADE ON UPDATE CASCADE,
  CONSTRAINT `compliance_analysis_findings_join_ibfk_2` FOREIGN KEY (`compliance_package_regulator_id`) REFERENCES `compliance_package_regulators` (`id`) ON DELETE CASCADE ON UPDATE CASCADE
) ENGINE=InnoDB DEFAULT CHARSET=utf8mb4 COLLATE=utf8mb4_unicode_ci;
/*!40101 SET character_set_client = @saved_cs_client */;

--
-- Dumping data for table `compliance_analysis_findings_compliance_package_regulators`
--

LOCK TABLES `compliance_analysis_findings_compliance_package_regulators` WRITE;
/*!40000 ALTER TABLE `compliance_analysis_findings_compliance_package_regulators` DISABLE KEYS */;
/*!40000 ALTER TABLE `compliance_analysis_findings_compliance_package_regulators` ENABLE KEYS */;
UNLOCK TABLES;

--
-- Table structure for table `compliance_audit_auditee_feedbacks`
--

DROP TABLE IF EXISTS `compliance_audit_auditee_feedbacks`;
/*!40101 SET @saved_cs_client     = @@character_set_client */;
/*!50503 SET character_set_client = utf8mb4 */;
CREATE TABLE `compliance_audit_auditee_feedbacks` (
  `id` int NOT NULL AUTO_INCREMENT,
  `user_id` int NOT NULL,
  `compliance_audit_setting_id` int NOT NULL,
  `compliance_audit_feedback_profile_id` int NOT NULL,
  `compliance_audit_feedback_id` int NOT NULL,
  `created` datetime NOT NULL,
  `modified` datetime NOT NULL,
  PRIMARY KEY (`id`),
  KEY `compliance_audit_setting_id` (`compliance_audit_setting_id`),
  KEY `compliance_audit_feedback_id` (`compliance_audit_feedback_id`),
  KEY `compliance_audit_feedback_profile_id` (`compliance_audit_feedback_profile_id`),
  KEY `user_id` (`user_id`),
  CONSTRAINT `compliance_audit_auditee_feedbacks_ibfk_1` FOREIGN KEY (`compliance_audit_setting_id`) REFERENCES `compliance_audit_settings` (`id`) ON DELETE CASCADE ON UPDATE CASCADE,
  CONSTRAINT `compliance_audit_auditee_feedbacks_ibfk_2` FOREIGN KEY (`compliance_audit_feedback_id`) REFERENCES `compliance_audit_feedbacks` (`id`) ON DELETE CASCADE ON UPDATE CASCADE,
  CONSTRAINT `compliance_audit_auditee_feedbacks_ibfk_3` FOREIGN KEY (`compliance_audit_feedback_profile_id`) REFERENCES `compliance_audit_feedback_profiles` (`id`) ON DELETE CASCADE ON UPDATE CASCADE,
  CONSTRAINT `compliance_audit_auditee_feedbacks_ibfk_4` FOREIGN KEY (`user_id`) REFERENCES `users` (`id`) ON DELETE CASCADE ON UPDATE CASCADE
) ENGINE=InnoDB DEFAULT CHARSET=utf8mb4 COLLATE=utf8mb4_unicode_ci;
/*!40101 SET character_set_client = @saved_cs_client */;

--
-- Dumping data for table `compliance_audit_auditee_feedbacks`
--

LOCK TABLES `compliance_audit_auditee_feedbacks` WRITE;
/*!40000 ALTER TABLE `compliance_audit_auditee_feedbacks` DISABLE KEYS */;
/*!40000 ALTER TABLE `compliance_audit_auditee_feedbacks` ENABLE KEYS */;
UNLOCK TABLES;

--
-- Table structure for table `compliance_audit_feedback_profiles`
--

DROP TABLE IF EXISTS `compliance_audit_feedback_profiles`;
/*!40101 SET @saved_cs_client     = @@character_set_client */;
/*!50503 SET character_set_client = utf8mb4 */;
CREATE TABLE `compliance_audit_feedback_profiles` (
  `id` int NOT NULL AUTO_INCREMENT,
  `name` varchar(150) COLLATE utf8mb4_unicode_ci NOT NULL,
  `compliance_audit_feedback_count` int NOT NULL DEFAULT '0',
  `created` datetime NOT NULL,
  `modified` datetime NOT NULL,
  PRIMARY KEY (`id`)
) ENGINE=InnoDB DEFAULT CHARSET=utf8mb4 COLLATE=utf8mb4_unicode_ci;
/*!40101 SET character_set_client = @saved_cs_client */;

--
-- Dumping data for table `compliance_audit_feedback_profiles`
--

LOCK TABLES `compliance_audit_feedback_profiles` WRITE;
/*!40000 ALTER TABLE `compliance_audit_feedback_profiles` DISABLE KEYS */;
/*!40000 ALTER TABLE `compliance_audit_feedback_profiles` ENABLE KEYS */;
UNLOCK TABLES;

--
-- Table structure for table `compliance_audit_feedbacks`
--

DROP TABLE IF EXISTS `compliance_audit_feedbacks`;
/*!40101 SET @saved_cs_client     = @@character_set_client */;
/*!50503 SET character_set_client = utf8mb4 */;
CREATE TABLE `compliance_audit_feedbacks` (
  `id` int NOT NULL AUTO_INCREMENT,
  `compliance_audit_feedback_profile_id` int NOT NULL,
  `name` varchar(150) COLLATE utf8mb4_unicode_ci NOT NULL,
  `created` datetime NOT NULL,
  `modified` datetime NOT NULL,
  PRIMARY KEY (`id`),
  KEY `compliance_audit_feedback_profile_id` (`compliance_audit_feedback_profile_id`),
  CONSTRAINT `compliance_audit_feedbacks_ibfk_1` FOREIGN KEY (`compliance_audit_feedback_profile_id`) REFERENCES `compliance_audit_feedback_profiles` (`id`) ON DELETE CASCADE ON UPDATE CASCADE
) ENGINE=InnoDB DEFAULT CHARSET=utf8mb4 COLLATE=utf8mb4_unicode_ci;
/*!40101 SET character_set_client = @saved_cs_client */;

--
-- Dumping data for table `compliance_audit_feedbacks`
--

LOCK TABLES `compliance_audit_feedbacks` WRITE;
/*!40000 ALTER TABLE `compliance_audit_feedbacks` DISABLE KEYS */;
/*!40000 ALTER TABLE `compliance_audit_feedbacks` ENABLE KEYS */;
UNLOCK TABLES;

--
-- Table structure for table `compliance_audit_feedbacks_compliance_audits`
--

DROP TABLE IF EXISTS `compliance_audit_feedbacks_compliance_audits`;
/*!40101 SET @saved_cs_client     = @@character_set_client */;
/*!50503 SET character_set_client = utf8mb4 */;
CREATE TABLE `compliance_audit_feedbacks_compliance_audits` (
  `id` int NOT NULL AUTO_INCREMENT,
  `compliance_audit_feedback_id` int NOT NULL,
  `compliance_audit_id` int NOT NULL,
  `created` datetime NOT NULL,
  PRIMARY KEY (`id`),
  KEY `compliance_audit_id` (`compliance_audit_id`),
  KEY `compliance_audit_feedback_id` (`compliance_audit_feedback_id`),
  CONSTRAINT `compliance_audit_feedbacks_compliance_audits_ibfk_1` FOREIGN KEY (`compliance_audit_id`) REFERENCES `compliance_audits` (`id`) ON DELETE CASCADE ON UPDATE CASCADE,
  CONSTRAINT `compliance_audit_feedbacks_compliance_audits_ibfk_2` FOREIGN KEY (`compliance_audit_feedback_id`) REFERENCES `compliance_audit_feedbacks` (`id`) ON DELETE CASCADE ON UPDATE CASCADE
) ENGINE=InnoDB DEFAULT CHARSET=utf8mb4 COLLATE=utf8mb4_unicode_ci;
/*!40101 SET character_set_client = @saved_cs_client */;

--
-- Dumping data for table `compliance_audit_feedbacks_compliance_audits`
--

LOCK TABLES `compliance_audit_feedbacks_compliance_audits` WRITE;
/*!40000 ALTER TABLE `compliance_audit_feedbacks_compliance_audits` DISABLE KEYS */;
/*!40000 ALTER TABLE `compliance_audit_feedbacks_compliance_audits` ENABLE KEYS */;
UNLOCK TABLES;

--
-- Table structure for table `compliance_audit_overtime_graphs`
--

DROP TABLE IF EXISTS `compliance_audit_overtime_graphs`;
/*!40101 SET @saved_cs_client     = @@character_set_client */;
/*!50503 SET character_set_client = utf8mb4 */;
CREATE TABLE `compliance_audit_overtime_graphs` (
  `id` int NOT NULL AUTO_INCREMENT,
  `compliance_audit_id` int NOT NULL,
  `open` int NOT NULL,
  `closed` int NOT NULL,
  `expired` int NOT NULL,
  `no_evidence` int NOT NULL,
  `waiting_evidence` int NOT NULL,
  `provided_evidence` int NOT NULL,
  `timestamp` varchar(45) COLLATE utf8mb4_unicode_ci NOT NULL,
  `created` datetime NOT NULL,
  PRIMARY KEY (`id`),
  KEY `compliance_audit_id` (`compliance_audit_id`),
  CONSTRAINT `compliance_audit_overtime_graphs_ibfk_1` FOREIGN KEY (`compliance_audit_id`) REFERENCES `compliance_audits` (`id`) ON DELETE CASCADE ON UPDATE CASCADE
) ENGINE=InnoDB DEFAULT CHARSET=utf8mb4 COLLATE=utf8mb4_unicode_ci;
/*!40101 SET character_set_client = @saved_cs_client */;

--
-- Dumping data for table `compliance_audit_overtime_graphs`
--

LOCK TABLES `compliance_audit_overtime_graphs` WRITE;
/*!40000 ALTER TABLE `compliance_audit_overtime_graphs` DISABLE KEYS */;
/*!40000 ALTER TABLE `compliance_audit_overtime_graphs` ENABLE KEYS */;
UNLOCK TABLES;

--
-- Table structure for table `compliance_audit_provided_feedbacks`
--

DROP TABLE IF EXISTS `compliance_audit_provided_feedbacks`;
/*!40101 SET @saved_cs_client     = @@character_set_client */;
/*!50503 SET character_set_client = utf8mb4 */;
CREATE TABLE `compliance_audit_provided_feedbacks` (
  `id` int NOT NULL AUTO_INCREMENT,
  `user_id` int NOT NULL,
  `compliance_audit_id` int NOT NULL,
  `created` datetime NOT NULL,
  `modified` datetime NOT NULL,
  PRIMARY KEY (`id`),
  KEY `compliance_audit_id` (`compliance_audit_id`),
  KEY `user_id` (`user_id`),
  CONSTRAINT `compliance_audit_provided_feedbacks_ibfk_1` FOREIGN KEY (`compliance_audit_id`) REFERENCES `compliance_audits` (`id`) ON DELETE CASCADE ON UPDATE CASCADE,
  CONSTRAINT `compliance_audit_provided_feedbacks_ibfk_2` FOREIGN KEY (`user_id`) REFERENCES `users` (`id`) ON DELETE CASCADE ON UPDATE CASCADE
) ENGINE=InnoDB DEFAULT CHARSET=utf8mb4 COLLATE=utf8mb4_unicode_ci;
/*!40101 SET character_set_client = @saved_cs_client */;

--
-- Dumping data for table `compliance_audit_provided_feedbacks`
--

LOCK TABLES `compliance_audit_provided_feedbacks` WRITE;
/*!40000 ALTER TABLE `compliance_audit_provided_feedbacks` DISABLE KEYS */;
/*!40000 ALTER TABLE `compliance_audit_provided_feedbacks` ENABLE KEYS */;
UNLOCK TABLES;

--
-- Table structure for table `compliance_audit_setting_notifications`
--

DROP TABLE IF EXISTS `compliance_audit_setting_notifications`;
/*!40101 SET @saved_cs_client     = @@character_set_client */;
/*!50503 SET character_set_client = utf8mb4 */;
CREATE TABLE `compliance_audit_setting_notifications` (
  `id` int NOT NULL AUTO_INCREMENT,
  `compliance_audit_setting_id` int NOT NULL,
  `created` datetime NOT NULL,
  PRIMARY KEY (`id`),
  KEY `compliance_audit_setting_id` (`compliance_audit_setting_id`),
  CONSTRAINT `compliance_audit_setting_notifications_ibfk_1` FOREIGN KEY (`compliance_audit_setting_id`) REFERENCES `compliance_audit_settings` (`id`) ON DELETE CASCADE ON UPDATE CASCADE
) ENGINE=InnoDB DEFAULT CHARSET=utf8mb4 COLLATE=utf8mb4_unicode_ci;
/*!40101 SET character_set_client = @saved_cs_client */;

--
-- Dumping data for table `compliance_audit_setting_notifications`
--

LOCK TABLES `compliance_audit_setting_notifications` WRITE;
/*!40000 ALTER TABLE `compliance_audit_setting_notifications` DISABLE KEYS */;
/*!40000 ALTER TABLE `compliance_audit_setting_notifications` ENABLE KEYS */;
UNLOCK TABLES;

--
-- Table structure for table `compliance_audit_settings`
--

DROP TABLE IF EXISTS `compliance_audit_settings`;
/*!40101 SET @saved_cs_client     = @@character_set_client */;
/*!50503 SET character_set_client = utf8mb4 */;
CREATE TABLE `compliance_audit_settings` (
  `id` int NOT NULL AUTO_INCREMENT,
  `compliance_audit_id` int NOT NULL,
  `compliance_package_item_id` int NOT NULL,
  `status` int DEFAULT NULL,
  `compliance_audit_feedback_profile_id` int DEFAULT NULL,
  `created` datetime NOT NULL,
  `modified` datetime NOT NULL,
  `deleted` int NOT NULL DEFAULT '0',
  `deleted_date` datetime DEFAULT NULL,
  PRIMARY KEY (`id`),
  KEY `compliance_package_item_id` (`compliance_package_item_id`),
  KEY `compliance_audit_id` (`compliance_audit_id`),
  KEY `compliance_audit_feedback_profile_id` (`compliance_audit_feedback_profile_id`),
  CONSTRAINT `compliance_audit_settings_ibfk_1` FOREIGN KEY (`compliance_package_item_id`) REFERENCES `compliance_package_items` (`id`) ON DELETE CASCADE ON UPDATE CASCADE,
  CONSTRAINT `compliance_audit_settings_ibfk_2` FOREIGN KEY (`compliance_audit_id`) REFERENCES `compliance_audits` (`id`) ON DELETE CASCADE ON UPDATE CASCADE,
  CONSTRAINT `compliance_audit_settings_ibfk_3` FOREIGN KEY (`compliance_audit_feedback_profile_id`) REFERENCES `compliance_audit_feedback_profiles` (`id`) ON DELETE CASCADE ON UPDATE CASCADE
) ENGINE=InnoDB DEFAULT CHARSET=utf8mb4 COLLATE=utf8mb4_unicode_ci;
/*!40101 SET character_set_client = @saved_cs_client */;

--
-- Dumping data for table `compliance_audit_settings`
--

LOCK TABLES `compliance_audit_settings` WRITE;
/*!40000 ALTER TABLE `compliance_audit_settings` DISABLE KEYS */;
/*!40000 ALTER TABLE `compliance_audit_settings` ENABLE KEYS */;
UNLOCK TABLES;

--
-- Table structure for table `compliance_audit_settings_auditees`
--

DROP TABLE IF EXISTS `compliance_audit_settings_auditees`;
/*!40101 SET @saved_cs_client     = @@character_set_client */;
/*!50503 SET character_set_client = utf8mb4 */;
CREATE TABLE `compliance_audit_settings_auditees` (
  `id` int NOT NULL AUTO_INCREMENT,
  `compliance_audit_setting_id` int NOT NULL,
  `auditee_id` int NOT NULL,
  PRIMARY KEY (`id`),
  KEY `auditee_id` (`auditee_id`),
  KEY `compliance_audit_setting_id` (`compliance_audit_setting_id`),
  CONSTRAINT `compliance_audit_settings_auditees_ibfk_1` FOREIGN KEY (`auditee_id`) REFERENCES `users` (`id`) ON DELETE CASCADE ON UPDATE CASCADE,
  CONSTRAINT `compliance_audit_settings_auditees_ibfk_2` FOREIGN KEY (`compliance_audit_setting_id`) REFERENCES `compliance_audit_settings` (`id`) ON DELETE CASCADE ON UPDATE CASCADE
) ENGINE=InnoDB DEFAULT CHARSET=utf8mb4 COLLATE=utf8mb4_unicode_ci;
/*!40101 SET character_set_client = @saved_cs_client */;

--
-- Dumping data for table `compliance_audit_settings_auditees`
--

LOCK TABLES `compliance_audit_settings_auditees` WRITE;
/*!40000 ALTER TABLE `compliance_audit_settings_auditees` DISABLE KEYS */;
/*!40000 ALTER TABLE `compliance_audit_settings_auditees` ENABLE KEYS */;
UNLOCK TABLES;

--
-- Table structure for table `compliance_audits`
--

DROP TABLE IF EXISTS `compliance_audits`;
/*!40101 SET @saved_cs_client     = @@character_set_client */;
/*!50503 SET character_set_client = utf8mb4 */;
CREATE TABLE `compliance_audits` (
  `id` int NOT NULL AUTO_INCREMENT,
  `name` varchar(255) COLLATE utf8mb4_unicode_ci NOT NULL DEFAULT '',
  `third_party_id` int NOT NULL,
  `auditor_id` int NOT NULL,
  `third_party_contact_id` int DEFAULT NULL,
  `start_date` date NOT NULL,
  `end_date` date NOT NULL,
  `auditee_title` varchar(155) COLLATE utf8mb4_unicode_ci NOT NULL,
  `auditee_instructions` text COLLATE utf8mb4_unicode_ci NOT NULL,
  `use_default_template` int NOT NULL DEFAULT '1',
  `email_subject` varchar(255) COLLATE utf8mb4_unicode_ci NOT NULL,
  `email_body` text COLLATE utf8mb4_unicode_ci NOT NULL,
  `auditee_notifications` tinyint(1) NOT NULL DEFAULT '0',
  `auditee_emails` tinyint(1) NOT NULL DEFAULT '0',
  `auditor_notifications` tinyint(1) NOT NULL DEFAULT '0',
  `auditor_emails` tinyint(1) NOT NULL DEFAULT '0',
  `show_analyze_title` tinyint(1) NOT NULL DEFAULT '0',
  `show_analyze_description` tinyint(1) NOT NULL DEFAULT '0',
  `show_analyze_audit_criteria` tinyint(1) NOT NULL DEFAULT '0',
  `show_findings` tinyint(1) NOT NULL DEFAULT '0',
  `status` varchar(50) COLLATE utf8mb4_unicode_ci NOT NULL DEFAULT 'started' COMMENT 'started or stopped',
  `compliance_finding_count` int NOT NULL,
  `created` datetime NOT NULL,
  `modified` datetime NOT NULL,
  `deleted` int NOT NULL DEFAULT '0',
  `deleted_date` datetime DEFAULT NULL,
  PRIMARY KEY (`id`),
  KEY `auditor_id` (`auditor_id`),
  KEY `third_party_id` (`third_party_id`),
  KEY `third_party_contact_id` (`third_party_contact_id`),
  CONSTRAINT `compliance_audits_ibfk_1` FOREIGN KEY (`auditor_id`) REFERENCES `users` (`id`) ON DELETE CASCADE ON UPDATE CASCADE,
  CONSTRAINT `compliance_audits_ibfk_2` FOREIGN KEY (`third_party_id`) REFERENCES `third_parties` (`id`) ON DELETE CASCADE ON UPDATE CASCADE,
  CONSTRAINT `compliance_audits_ibfk_3` FOREIGN KEY (`third_party_contact_id`) REFERENCES `users` (`id`) ON DELETE SET NULL ON UPDATE CASCADE
) ENGINE=InnoDB DEFAULT CHARSET=utf8mb4 COLLATE=utf8mb4_unicode_ci;
/*!40101 SET character_set_client = @saved_cs_client */;

--
-- Dumping data for table `compliance_audits`
--

LOCK TABLES `compliance_audits` WRITE;
/*!40000 ALTER TABLE `compliance_audits` DISABLE KEYS */;
/*!40000 ALTER TABLE `compliance_audits` ENABLE KEYS */;
UNLOCK TABLES;

--
-- Table structure for table `compliance_exceptions`
--

DROP TABLE IF EXISTS `compliance_exceptions`;
/*!40101 SET @saved_cs_client     = @@character_set_client */;
/*!50503 SET character_set_client = utf8mb4 */;
CREATE TABLE `compliance_exceptions` (
  `id` int NOT NULL AUTO_INCREMENT,
  `title` varchar(255) COLLATE utf8mb4_unicode_ci NOT NULL DEFAULT '',
  `description` text COLLATE utf8mb4_unicode_ci NOT NULL,
  `expiration` date NOT NULL,
  `expired` int NOT NULL DEFAULT '0',
  `closure_date_toggle` tinyint(1) NOT NULL DEFAULT '1',
  `closure_date` date DEFAULT NULL,
  `status` int NOT NULL COMMENT '0-closed, 1-open',
  `created` datetime NOT NULL,
  `modified` datetime NOT NULL,
  `edited` datetime DEFAULT NULL,
  `deleted` int NOT NULL DEFAULT '0',
  `deleted_date` datetime DEFAULT NULL,
  PRIMARY KEY (`id`),
  FULLTEXT KEY `title` (`title`)
) ENGINE=InnoDB DEFAULT CHARSET=utf8mb4 COLLATE=utf8mb4_unicode_ci;
/*!40101 SET character_set_client = @saved_cs_client */;

--
-- Dumping data for table `compliance_exceptions`
--

LOCK TABLES `compliance_exceptions` WRITE;
/*!40000 ALTER TABLE `compliance_exceptions` DISABLE KEYS */;
/*!40000 ALTER TABLE `compliance_exceptions` ENABLE KEYS */;
UNLOCK TABLES;

--
-- Table structure for table `compliance_exceptions_compliance_findings`
--

DROP TABLE IF EXISTS `compliance_exceptions_compliance_findings`;
/*!40101 SET @saved_cs_client     = @@character_set_client */;
/*!50503 SET character_set_client = utf8mb4 */;
CREATE TABLE `compliance_exceptions_compliance_findings` (
  `id` int NOT NULL AUTO_INCREMENT,
  `compliance_exception_id` int NOT NULL,
  `compliance_finding_id` int NOT NULL,
  PRIMARY KEY (`id`),
  KEY `compliance_finding_id` (`compliance_finding_id`),
  KEY `compliance_exception_id` (`compliance_exception_id`),
  CONSTRAINT `compliance_exceptions_compliance_findings_ibfk_1` FOREIGN KEY (`compliance_finding_id`) REFERENCES `compliance_findings` (`id`) ON DELETE CASCADE ON UPDATE CASCADE,
  CONSTRAINT `compliance_exceptions_compliance_findings_ibfk_2` FOREIGN KEY (`compliance_exception_id`) REFERENCES `compliance_exceptions` (`id`) ON DELETE CASCADE ON UPDATE CASCADE
) ENGINE=InnoDB DEFAULT CHARSET=utf8mb4 COLLATE=utf8mb4_unicode_ci;
/*!40101 SET character_set_client = @saved_cs_client */;

--
-- Dumping data for table `compliance_exceptions_compliance_findings`
--

LOCK TABLES `compliance_exceptions_compliance_findings` WRITE;
/*!40000 ALTER TABLE `compliance_exceptions_compliance_findings` DISABLE KEYS */;
/*!40000 ALTER TABLE `compliance_exceptions_compliance_findings` ENABLE KEYS */;
UNLOCK TABLES;

--
-- Table structure for table `compliance_exceptions_compliance_managements`
--

DROP TABLE IF EXISTS `compliance_exceptions_compliance_managements`;
/*!40101 SET @saved_cs_client     = @@character_set_client */;
/*!50503 SET character_set_client = utf8mb4 */;
CREATE TABLE `compliance_exceptions_compliance_managements` (
  `id` int NOT NULL AUTO_INCREMENT,
  `compliance_exception_id` int NOT NULL,
  `compliance_management_id` int NOT NULL,
  PRIMARY KEY (`id`),
  KEY `compliance_management_id` (`compliance_management_id`),
  KEY `compliance_exception_id` (`compliance_exception_id`),
  CONSTRAINT `compliance_exceptions_compliance_managements_ibfk_1` FOREIGN KEY (`compliance_management_id`) REFERENCES `compliance_managements` (`id`) ON DELETE CASCADE ON UPDATE CASCADE,
  CONSTRAINT `compliance_exceptions_compliance_managements_ibfk_2` FOREIGN KEY (`compliance_exception_id`) REFERENCES `compliance_exceptions` (`id`) ON DELETE CASCADE ON UPDATE CASCADE
) ENGINE=InnoDB DEFAULT CHARSET=utf8mb4 COLLATE=utf8mb4_unicode_ci;
/*!40101 SET character_set_client = @saved_cs_client */;

--
-- Dumping data for table `compliance_exceptions_compliance_managements`
--

LOCK TABLES `compliance_exceptions_compliance_managements` WRITE;
/*!40000 ALTER TABLE `compliance_exceptions_compliance_managements` DISABLE KEYS */;
/*!40000 ALTER TABLE `compliance_exceptions_compliance_managements` ENABLE KEYS */;
UNLOCK TABLES;

--
-- Table structure for table `compliance_finding_classifications`
--

DROP TABLE IF EXISTS `compliance_finding_classifications`;
/*!40101 SET @saved_cs_client     = @@character_set_client */;
/*!50503 SET character_set_client = utf8mb4 */;
CREATE TABLE `compliance_finding_classifications` (
  `id` int NOT NULL AUTO_INCREMENT,
  `compliance_finding_id` int NOT NULL,
  `name` varchar(150) COLLATE utf8mb4_unicode_ci NOT NULL,
  `created` datetime NOT NULL,
  PRIMARY KEY (`id`),
  KEY `compliance_finding_id` (`compliance_finding_id`),
  CONSTRAINT `compliance_finding_classifications_ibfk_1` FOREIGN KEY (`compliance_finding_id`) REFERENCES `compliance_findings` (`id`) ON DELETE CASCADE ON UPDATE CASCADE
) ENGINE=InnoDB DEFAULT CHARSET=utf8mb4 COLLATE=utf8mb4_unicode_ci;
/*!40101 SET character_set_client = @saved_cs_client */;

--
-- Dumping data for table `compliance_finding_classifications`
--

LOCK TABLES `compliance_finding_classifications` WRITE;
/*!40000 ALTER TABLE `compliance_finding_classifications` DISABLE KEYS */;
/*!40000 ALTER TABLE `compliance_finding_classifications` ENABLE KEYS */;
UNLOCK TABLES;

--
-- Table structure for table `compliance_finding_statuses`
--

DROP TABLE IF EXISTS `compliance_finding_statuses`;
/*!40101 SET @saved_cs_client     = @@character_set_client */;
/*!50503 SET character_set_client = utf8mb4 */;
CREATE TABLE `compliance_finding_statuses` (
  `id` int NOT NULL AUTO_INCREMENT,
  `name` varchar(100) COLLATE utf8mb4_unicode_ci NOT NULL,
  PRIMARY KEY (`id`)
) ENGINE=InnoDB AUTO_INCREMENT=3 DEFAULT CHARSET=utf8mb4 COLLATE=utf8mb4_unicode_ci;
/*!40101 SET character_set_client = @saved_cs_client */;

--
-- Dumping data for table `compliance_finding_statuses`
--

LOCK TABLES `compliance_finding_statuses` WRITE;
/*!40000 ALTER TABLE `compliance_finding_statuses` DISABLE KEYS */;
INSERT INTO `compliance_finding_statuses` VALUES (1,'Open Item'),(2,'Closed Item');
/*!40000 ALTER TABLE `compliance_finding_statuses` ENABLE KEYS */;
UNLOCK TABLES;

--
-- Table structure for table `compliance_findings`
--

DROP TABLE IF EXISTS `compliance_findings`;
/*!40101 SET @saved_cs_client     = @@character_set_client */;
/*!50503 SET character_set_client = utf8mb4 */;
CREATE TABLE `compliance_findings` (
  `id` int NOT NULL AUTO_INCREMENT,
  `title` varchar(255) COLLATE utf8mb4_unicode_ci NOT NULL DEFAULT '',
  `description` text COLLATE utf8mb4_unicode_ci NOT NULL,
  `deadline` date DEFAULT NULL,
  `expired` int NOT NULL DEFAULT '0',
  `compliance_finding_status_id` int DEFAULT NULL,
  `compliance_audit_id` int NOT NULL,
  `compliance_package_item_id` int DEFAULT NULL,
  `type` int NOT NULL DEFAULT '1' COMMENT '1-audit finding, 2-assesed item',
  `created` datetime NOT NULL,
  `modified` datetime NOT NULL,
  `deleted` int NOT NULL DEFAULT '0',
  `deleted_date` datetime DEFAULT NULL,
  PRIMARY KEY (`id`),
  KEY `compliance_audit_id` (`compliance_audit_id`),
  KEY `compliance_finding_status_id` (`compliance_finding_status_id`),
  KEY `compliance_package_item_id` (`compliance_package_item_id`),
  CONSTRAINT `compliance_findings_ibfk_1` FOREIGN KEY (`compliance_audit_id`) REFERENCES `compliance_audits` (`id`) ON DELETE CASCADE ON UPDATE CASCADE,
  CONSTRAINT `compliance_findings_ibfk_2` FOREIGN KEY (`compliance_finding_status_id`) REFERENCES `compliance_finding_statuses` (`id`) ON DELETE SET NULL ON UPDATE CASCADE,
  CONSTRAINT `compliance_findings_ibfk_3` FOREIGN KEY (`compliance_package_item_id`) REFERENCES `compliance_package_items` (`id`) ON DELETE CASCADE ON UPDATE CASCADE
) ENGINE=InnoDB DEFAULT CHARSET=utf8mb4 COLLATE=utf8mb4_unicode_ci;
/*!40101 SET character_set_client = @saved_cs_client */;

--
-- Dumping data for table `compliance_findings`
--

LOCK TABLES `compliance_findings` WRITE;
/*!40000 ALTER TABLE `compliance_findings` DISABLE KEYS */;
/*!40000 ALTER TABLE `compliance_findings` ENABLE KEYS */;
UNLOCK TABLES;

--
-- Table structure for table `compliance_findings_third_party_risks`
--

DROP TABLE IF EXISTS `compliance_findings_third_party_risks`;
/*!40101 SET @saved_cs_client     = @@character_set_client */;
/*!50503 SET character_set_client = utf8mb4 */;
CREATE TABLE `compliance_findings_third_party_risks` (
  `id` int NOT NULL AUTO_INCREMENT,
  `compliance_finding_id` int NOT NULL,
  `third_party_risk_id` int NOT NULL,
  PRIMARY KEY (`id`),
  KEY `third_party_risk_id` (`third_party_risk_id`),
  KEY `compliance_finding_id` (`compliance_finding_id`),
  CONSTRAINT `compliance_findings_third_party_risks_ibfk_1` FOREIGN KEY (`third_party_risk_id`) REFERENCES `third_party_risks` (`id`) ON DELETE CASCADE ON UPDATE CASCADE,
  CONSTRAINT `compliance_findings_third_party_risks_ibfk_2` FOREIGN KEY (`compliance_finding_id`) REFERENCES `compliance_findings` (`id`) ON DELETE CASCADE ON UPDATE CASCADE
) ENGINE=InnoDB DEFAULT CHARSET=utf8mb4 COLLATE=utf8mb4_unicode_ci;
/*!40101 SET character_set_client = @saved_cs_client */;

--
-- Dumping data for table `compliance_findings_third_party_risks`
--

LOCK TABLES `compliance_findings_third_party_risks` WRITE;
/*!40000 ALTER TABLE `compliance_findings_third_party_risks` DISABLE KEYS */;
/*!40000 ALTER TABLE `compliance_findings_third_party_risks` ENABLE KEYS */;
UNLOCK TABLES;

--
-- Table structure for table `compliance_managements`
--

DROP TABLE IF EXISTS `compliance_managements`;
/*!40101 SET @saved_cs_client     = @@character_set_client */;
/*!50503 SET character_set_client = utf8mb4 */;
CREATE TABLE `compliance_managements` (
  `id` int NOT NULL AUTO_INCREMENT,
  `compliance_package_item_id` int NOT NULL,
  `compliance_treatment_strategy_id` int DEFAULT NULL,
  `legal_id` int DEFAULT NULL,
  `owner_id` int DEFAULT NULL,
  `efficacy` int NOT NULL,
  `description` text COLLATE utf8mb4_unicode_ci NOT NULL,
  `workflow_owner_id` int DEFAULT NULL,
  `workflow_status` int NOT NULL DEFAULT '0',
  `created` datetime NOT NULL,
  `modified` datetime NOT NULL,
  `edited` datetime DEFAULT NULL,
  `deleted` int NOT NULL DEFAULT '0',
  `deleted_date` datetime DEFAULT NULL,
  PRIMARY KEY (`id`),
  KEY `compliance_package_item_id` (`compliance_package_item_id`),
  KEY `legal_id` (`legal_id`),
  KEY `owner_id` (`owner_id`),
  KEY `compliance_treatment_strategy_id` (`compliance_treatment_strategy_id`),
  CONSTRAINT `compliance_managements_ibfk_1` FOREIGN KEY (`compliance_package_item_id`) REFERENCES `compliance_package_items` (`id`) ON DELETE CASCADE ON UPDATE CASCADE,
  CONSTRAINT `compliance_managements_ibfk_2` FOREIGN KEY (`legal_id`) REFERENCES `legals` (`id`) ON DELETE CASCADE ON UPDATE CASCADE,
  CONSTRAINT `compliance_managements_ibfk_3` FOREIGN KEY (`owner_id`) REFERENCES `users` (`id`) ON DELETE SET NULL ON UPDATE CASCADE,
  CONSTRAINT `compliance_managements_ibfk_4` FOREIGN KEY (`compliance_treatment_strategy_id`) REFERENCES `compliance_treatment_strategies` (`id`) ON DELETE SET NULL ON UPDATE CASCADE
) ENGINE=InnoDB AUTO_INCREMENT=36 DEFAULT CHARSET=utf8mb4 COLLATE=utf8mb4_unicode_ci;
/*!40101 SET character_set_client = @saved_cs_client */;

--
-- Dumping data for table `compliance_managements`
--

LOCK TABLES `compliance_managements` WRITE;
/*!40000 ALTER TABLE `compliance_managements` DISABLE KEYS */;
INSERT INTO `compliance_managements` VALUES (1,1,NULL,NULL,NULL,0,'',NULL,0,'2023-01-18 11:04:58','2023-01-18 11:04:58',NULL,0,NULL),(2,2,NULL,NULL,NULL,0,'',NULL,0,'2023-01-18 11:04:59','2023-01-18 11:04:59',NULL,0,NULL),(3,3,NULL,NULL,NULL,0,'',NULL,0,'2023-01-18 11:04:59','2023-01-18 11:04:59',NULL,0,NULL),(4,4,NULL,NULL,NULL,0,'',NULL,0,'2023-01-18 11:04:59','2023-01-18 11:04:59',NULL,0,NULL),(5,5,NULL,NULL,NULL,0,'',NULL,0,'2023-01-18 11:04:59','2023-01-18 11:04:59',NULL,0,NULL),(6,6,NULL,NULL,NULL,0,'',NULL,0,'2023-01-18 11:04:59','2023-01-18 11:04:59',NULL,0,NULL),(7,7,NULL,NULL,NULL,0,'',NULL,0,'2023-01-18 11:04:59','2023-01-18 11:04:59',NULL,0,NULL),(8,8,NULL,NULL,NULL,0,'',NULL,0,'2023-01-18 11:04:59','2023-01-18 11:04:59',NULL,0,NULL),(9,9,NULL,NULL,NULL,0,'',NULL,0,'2023-01-18 11:05:00','2023-01-18 11:05:00',NULL,0,NULL),(10,10,NULL,NULL,NULL,0,'',NULL,0,'2023-01-18 11:05:00','2023-01-18 11:05:00',NULL,0,NULL),(11,11,NULL,NULL,NULL,0,'',NULL,0,'2023-01-18 11:05:00','2023-01-18 11:05:00',NULL,0,NULL),(12,12,NULL,NULL,NULL,0,'',NULL,0,'2023-01-18 11:05:00','2023-01-18 11:05:00',NULL,0,NULL),(13,13,NULL,NULL,NULL,0,'',NULL,0,'2023-01-18 11:05:00','2023-01-18 11:05:00',NULL,0,NULL),(14,14,NULL,NULL,NULL,0,'',NULL,0,'2023-01-18 11:05:00','2023-01-18 11:05:00',NULL,0,NULL),(15,15,NULL,NULL,NULL,0,'',NULL,0,'2023-01-18 11:05:00','2023-01-18 11:05:00',NULL,0,NULL),(16,16,NULL,NULL,NULL,0,'',NULL,0,'2023-01-18 11:05:00','2023-01-18 11:05:00',NULL,0,NULL),(17,17,NULL,NULL,NULL,0,'',NULL,0,'2023-01-18 11:05:00','2023-01-18 11:05:00',NULL,0,NULL),(18,18,NULL,NULL,NULL,0,'',NULL,0,'2023-01-18 11:05:01','2023-01-18 11:05:01',NULL,0,NULL),(19,19,NULL,NULL,NULL,0,'',NULL,0,'2023-01-18 11:05:01','2023-01-18 11:05:01',NULL,0,NULL),(20,20,NULL,NULL,NULL,0,'',NULL,0,'2023-01-18 11:05:01','2023-01-18 11:05:01',NULL,0,NULL),(21,21,NULL,NULL,NULL,0,'',NULL,0,'2023-01-18 11:05:01','2023-01-18 11:05:01',NULL,0,NULL),(22,22,NULL,NULL,NULL,0,'',NULL,0,'2023-01-18 11:05:01','2023-01-18 11:05:01',NULL,0,NULL),(23,23,NULL,NULL,NULL,0,'',NULL,0,'2023-01-18 11:05:01','2023-01-18 11:05:01',NULL,0,NULL),(24,24,NULL,NULL,NULL,0,'',NULL,0,'2023-01-18 11:05:01','2023-01-18 11:05:01',NULL,0,NULL),(25,25,NULL,NULL,NULL,0,'',NULL,0,'2023-01-18 11:05:01','2023-01-18 11:05:01',NULL,0,NULL),(26,26,NULL,NULL,NULL,0,'',NULL,0,'2023-01-18 11:05:01','2023-01-18 11:05:01',NULL,0,NULL),(27,27,NULL,NULL,NULL,0,'',NULL,0,'2023-01-18 11:05:02','2023-01-18 11:05:02',NULL,0,NULL),(28,28,NULL,NULL,NULL,0,'',NULL,0,'2023-01-18 11:05:02','2023-01-18 11:05:02',NULL,0,NULL),(29,29,NULL,NULL,NULL,0,'',NULL,0,'2023-01-18 11:05:02','2023-01-18 11:05:02',NULL,0,NULL),(30,30,NULL,NULL,NULL,0,'',NULL,0,'2023-01-18 11:05:02','2023-01-18 11:05:02',NULL,0,NULL),(31,31,NULL,NULL,NULL,0,'',NULL,0,'2023-01-18 11:05:02','2023-01-18 11:05:02',NULL,0,NULL),(32,32,NULL,NULL,NULL,0,'',NULL,0,'2023-01-18 11:05:02','2023-01-18 11:05:02',NULL,0,NULL),(33,33,NULL,NULL,NULL,0,'',NULL,0,'2023-01-18 11:05:02','2023-01-18 11:05:02',NULL,0,NULL),(34,34,NULL,NULL,NULL,0,'',NULL,0,'2023-01-18 11:05:02','2023-01-18 11:05:02',NULL,0,NULL),(35,35,NULL,NULL,NULL,0,'',NULL,0,'2023-01-18 11:05:03','2023-01-18 11:05:03',NULL,0,NULL);
/*!40000 ALTER TABLE `compliance_managements` ENABLE KEYS */;
UNLOCK TABLES;

--
-- Table structure for table `compliance_managements_projects`
--

DROP TABLE IF EXISTS `compliance_managements_projects`;
/*!40101 SET @saved_cs_client     = @@character_set_client */;
/*!50503 SET character_set_client = utf8mb4 */;
CREATE TABLE `compliance_managements_projects` (
  `id` int NOT NULL AUTO_INCREMENT,
  `compliance_management_id` int DEFAULT NULL,
  `project_id` int DEFAULT NULL,
  `created` datetime NOT NULL,
  PRIMARY KEY (`id`),
  KEY `project_id` (`project_id`),
  KEY `compliance_management_id` (`compliance_management_id`),
  CONSTRAINT `compliance_managements_projects_ibfk_1` FOREIGN KEY (`project_id`) REFERENCES `projects` (`id`) ON DELETE CASCADE ON UPDATE CASCADE,
  CONSTRAINT `compliance_managements_projects_ibfk_2` FOREIGN KEY (`compliance_management_id`) REFERENCES `compliance_managements` (`id`) ON DELETE CASCADE ON UPDATE CASCADE
) ENGINE=InnoDB DEFAULT CHARSET=utf8mb4 COLLATE=utf8mb4_unicode_ci;
/*!40101 SET character_set_client = @saved_cs_client */;

--
-- Dumping data for table `compliance_managements_projects`
--

LOCK TABLES `compliance_managements_projects` WRITE;
/*!40000 ALTER TABLE `compliance_managements_projects` DISABLE KEYS */;
/*!40000 ALTER TABLE `compliance_managements_projects` ENABLE KEYS */;
UNLOCK TABLES;

--
-- Table structure for table `compliance_managements_risks`
--

DROP TABLE IF EXISTS `compliance_managements_risks`;
/*!40101 SET @saved_cs_client     = @@character_set_client */;
/*!50503 SET character_set_client = utf8mb4 */;
CREATE TABLE `compliance_managements_risks` (
  `id` int NOT NULL AUTO_INCREMENT,
  `compliance_management_id` int NOT NULL,
  `risk_id` int NOT NULL,
  PRIMARY KEY (`id`),
  KEY `risk_id` (`risk_id`),
  KEY `compliance_management_id` (`compliance_management_id`),
  CONSTRAINT `compliance_managements_risks_ibfk_1` FOREIGN KEY (`risk_id`) REFERENCES `risks` (`id`) ON DELETE CASCADE ON UPDATE CASCADE,
  CONSTRAINT `compliance_managements_risks_ibfk_2` FOREIGN KEY (`compliance_management_id`) REFERENCES `compliance_managements` (`id`) ON DELETE CASCADE ON UPDATE CASCADE
) ENGINE=InnoDB DEFAULT CHARSET=utf8mb4 COLLATE=utf8mb4_unicode_ci;
/*!40101 SET character_set_client = @saved_cs_client */;

--
-- Dumping data for table `compliance_managements_risks`
--

LOCK TABLES `compliance_managements_risks` WRITE;
/*!40000 ALTER TABLE `compliance_managements_risks` DISABLE KEYS */;
/*!40000 ALTER TABLE `compliance_managements_risks` ENABLE KEYS */;
UNLOCK TABLES;

--
-- Table structure for table `compliance_managements_security_policies`
--

DROP TABLE IF EXISTS `compliance_managements_security_policies`;
/*!40101 SET @saved_cs_client     = @@character_set_client */;
/*!50503 SET character_set_client = utf8mb4 */;
CREATE TABLE `compliance_managements_security_policies` (
  `id` int NOT NULL AUTO_INCREMENT,
  `compliance_management_id` int NOT NULL,
  `security_policy_id` int NOT NULL,
  PRIMARY KEY (`id`),
  KEY `security_policy_id` (`security_policy_id`),
  KEY `compliance_management_id` (`compliance_management_id`),
  CONSTRAINT `compliance_managements_security_policies_ibfk_1` FOREIGN KEY (`security_policy_id`) REFERENCES `security_policies` (`id`) ON DELETE CASCADE ON UPDATE CASCADE,
  CONSTRAINT `compliance_managements_security_policies_ibfk_2` FOREIGN KEY (`compliance_management_id`) REFERENCES `compliance_managements` (`id`) ON DELETE CASCADE ON UPDATE CASCADE
) ENGINE=InnoDB DEFAULT CHARSET=utf8mb4 COLLATE=utf8mb4_unicode_ci;
/*!40101 SET character_set_client = @saved_cs_client */;

--
-- Dumping data for table `compliance_managements_security_policies`
--

LOCK TABLES `compliance_managements_security_policies` WRITE;
/*!40000 ALTER TABLE `compliance_managements_security_policies` DISABLE KEYS */;
/*!40000 ALTER TABLE `compliance_managements_security_policies` ENABLE KEYS */;
UNLOCK TABLES;

--
-- Table structure for table `compliance_managements_security_services`
--

DROP TABLE IF EXISTS `compliance_managements_security_services`;
/*!40101 SET @saved_cs_client     = @@character_set_client */;
/*!50503 SET character_set_client = utf8mb4 */;
CREATE TABLE `compliance_managements_security_services` (
  `id` int NOT NULL AUTO_INCREMENT,
  `compliance_management_id` int NOT NULL,
  `security_service_id` int NOT NULL,
  PRIMARY KEY (`id`),
  KEY `security_service_id` (`security_service_id`),
  KEY `compliance_management_id` (`compliance_management_id`),
  CONSTRAINT `compliance_managements_security_services_ibfk_1` FOREIGN KEY (`security_service_id`) REFERENCES `security_services` (`id`) ON DELETE CASCADE ON UPDATE CASCADE,
  CONSTRAINT `compliance_managements_security_services_ibfk_2` FOREIGN KEY (`compliance_management_id`) REFERENCES `compliance_managements` (`id`) ON DELETE CASCADE ON UPDATE CASCADE
) ENGINE=InnoDB DEFAULT CHARSET=utf8mb4 COLLATE=utf8mb4_unicode_ci;
/*!40101 SET character_set_client = @saved_cs_client */;

--
-- Dumping data for table `compliance_managements_security_services`
--

LOCK TABLES `compliance_managements_security_services` WRITE;
/*!40000 ALTER TABLE `compliance_managements_security_services` DISABLE KEYS */;
/*!40000 ALTER TABLE `compliance_managements_security_services` ENABLE KEYS */;
UNLOCK TABLES;

--
-- Table structure for table `compliance_managements_third_party_risks`
--

DROP TABLE IF EXISTS `compliance_managements_third_party_risks`;
/*!40101 SET @saved_cs_client     = @@character_set_client */;
/*!50503 SET character_set_client = utf8mb4 */;
CREATE TABLE `compliance_managements_third_party_risks` (
  `id` int NOT NULL AUTO_INCREMENT,
  `compliance_management_id` int NOT NULL,
  `third_party_risk_id` int NOT NULL,
  PRIMARY KEY (`id`),
  KEY `third_party_risk_id` (`third_party_risk_id`),
  KEY `compliance_management_id` (`compliance_management_id`),
  CONSTRAINT `compliance_managements_third_party_risks_ibfk_1` FOREIGN KEY (`third_party_risk_id`) REFERENCES `third_party_risks` (`id`) ON DELETE CASCADE ON UPDATE CASCADE,
  CONSTRAINT `compliance_managements_third_party_risks_ibfk_2` FOREIGN KEY (`compliance_management_id`) REFERENCES `compliance_managements` (`id`) ON DELETE CASCADE ON UPDATE CASCADE
) ENGINE=InnoDB DEFAULT CHARSET=utf8mb4 COLLATE=utf8mb4_unicode_ci;
/*!40101 SET character_set_client = @saved_cs_client */;

--
-- Dumping data for table `compliance_managements_third_party_risks`
--

LOCK TABLES `compliance_managements_third_party_risks` WRITE;
/*!40000 ALTER TABLE `compliance_managements_third_party_risks` DISABLE KEYS */;
/*!40000 ALTER TABLE `compliance_managements_third_party_risks` ENABLE KEYS */;
UNLOCK TABLES;

--
-- Table structure for table `compliance_package_items`
--

DROP TABLE IF EXISTS `compliance_package_items`;
/*!40101 SET @saved_cs_client     = @@character_set_client */;
/*!50503 SET character_set_client = utf8mb4 */;
CREATE TABLE `compliance_package_items` (
  `id` int NOT NULL AUTO_INCREMENT,
  `item_id` varchar(255) COLLATE utf8mb4_unicode_ci NOT NULL,
  `name` text COLLATE utf8mb4_unicode_ci NOT NULL,
  `description` text COLLATE utf8mb4_unicode_ci NOT NULL,
  `audit_questionaire` text COLLATE utf8mb4_unicode_ci NOT NULL,
  `compliance_package_id` int NOT NULL,
  `workflow_owner_id` int DEFAULT NULL,
  `workflow_status` int NOT NULL DEFAULT '0',
  `created` datetime NOT NULL,
  `modified` datetime NOT NULL,
  `deleted` int NOT NULL DEFAULT '0',
  `deleted_date` datetime DEFAULT NULL,
  PRIMARY KEY (`id`),
  KEY `compliance_package_id` (`compliance_package_id`),
  CONSTRAINT `compliance_package_items_ibfk_1` FOREIGN KEY (`compliance_package_id`) REFERENCES `compliance_packages` (`id`) ON DELETE CASCADE ON UPDATE CASCADE
) ENGINE=InnoDB AUTO_INCREMENT=36 DEFAULT CHARSET=utf8mb4 COLLATE=utf8mb4_unicode_ci;
/*!40101 SET character_set_client = @saved_cs_client */;

--
-- Dumping data for table `compliance_package_items`
--

LOCK TABLES `compliance_package_items` WRITE;
/*!40000 ALTER TABLE `compliance_package_items` DISABLE KEYS */;
INSERT INTO `compliance_package_items` VALUES (1,'1.1.2','Current network diagram that identifies all connections between the cardholder data environment and other networks including any wireless networks','NA','NA',1,NULL,0,'2023-01-18 11:04:58','2023-01-18 11:04:58',0,NULL),(2,'1.1.3','Current diagram that shows all cardholder data flows across systems and networks','NA','NA',1,NULL,0,'2023-01-18 11:04:59','2023-01-18 11:04:59',0,NULL),(3,'1.5.0','Ensure that security policies and operational procedures for managing firewalls are documented in use and known to all affected parties.','NA','NA',1,NULL,0,'2023-01-18 11:04:59','2023-01-18 11:04:59',0,NULL),(4,'2.1.0','Always change vendor-supplied defaults and remove or disable unnecessary default accounts before installing a system on the network. This applies to ALL default passwords including but not limited to those used by operating systems software that provides security services application and system accounts point-of-sale(POS) terminals payment applications Simple Network Management Protocol(SNMP) community strings etc.).','NA','NA',2,NULL,0,'2023-01-18 11:04:59','2023-01-18 11:04:59',0,NULL),(5,'2.1.1','For wireless environments connected to the cardholder data environment or transmitting cardholder data change ALL wireless vendor defaults at installation including but not limited to default wireless encryption keys passwords and SNMP community strings.','NA','NA',2,NULL,0,'2023-01-18 11:04:59','2023-01-18 11:04:59',0,NULL),(6,'2.2.0','Develop configuration standards for all system components. Assure that these standards address all known security vulnerabilities and are consistent with industry-accepted system hardening standards. Sources of industry-accepted system hardening standards may include but are not limited to:','NA','NA',2,NULL,0,'2023-01-18 11:04:59','2023-01-18 11:04:59',0,NULL),(7,'2.2.3','Implement additional security features for any required services protocols or daemons that are considered to be insecure.','NA','NA',2,NULL,0,'2023-01-18 11:04:59','2023-01-18 11:04:59',0,NULL),(8,'2.3.0','Encrypt all non-console administrative access using strong cryptography.','NA','NA',2,NULL,0,'2023-01-18 11:04:59','2023-01-18 11:04:59',0,NULL),(9,'2.4.0','Maintain an inventory of system components that are in scope for PCIDSS.','NA','NA',2,NULL,0,'2023-01-18 11:05:00','2023-01-18 11:05:00',0,NULL),(10,'2.5.0','Ensure that security policies and operational procedures for managing vendor defaults and other security parameters are documented in use and known to all affected parties.','NA','NA',2,NULL,0,'2023-01-18 11:05:00','2023-01-18 11:05:00',0,NULL),(11,'3.6.8','Requirement for cryptographic keycustodians to formally acknowledge thatthey understand and accept their keycustodian responsibilities.','NA','NA',3,NULL,0,'2023-01-18 11:05:00','2023-01-18 11:05:00',0,NULL),(12,'3.7.0','Ensure that security policies andoperational procedures for protecting storedcardholder data are documented in useand known to all affected parties.','NA','NA',3,NULL,0,'2023-01-18 11:05:00','2023-01-18 11:05:00',0,NULL),(13,'4.3.0','Ensure that security policies andoperational procedures for encryptingtransmissions of cardholder data aredocumented in use and known to allaffected parties.','NA','NA',4,NULL,0,'2023-01-18 11:05:00','2023-01-18 11:05:00',0,NULL),(14,'5.2.0','Ensure that all anti-virus mechanismsare maintained as follows:','NA','NA',5,NULL,0,'2023-01-18 11:05:00','2023-01-18 11:05:00',0,NULL),(15,'5.3.0','Ensure that anti-virus mechanismsare actively running and cannot bedisabled or altered by users unlessspecifically authorized by managementon a case-by-case basis for a limitedtime period.Note: Anti-virus solutions may betemporarily disabled only if there islegitimate technical need as authorizedby management on a case-by-casebasis. If anti-virus protection needs to bedisabled for a specific purpose it mustbe formally authorized. Additionalsecurity measures may also need to beimplemented for the period of time duringwhich anti-virus protection is not active.','NA','NA',5,NULL,0,'2023-01-18 11:05:00','2023-01-18 11:05:00',0,NULL),(16,'5.4.0','Ensure that security policies andoperational procedures for protectingsystems against malware aredocumented in use and known to allaffected parties.','NA','NA',5,NULL,0,'2023-01-18 11:05:00','2023-01-18 11:05:00',0,NULL),(17,'6.1.0','Establish a process to identify securityvulnerabilities using reputable outsidesources for security vulnerability informationand assign a risk ranking (for example ashigh medium or low) to newlydiscovered security vulnerabilities.Note: Risk rankings should be based onindustry best practices as well asconsideration of potential impact. Forexample criteria for ranking vulnerabilitiesmay include consideration of the CVSS basescore and/or the classification by the vendorand/or type of systems affected.Methods for evaluating vulnerabilities andassigning risk ratings will vary based on anorganizations environment and riskassessment strategy. Risk rankings shouldat a minimum identify all vulnerabilitiesconsidered to be a high risk to theenvironment. In addition to the risk rankingvulnerabilities may be considered critical ifthey pose an imminent threat to theenvironment impact critical systems and/orwould result in a potential compromise if notaddressed. Examples of critical systems mayinclude security systems public-facingdevices and systems databases and othersystems that store process or transmitcardholder data.','NA','NA',6,NULL,0,'2023-01-18 11:05:00','2023-01-18 11:05:00',0,NULL),(18,'6.2.0','Ensure that all system components andsoftware are protected from knownvulnerabilities by installing applicable vendorsupplied security patches. Install criticalsecurity patches within one month of release.Note: Critical security patches should beidentified according to the risk rankingprocess defined in Requirement 6.1.','NA','NA',6,NULL,0,'2023-01-18 11:05:01','2023-01-18 11:05:01',0,NULL),(19,'6.3.1','Remove development test and/orcustom application accounts user IDs andpasswords before applications becomeactive or are released to customers.','NA','NA',6,NULL,0,'2023-01-18 11:05:01','2023-01-18 11:05:01',0,NULL),(20,'6.3.2','Review custom code prior to releaseto production or customers in order toidentify any potential coding vulnerability(using either manual or automatedprocesses) to include at least the following:','NA','NA',6,NULL,0,'2023-01-18 11:05:01','2023-01-18 11:05:01',0,NULL),(21,'6.4.4','Removal of test data and accountsfrom system components before the systembecomes active / goes into production.','NA','NA',6,NULL,0,'2023-01-18 11:05:01','2023-01-18 11:05:01',0,NULL),(22,'6.4.6','Upon completion of a significantchange all relevant PCI DSS requirementsmust be implemented on all new or changedsystems and networks and documentationupdated as applicable.','NA','NA',6,NULL,0,'2023-01-18 11:05:01','2023-01-18 11:05:01',0,NULL),(23,'6.7.0','Ensure that security policies andoperational procedures for developing andmaintaining secure systems and applicationsare documented in use and known to allaffected parties.','NA','NA',6,NULL,0,'2023-01-18 11:05:01','2023-01-18 11:05:01',0,NULL),(24,'7.3.0','Ensure that security policies andoperational procedures for restrictingaccess to cardholder data aredocumented in use and known toall affected parties.','NA','NA',7,NULL,0,'2023-01-18 11:05:01','2023-01-18 11:05:01',0,NULL),(25,'8.1.3','Immediately revoke access forany terminated users.','NA','NA',8,NULL,0,'2023-01-18 11:05:01','2023-01-18 11:05:01',0,NULL),(26,'8.1.5','Manage IDs used by third parties to access support or maintain system components via remote access as follows:','NA','NA',8,NULL,0,'2023-01-18 11:05:01','2023-01-18 11:05:01',0,NULL),(27,'8.1.7','Set the lockout duration to a minimum of 30 minutes or until an administrator enables the user ID.','NA','NA',8,NULL,0,'2023-01-18 11:05:02','2023-01-18 11:05:02',0,NULL),(28,'8.8.0','Ensure that security policies and operational procedures for identification and authentication are documented in use and known to all affected parties.','NA','NA',8,NULL,0,'2023-01-18 11:05:02','2023-01-18 11:05:02',0,NULL),(29,'9.1.0','Use appropriate facility entry controls to limit and monitor physical access to systems in the cardholder data environment.','NA','NA',9,NULL,0,'2023-01-18 11:05:02','2023-01-18 11:05:02',0,NULL),(30,'9.8.0','Destroy media when it is no longerneeded for business or legal reasons asfollows:','NA','NA',9,NULL,0,'2023-01-18 11:05:02','2023-01-18 11:05:02',0,NULL),(31,'10.5.3','Promptly back up audit trail filesto a centralized log server or mediathat is difficult to alter.','NA','NA',10,NULL,0,'2023-01-18 11:05:02','2023-01-18 11:05:02',0,NULL),(32,'10.9.0','Ensure that security policies andoperational procedures for monitoring allaccess to network resources andcardholder data are documented in useand known to all affected parties.','NA','NA',10,NULL,0,'2023-01-18 11:05:02','2023-01-18 11:05:02',0,NULL),(33,'11.2.3','Perform internal and externalscans and rescans as needed after anysignificant change. Scans must beperformed by qualified personnel.','NA','NA',11,NULL,0,'2023-01-18 11:05:02','2023-01-18 11:05:02',0,NULL),(34,'11.6.0','Ensure that security policies andoperational procedures for securitymonitoring and testing are documented inuse and known to all affected parties.','NA','NA',11,NULL,0,'2023-01-18 11:05:02','2023-01-18 11:05:02',0,NULL),(35,'12.3.9','Activation of remote-accesstechnologies for vendors and businesspartners only when needed by vendors andbusiness partners with immediatedeactivation after use','NA','NA',12,NULL,0,'2023-01-18 11:05:03','2023-01-18 11:05:03',0,NULL);
/*!40000 ALTER TABLE `compliance_package_items` ENABLE KEYS */;
UNLOCK TABLES;

--
-- Table structure for table `compliance_package_regulators`
--

DROP TABLE IF EXISTS `compliance_package_regulators`;
/*!40101 SET @saved_cs_client     = @@character_set_client */;
/*!50503 SET character_set_client = utf8mb4 */;
CREATE TABLE `compliance_package_regulators` (
  `id` int NOT NULL AUTO_INCREMENT,
  `name` varchar(255) COLLATE utf8mb4_unicode_ci NOT NULL DEFAULT '',
  `description` text COLLATE utf8mb4_unicode_ci NOT NULL,
  `publisher_name` varchar(255) COLLATE utf8mb4_unicode_ci NOT NULL DEFAULT '',
  `regulation_name` varchar(255) COLLATE utf8mb4_unicode_ci NOT NULL DEFAULT '',
  `version` varchar(128) COLLATE utf8mb4_unicode_ci NOT NULL,
  `language` varchar(128) COLLATE utf8mb4_unicode_ci NOT NULL,
  `url` text COLLATE utf8mb4_unicode_ci NOT NULL,
  `restriction` int NOT NULL,
  `created` datetime NOT NULL,
  `modified` datetime NOT NULL,
  `deleted` int NOT NULL DEFAULT '0',
  `deleted_date` datetime DEFAULT NULL,
  `edited` datetime DEFAULT NULL,
  PRIMARY KEY (`id`),
  FULLTEXT KEY `name` (`name`)
) ENGINE=InnoDB AUTO_INCREMENT=2 DEFAULT CHARSET=utf8mb4 COLLATE=utf8mb4_unicode_ci;
/*!40101 SET character_set_client = @saved_cs_client */;

--
-- Dumping data for table `compliance_package_regulators`
--

LOCK TABLES `compliance_package_regulators` WRITE;
/*!40000 ALTER TABLE `compliance_package_regulators` DISABLE KEYS */;
INSERT INTO `compliance_package_regulators` VALUES (1,'test','test','test','test','3.2','en','',1,'2023-01-18 10:59:01','2023-01-18 10:59:01',0,NULL,NULL);
/*!40000 ALTER TABLE `compliance_package_regulators` ENABLE KEYS */;
UNLOCK TABLES;

--
-- Table structure for table `compliance_package_regulators_legals`
--

DROP TABLE IF EXISTS `compliance_package_regulators_legals`;
/*!40101 SET @saved_cs_client     = @@character_set_client */;
/*!50503 SET character_set_client = utf8mb4 */;
CREATE TABLE `compliance_package_regulators_legals` (
  `id` int NOT NULL AUTO_INCREMENT,
  `compliance_package_regulator_id` int NOT NULL,
  `legal_id` int NOT NULL,
  PRIMARY KEY (`id`),
  KEY `legal_id` (`legal_id`),
  KEY `compliance_package_regulator_id` (`compliance_package_regulator_id`),
  CONSTRAINT `compliance_package_regulators_legals_ibfk_1` FOREIGN KEY (`legal_id`) REFERENCES `legals` (`id`) ON DELETE CASCADE ON UPDATE CASCADE,
  CONSTRAINT `compliance_package_regulators_legals_ibfk_2` FOREIGN KEY (`compliance_package_regulator_id`) REFERENCES `compliance_package_regulators` (`id`) ON DELETE CASCADE ON UPDATE CASCADE
) ENGINE=InnoDB DEFAULT CHARSET=utf8mb4 COLLATE=utf8mb4_unicode_ci;
/*!40101 SET character_set_client = @saved_cs_client */;

--
-- Dumping data for table `compliance_package_regulators_legals`
--

LOCK TABLES `compliance_package_regulators_legals` WRITE;
/*!40000 ALTER TABLE `compliance_package_regulators_legals` DISABLE KEYS */;
/*!40000 ALTER TABLE `compliance_package_regulators_legals` ENABLE KEYS */;
UNLOCK TABLES;

--
-- Table structure for table `compliance_packages`
--

DROP TABLE IF EXISTS `compliance_packages`;
/*!40101 SET @saved_cs_client     = @@character_set_client */;
/*!50503 SET character_set_client = utf8mb4 */;
CREATE TABLE `compliance_packages` (
  `id` int NOT NULL AUTO_INCREMENT,
  `package_id` varchar(255) COLLATE utf8mb4_unicode_ci NOT NULL DEFAULT '',
  `name` varchar(255) COLLATE utf8mb4_unicode_ci NOT NULL DEFAULT '',
  `description` text COLLATE utf8mb4_unicode_ci NOT NULL,
  `compliance_package_regulator_id` int NOT NULL,
  `created` datetime NOT NULL,
  `modified` datetime NOT NULL,
  `edited` datetime DEFAULT NULL,
  `deleted` int NOT NULL DEFAULT '0',
  `deleted_date` datetime DEFAULT NULL,
  PRIMARY KEY (`id`),
  KEY `compliance_package_regulator_id` (`compliance_package_regulator_id`),
  CONSTRAINT `compliance_packages_ibfk_1` FOREIGN KEY (`compliance_package_regulator_id`) REFERENCES `compliance_package_regulators` (`id`) ON DELETE CASCADE ON UPDATE CASCADE
) ENGINE=InnoDB AUTO_INCREMENT=13 DEFAULT CHARSET=utf8mb4 COLLATE=utf8mb4_unicode_ci;
/*!40101 SET character_set_client = @saved_cs_client */;

--
-- Dumping data for table `compliance_packages`
--

LOCK TABLES `compliance_packages` WRITE;
/*!40000 ALTER TABLE `compliance_packages` DISABLE KEYS */;
INSERT INTO `compliance_packages` VALUES (1,'1','Install and maintain a firewall configuration to protect cardholder data','Na blenagrijke wijziging',1,'2023-01-18 11:04:58','2023-01-18 11:04:58',NULL,0,NULL),(2,'2','Do not use vendor-supplied defaults for system passwords and other security parameters','Voor netwerkverbinding',1,'2023-01-18 11:04:59','2023-01-18 11:04:59',NULL,0,NULL),(3,'3','Protect stored cardholder data','Na blenagrijke wijziging',1,'2023-01-18 11:05:00','2023-01-18 11:05:00',NULL,0,NULL),(4,'4','Encrypt transmission of cardholder data across open public networks','Voortdurend proces',1,'2023-01-18 11:05:00','2023-01-18 11:05:00',NULL,0,NULL),(5,'5','Protect all systems against malware and regularly update anti-virus software or programs','Voortdurend proces',1,'2023-01-18 11:05:00','2023-01-18 11:05:00',NULL,0,NULL),(6,'6','Develop and maintain secure systems and applications','Voortdurend proces',1,'2023-01-18 11:05:00','2023-01-18 11:05:00',NULL,0,NULL),(7,'7','Restrict access to cardholder data by business need to know','Voortdurend proces',1,'2023-01-18 11:05:01','2023-01-18 11:05:01',NULL,0,NULL),(8,'8','Identify and authenticate access to system components','Onmiddelijk',1,'2023-01-18 11:05:01','2023-01-18 11:05:01',NULL,0,NULL),(9,'9','Restrict physical access to cardholder data','Voortdurend proces',1,'2023-01-18 11:05:02','2023-01-18 11:05:02',NULL,0,NULL),(10,'10','Track and monitor all access to network resources and cardholder data','Onmiddelijk',1,'2023-01-18 11:05:02','2023-01-18 11:05:02',NULL,0,NULL),(11,'11','Regularly test security systems and processes.','Na blenagrijke wijziging',1,'2023-01-18 11:05:02','2023-01-18 11:05:02',NULL,0,NULL),(12,'12','Maintain a policy that addresses information security for all personnel','Wanneer nodig',1,'2023-01-18 11:05:03','2023-01-18 11:05:03',NULL,0,NULL);
/*!40000 ALTER TABLE `compliance_packages` ENABLE KEYS */;
UNLOCK TABLES;

--
-- Table structure for table `compliance_statuses`
--

DROP TABLE IF EXISTS `compliance_statuses`;
/*!40101 SET @saved_cs_client     = @@character_set_client */;
/*!50503 SET character_set_client = utf8mb4 */;
CREATE TABLE `compliance_statuses` (
  `id` int NOT NULL AUTO_INCREMENT,
  `name` varchar(255) COLLATE utf8mb4_unicode_ci NOT NULL DEFAULT '',
  PRIMARY KEY (`id`)
) ENGINE=InnoDB AUTO_INCREMENT=5 DEFAULT CHARSET=utf8mb4 COLLATE=utf8mb4_unicode_ci;
/*!40101 SET character_set_client = @saved_cs_client */;

--
-- Dumping data for table `compliance_statuses`
--

LOCK TABLES `compliance_statuses` WRITE;
/*!40000 ALTER TABLE `compliance_statuses` DISABLE KEYS */;
INSERT INTO `compliance_statuses` VALUES (1,'On-Going'),(2,'Compliant'),(3,'Non-Compliant'),(4,'Not-Applicable');
/*!40000 ALTER TABLE `compliance_statuses` ENABLE KEYS */;
UNLOCK TABLES;

--
-- Table structure for table `compliance_treatment_strategies`
--

DROP TABLE IF EXISTS `compliance_treatment_strategies`;
/*!40101 SET @saved_cs_client     = @@character_set_client */;
/*!50503 SET character_set_client = utf8mb4 */;
CREATE TABLE `compliance_treatment_strategies` (
  `id` int NOT NULL AUTO_INCREMENT,
  `name` varchar(255) COLLATE utf8mb4_unicode_ci NOT NULL DEFAULT '',
  PRIMARY KEY (`id`)
) ENGINE=InnoDB AUTO_INCREMENT=4 DEFAULT CHARSET=utf8mb4 COLLATE=utf8mb4_unicode_ci;
/*!40101 SET character_set_client = @saved_cs_client */;

--
-- Dumping data for table `compliance_treatment_strategies`
--

LOCK TABLES `compliance_treatment_strategies` WRITE;
/*!40000 ALTER TABLE `compliance_treatment_strategies` DISABLE KEYS */;
INSERT INTO `compliance_treatment_strategies` VALUES (1,'Compliant'),(2,'Not Applicable'),(3,'Not Compliant');
/*!40000 ALTER TABLE `compliance_treatment_strategies` ENABLE KEYS */;
UNLOCK TABLES;

--
-- Table structure for table `concurrent_edits`
--

DROP TABLE IF EXISTS `concurrent_edits`;
/*!40101 SET @saved_cs_client     = @@character_set_client */;
/*!50503 SET character_set_client = utf8mb4 */;
CREATE TABLE `concurrent_edits` (
  `id` int NOT NULL AUTO_INCREMENT,
  `model` varchar(255) COLLATE utf8mb4_unicode_ci NOT NULL,
  `foreign_key` int NOT NULL,
  `user_id` int NOT NULL,
  `expires` datetime NOT NULL,
  `created` datetime NOT NULL,
  `modified` datetime NOT NULL,
  PRIMARY KEY (`id`),
  KEY `user_id` (`user_id`),
  CONSTRAINT `concurrent_edits_ibfk_1` FOREIGN KEY (`user_id`) REFERENCES `users` (`id`) ON DELETE CASCADE ON UPDATE CASCADE
) ENGINE=InnoDB DEFAULT CHARSET=utf8mb4 COLLATE=utf8mb4_unicode_ci;
/*!40101 SET character_set_client = @saved_cs_client */;

--
-- Dumping data for table `concurrent_edits`
--

LOCK TABLES `concurrent_edits` WRITE;
/*!40000 ALTER TABLE `concurrent_edits` DISABLE KEYS */;
/*!40000 ALTER TABLE `concurrent_edits` ENABLE KEYS */;
UNLOCK TABLES;

--
-- Table structure for table `countries`
--

DROP TABLE IF EXISTS `countries`;
/*!40101 SET @saved_cs_client     = @@character_set_client */;
/*!50503 SET character_set_client = utf8mb4 */;
CREATE TABLE `countries` (
  `id` int NOT NULL AUTO_INCREMENT,
  `type` int DEFAULT NULL,
  `model` varchar(50) COLLATE utf8mb4_unicode_ci NOT NULL DEFAULT '',
  `foreign_key` int NOT NULL,
  `country_id` varchar(20) COLLATE utf8mb4_unicode_ci NOT NULL,
  PRIMARY KEY (`id`),
  KEY `foreign_key` (`foreign_key`)
) ENGINE=InnoDB DEFAULT CHARSET=utf8mb4 COLLATE=utf8mb4_unicode_ci;
/*!40101 SET character_set_client = @saved_cs_client */;

--
-- Dumping data for table `countries`
--

LOCK TABLES `countries` WRITE;
/*!40000 ALTER TABLE `countries` DISABLE KEYS */;
/*!40000 ALTER TABLE `countries` ENABLE KEYS */;
UNLOCK TABLES;

--
-- Table structure for table `cron`
--

DROP TABLE IF EXISTS `cron`;
/*!40101 SET @saved_cs_client     = @@character_set_client */;
/*!50503 SET character_set_client = utf8mb4 */;
CREATE TABLE `cron` (
  `id` int NOT NULL AUTO_INCREMENT,
  `type` varchar(128) COLLATE utf8mb4_unicode_ci NOT NULL,
  `execution_time` float DEFAULT NULL,
  `status` varchar(128) COLLATE utf8mb4_unicode_ci DEFAULT 'success',
  `request_id` varchar(36) COLLATE utf8mb4_unicode_ci DEFAULT NULL,
  `created` datetime NOT NULL,
  `completed` datetime DEFAULT NULL,
  `url` varchar(255) COLLATE utf8mb4_unicode_ci DEFAULT NULL,
  `message` text COLLATE utf8mb4_unicode_ci,
  PRIMARY KEY (`id`)
) ENGINE=InnoDB DEFAULT CHARSET=utf8mb4 COLLATE=utf8mb4_unicode_ci;
/*!40101 SET character_set_client = @saved_cs_client */;

--
-- Dumping data for table `cron`
--

LOCK TABLES `cron` WRITE;
/*!40000 ALTER TABLE `cron` DISABLE KEYS */;
/*!40000 ALTER TABLE `cron` ENABLE KEYS */;
UNLOCK TABLES;

--
-- Table structure for table `cron_dynamic_queue`
--

DROP TABLE IF EXISTS `cron_dynamic_queue`;
/*!40101 SET @saved_cs_client     = @@character_set_client */;
/*!50503 SET character_set_client = utf8mb4 */;
CREATE TABLE `cron_dynamic_queue` (
  `id` int NOT NULL AUTO_INCREMENT,
  `type` int DEFAULT NULL,
  `status` int NOT NULL DEFAULT '0',
  `created` datetime DEFAULT NULL,
  `modified` datetime DEFAULT NULL,
  PRIMARY KEY (`id`)
) ENGINE=InnoDB DEFAULT CHARSET=utf8mb4 COLLATE=utf8mb4_unicode_ci;
/*!40101 SET character_set_client = @saved_cs_client */;

--
-- Dumping data for table `cron_dynamic_queue`
--

LOCK TABLES `cron_dynamic_queue` WRITE;
/*!40000 ALTER TABLE `cron_dynamic_queue` DISABLE KEYS */;
/*!40000 ALTER TABLE `cron_dynamic_queue` ENABLE KEYS */;
UNLOCK TABLES;

--
-- Table structure for table `cron_tasks`
--

DROP TABLE IF EXISTS `cron_tasks`;
/*!40101 SET @saved_cs_client     = @@character_set_client */;
/*!50503 SET character_set_client = utf8mb4 */;
CREATE TABLE `cron_tasks` (
  `id` int NOT NULL AUTO_INCREMENT,
  `cron_id` int NOT NULL,
  `task` varchar(128) COLLATE utf8mb4_unicode_ci NOT NULL DEFAULT '',
  `status` int NOT NULL DEFAULT '0',
  `execution_time` float DEFAULT NULL,
  `message` text COLLATE utf8mb4_unicode_ci,
  `created` datetime NOT NULL,
  `completed` datetime DEFAULT NULL,
  PRIMARY KEY (`id`),
  KEY `cron_id` (`cron_id`),
  CONSTRAINT `cron_tasks_ibfk_1` FOREIGN KEY (`cron_id`) REFERENCES `cron` (`id`) ON DELETE CASCADE ON UPDATE CASCADE
) ENGINE=InnoDB DEFAULT CHARSET=utf8mb4 COLLATE=utf8mb4_unicode_ci;
/*!40101 SET character_set_client = @saved_cs_client */;

--
-- Dumping data for table `cron_tasks`
--

LOCK TABLES `cron_tasks` WRITE;
/*!40000 ALTER TABLE `cron_tasks` DISABLE KEYS */;
/*!40000 ALTER TABLE `cron_tasks` ENABLE KEYS */;
UNLOCK TABLES;

--
-- Table structure for table `custom_field_options`
--

DROP TABLE IF EXISTS `custom_field_options`;
/*!40101 SET @saved_cs_client     = @@character_set_client */;
/*!50503 SET character_set_client = utf8mb4 */;
CREATE TABLE `custom_field_options` (
  `id` int NOT NULL AUTO_INCREMENT,
  `custom_field_id` int NOT NULL,
  `value` varchar(155) COLLATE utf8mb4_unicode_ci NOT NULL,
  PRIMARY KEY (`id`),
  KEY `custom_field_id` (`custom_field_id`),
  CONSTRAINT `custom_field_options_ibfk_1` FOREIGN KEY (`custom_field_id`) REFERENCES `custom_fields` (`id`) ON DELETE CASCADE ON UPDATE CASCADE
) ENGINE=InnoDB DEFAULT CHARSET=utf8mb4 COLLATE=utf8mb4_unicode_ci;
/*!40101 SET character_set_client = @saved_cs_client */;

--
-- Dumping data for table `custom_field_options`
--

LOCK TABLES `custom_field_options` WRITE;
/*!40000 ALTER TABLE `custom_field_options` DISABLE KEYS */;
/*!40000 ALTER TABLE `custom_field_options` ENABLE KEYS */;
UNLOCK TABLES;

--
-- Table structure for table `custom_field_settings`
--

DROP TABLE IF EXISTS `custom_field_settings`;
/*!40101 SET @saved_cs_client     = @@character_set_client */;
/*!50503 SET character_set_client = utf8mb4 */;
CREATE TABLE `custom_field_settings` (
  `id` int NOT NULL AUTO_INCREMENT,
  `model` varchar(155) COLLATE utf8mb4_unicode_ci NOT NULL,
  `status` int NOT NULL DEFAULT '0',
  PRIMARY KEY (`id`),
  KEY `model` (`model`)
) ENGINE=InnoDB AUTO_INCREMENT=42 DEFAULT CHARSET=utf8mb4 COLLATE=utf8mb4_unicode_ci;
/*!40101 SET character_set_client = @saved_cs_client */;

--
-- Dumping data for table `custom_field_settings`
--

LOCK TABLES `custom_field_settings` WRITE;
/*!40000 ALTER TABLE `custom_field_settings` DISABLE KEYS */;
INSERT INTO `custom_field_settings` VALUES (1,'SecurityServices',0),(2,'SecurityServiceAudits',0),(3,'SecurityServiceMaintenances',0),(4,'BusinessUnits',0),(5,'Processes',0),(6,'ThirdParties',0),(7,'Assets',0),(8,'Risks',0),(9,'ThirdPartyRisks',0),(10,'BusinessContinuities',0),(11,'ComplianceAnalysisFindings',0),(13,'RiskExceptions',0),(14,'PolicyExceptions',0),(15,'ComplianceExceptions',0),(16,'SecurityIncidents',0),(17,'DataAssets',0),(18,'ProgramIssues',0),(19,'Goals',0),(20,'TeamRoles',0),(21,'Legals',0),(22,'SecurityPolicies',0),(23,'ComplianceManagements',0),(24,'Projects',0),(25,'ServiceContracts',0),(26,'VendorAssessments.VendorAssessmentFindings',0),(27,'ProjectAchievements',0),(28,'AssetReviews',0),(29,'BusinessContinuityReviews',0),(30,'RiskReviews',0),(31,'SecurityPolicyReviews',0),(32,'ThirdPartyRiskReviews',0),(33,'AccountReviews.AccountReviews',0),(34,'AccountReviews.AccountReviewFindings',0),(35,'VendorAssessments.VendorAssessments',0),(36,'BusinessContinuityPlans',0),(37,'BusinessContinuityTasks',0),(38,'CompliancePackageRegulators',0),(39,'AccountReviews.AccountReviews',0),(40,'GoalAudits',0),(41,'SecurityServiceIssues',0);
/*!40000 ALTER TABLE `custom_field_settings` ENABLE KEYS */;
UNLOCK TABLES;

--
-- Table structure for table `custom_field_values`
--

DROP TABLE IF EXISTS `custom_field_values`;
/*!40101 SET @saved_cs_client     = @@character_set_client */;
/*!50503 SET character_set_client = utf8mb4 */;
CREATE TABLE `custom_field_values` (
  `id` int NOT NULL AUTO_INCREMENT,
  `model` varchar(255) COLLATE utf8mb4_unicode_ci NOT NULL,
  `foreign_key` int NOT NULL,
  `custom_field_id` int NOT NULL,
  `value` text COLLATE utf8mb4_unicode_ci,
  PRIMARY KEY (`id`),
  KEY `custom_field_id` (`custom_field_id`),
  KEY `model` (`model`),
  KEY `foreign_key` (`foreign_key`),
  CONSTRAINT `custom_field_values_ibfk_1` FOREIGN KEY (`custom_field_id`) REFERENCES `custom_fields` (`id`) ON DELETE CASCADE ON UPDATE CASCADE
) ENGINE=InnoDB DEFAULT CHARSET=utf8mb4 COLLATE=utf8mb4_unicode_ci;
/*!40101 SET character_set_client = @saved_cs_client */;

--
-- Dumping data for table `custom_field_values`
--

LOCK TABLES `custom_field_values` WRITE;
/*!40000 ALTER TABLE `custom_field_values` DISABLE KEYS */;
/*!40000 ALTER TABLE `custom_field_values` ENABLE KEYS */;
UNLOCK TABLES;

--
-- Table structure for table `custom_fields`
--

DROP TABLE IF EXISTS `custom_fields`;
/*!40101 SET @saved_cs_client     = @@character_set_client */;
/*!50503 SET character_set_client = utf8mb4 */;
CREATE TABLE `custom_fields` (
  `id` int NOT NULL AUTO_INCREMENT,
  `model` varchar(255) COLLATE utf8mb4_unicode_ci DEFAULT NULL,
  `custom_form_id` int DEFAULT NULL,
  `name` varchar(255) COLLATE utf8mb4_unicode_ci NOT NULL,
  `slug` varchar(255) COLLATE utf8mb4_unicode_ci NOT NULL,
  `type` int NOT NULL,
  `mandatory` int NOT NULL DEFAULT '0',
  `description` text COLLATE utf8mb4_unicode_ci NOT NULL,
  `created` datetime NOT NULL,
  `modified` datetime NOT NULL,
  PRIMARY KEY (`id`),
  UNIQUE KEY `slug` (`slug`),
  KEY `custom_form_id` (`custom_form_id`),
  CONSTRAINT `custom_fields_ibfk_1` FOREIGN KEY (`custom_form_id`) REFERENCES `custom_forms` (`id`) ON DELETE CASCADE ON UPDATE CASCADE
) ENGINE=InnoDB DEFAULT CHARSET=utf8mb4 COLLATE=utf8mb4_unicode_ci;
/*!40101 SET character_set_client = @saved_cs_client */;

--
-- Dumping data for table `custom_fields`
--

LOCK TABLES `custom_fields` WRITE;
/*!40000 ALTER TABLE `custom_fields` DISABLE KEYS */;
/*!40000 ALTER TABLE `custom_fields` ENABLE KEYS */;
UNLOCK TABLES;

--
-- Table structure for table `custom_forms`
--

DROP TABLE IF EXISTS `custom_forms`;
/*!40101 SET @saved_cs_client     = @@character_set_client */;
/*!50503 SET character_set_client = utf8mb4 */;
CREATE TABLE `custom_forms` (
  `id` int NOT NULL AUTO_INCREMENT,
  `model` varchar(155) COLLATE utf8mb4_unicode_ci NOT NULL,
  `name` varchar(155) COLLATE utf8mb4_unicode_ci NOT NULL,
  `slug` varchar(155) COLLATE utf8mb4_unicode_ci NOT NULL,
  `created` datetime NOT NULL,
  `modified` datetime NOT NULL,
  PRIMARY KEY (`id`),
  UNIQUE KEY `slug` (`slug`),
  KEY `model` (`model`)
) ENGINE=InnoDB DEFAULT CHARSET=utf8mb4 COLLATE=utf8mb4_unicode_ci;
/*!40101 SET character_set_client = @saved_cs_client */;

--
-- Dumping data for table `custom_forms`
--

LOCK TABLES `custom_forms` WRITE;
/*!40000 ALTER TABLE `custom_forms` DISABLE KEYS */;
/*!40000 ALTER TABLE `custom_forms` ENABLE KEYS */;
UNLOCK TABLES;

--
-- Table structure for table `custom_labels`
--

DROP TABLE IF EXISTS `custom_labels`;
/*!40101 SET @saved_cs_client     = @@character_set_client */;
/*!50503 SET character_set_client = utf8mb4 */;
CREATE TABLE `custom_labels` (
  `id` int NOT NULL AUTO_INCREMENT,
  `type` int NOT NULL,
  `model` varchar(255) COLLATE utf8mb4_unicode_ci NOT NULL DEFAULT '',
  `subject` varchar(255) COLLATE utf8mb4_unicode_ci NOT NULL DEFAULT '',
  `label` varchar(255) COLLATE utf8mb4_unicode_ci DEFAULT '',
  `description` text COLLATE utf8mb4_unicode_ci,
  `hidden` int DEFAULT NULL,
  `created` datetime NOT NULL,
  `modified` datetime NOT NULL,
  PRIMARY KEY (`id`)
) ENGINE=InnoDB DEFAULT CHARSET=utf8mb4 COLLATE=utf8mb4_unicode_ci;
/*!40101 SET character_set_client = @saved_cs_client */;

--
-- Dumping data for table `custom_labels`
--

LOCK TABLES `custom_labels` WRITE;
/*!40000 ALTER TABLE `custom_labels` DISABLE KEYS */;
/*!40000 ALTER TABLE `custom_labels` ENABLE KEYS */;
UNLOCK TABLES;

--
-- Table structure for table `custom_roles_groups`
--

DROP TABLE IF EXISTS `custom_roles_groups`;
/*!40101 SET @saved_cs_client     = @@character_set_client */;
/*!50503 SET character_set_client = utf8mb4 */;
CREATE TABLE `custom_roles_groups` (
  `id` int NOT NULL AUTO_INCREMENT,
  `group_id` int NOT NULL DEFAULT '0',
  `created` datetime NOT NULL,
  PRIMARY KEY (`id`),
  KEY `group_id` (`group_id`),
  CONSTRAINT `custom_roles_groups_ibfk_1` FOREIGN KEY (`group_id`) REFERENCES `groups` (`id`) ON DELETE CASCADE ON UPDATE CASCADE
) ENGINE=InnoDB AUTO_INCREMENT=15 DEFAULT CHARSET=utf8mb4 COLLATE=utf8mb4_unicode_ci;
/*!40101 SET character_set_client = @saved_cs_client */;

--
-- Dumping data for table `custom_roles_groups`
--

LOCK TABLES `custom_roles_groups` WRITE;
/*!40000 ALTER TABLE `custom_roles_groups` DISABLE KEYS */;
INSERT INTO `custom_roles_groups` VALUES (1,10,'2019-05-21 12:35:44'),(2,11,'2019-05-21 12:35:44'),(3,12,'2019-05-21 12:35:44'),(4,13,'2019-05-21 12:35:44'),(5,14,'2019-05-21 12:37:43'),(6,15,'2019-05-21 12:37:43'),(7,16,'2019-05-21 12:37:43'),(8,17,'2019-05-21 12:37:43'),(9,18,'2019-05-21 12:37:44'),(10,19,'2019-11-26 15:39:03'),(11,20,'2021-07-16 07:41:29'),(12,21,'2023-01-17 19:26:05'),(13,22,'2023-01-17 19:26:05'),(14,23,'2023-01-17 19:26:05');
/*!40000 ALTER TABLE `custom_roles_groups` ENABLE KEYS */;
UNLOCK TABLES;

--
-- Table structure for table `custom_roles_role_groups`
--

DROP TABLE IF EXISTS `custom_roles_role_groups`;
/*!40101 SET @saved_cs_client     = @@character_set_client */;
/*!50503 SET character_set_client = utf8mb4 */;
CREATE TABLE `custom_roles_role_groups` (
  `id` int NOT NULL AUTO_INCREMENT,
  `model` varchar(155) COLLATE utf8mb4_unicode_ci NOT NULL,
  `foreign_key` int NOT NULL,
  `custom_roles_role_id` int NOT NULL,
  `group_id` int DEFAULT NULL,
  `created` datetime DEFAULT NULL,
  PRIMARY KEY (`id`),
  KEY `group_id` (`group_id`),
  KEY `custom_roles_role_id` (`custom_roles_role_id`),
  CONSTRAINT `custom_roles_role_groups_ibfk_1` FOREIGN KEY (`group_id`) REFERENCES `groups` (`id`) ON DELETE CASCADE ON UPDATE CASCADE,
  CONSTRAINT `custom_roles_role_groups_ibfk_2` FOREIGN KEY (`custom_roles_role_id`) REFERENCES `custom_roles_roles` (`id`) ON DELETE CASCADE ON UPDATE CASCADE
) ENGINE=InnoDB DEFAULT CHARSET=utf8mb4 COLLATE=utf8mb4_unicode_ci;
/*!40101 SET character_set_client = @saved_cs_client */;

--
-- Dumping data for table `custom_roles_role_groups`
--

LOCK TABLES `custom_roles_role_groups` WRITE;
/*!40000 ALTER TABLE `custom_roles_role_groups` DISABLE KEYS */;
/*!40000 ALTER TABLE `custom_roles_role_groups` ENABLE KEYS */;
UNLOCK TABLES;

--
-- Table structure for table `custom_roles_role_users`
--

DROP TABLE IF EXISTS `custom_roles_role_users`;
/*!40101 SET @saved_cs_client     = @@character_set_client */;
/*!50503 SET character_set_client = utf8mb4 */;
CREATE TABLE `custom_roles_role_users` (
  `id` int NOT NULL AUTO_INCREMENT,
  `model` varchar(155) COLLATE utf8mb4_unicode_ci NOT NULL,
  `foreign_key` int NOT NULL,
  `custom_roles_role_id` int NOT NULL,
  `user_id` int DEFAULT NULL,
  `created` datetime DEFAULT NULL,
  PRIMARY KEY (`id`),
  KEY `user_id` (`user_id`),
  KEY `custom_roles_role_id` (`custom_roles_role_id`),
  CONSTRAINT `custom_roles_role_users_ibfk_1` FOREIGN KEY (`user_id`) REFERENCES `users` (`id`) ON DELETE CASCADE ON UPDATE CASCADE,
  CONSTRAINT `custom_roles_role_users_ibfk_2` FOREIGN KEY (`custom_roles_role_id`) REFERENCES `custom_roles_roles` (`id`) ON DELETE CASCADE ON UPDATE CASCADE
) ENGINE=InnoDB DEFAULT CHARSET=utf8mb4 COLLATE=utf8mb4_unicode_ci;
/*!40101 SET character_set_client = @saved_cs_client */;

--
-- Dumping data for table `custom_roles_role_users`
--

LOCK TABLES `custom_roles_role_users` WRITE;
/*!40000 ALTER TABLE `custom_roles_role_users` DISABLE KEYS */;
/*!40000 ALTER TABLE `custom_roles_role_users` ENABLE KEYS */;
UNLOCK TABLES;

--
-- Table structure for table `custom_roles_roles`
--

DROP TABLE IF EXISTS `custom_roles_roles`;
/*!40101 SET @saved_cs_client     = @@character_set_client */;
/*!50503 SET character_set_client = utf8mb4 */;
CREATE TABLE `custom_roles_roles` (
  `id` int NOT NULL AUTO_INCREMENT,
  `model` varchar(155) COLLATE utf8mb4_unicode_ci DEFAULT NULL,
  `field` varchar(155) COLLATE utf8mb4_unicode_ci NOT NULL DEFAULT '',
  PRIMARY KEY (`id`),
  KEY `model` (`model`)
) ENGINE=InnoDB DEFAULT CHARSET=utf8mb4 COLLATE=utf8mb4_unicode_ci;
/*!40101 SET character_set_client = @saved_cs_client */;

--
-- Dumping data for table `custom_roles_roles`
--

LOCK TABLES `custom_roles_roles` WRITE;
/*!40000 ALTER TABLE `custom_roles_roles` DISABLE KEYS */;
/*!40000 ALTER TABLE `custom_roles_roles` ENABLE KEYS */;
UNLOCK TABLES;

--
-- Table structure for table `custom_roles_users`
--

DROP TABLE IF EXISTS `custom_roles_users`;
/*!40101 SET @saved_cs_client     = @@character_set_client */;
/*!50503 SET character_set_client = utf8mb4 */;
CREATE TABLE `custom_roles_users` (
  `id` int NOT NULL AUTO_INCREMENT,
  `user_id` int NOT NULL,
  `created` datetime NOT NULL,
  PRIMARY KEY (`id`),
  KEY `user_id` (`user_id`),
  CONSTRAINT `custom_roles_users_ibfk_1` FOREIGN KEY (`user_id`) REFERENCES `users` (`id`) ON DELETE CASCADE ON UPDATE CASCADE
) ENGINE=InnoDB AUTO_INCREMENT=2 DEFAULT CHARSET=utf8mb4 COLLATE=utf8mb4_unicode_ci;
/*!40101 SET character_set_client = @saved_cs_client */;

--
-- Dumping data for table `custom_roles_users`
--

LOCK TABLES `custom_roles_users` WRITE;
/*!40000 ALTER TABLE `custom_roles_users` DISABLE KEYS */;
INSERT INTO `custom_roles_users` VALUES (1,1,'2019-05-21 12:35:44');
/*!40000 ALTER TABLE `custom_roles_users` ENABLE KEYS */;
UNLOCK TABLES;

--
-- Table structure for table `custom_validator_fields`
--

DROP TABLE IF EXISTS `custom_validator_fields`;
/*!40101 SET @saved_cs_client     = @@character_set_client */;
/*!50503 SET character_set_client = utf8mb4 */;
CREATE TABLE `custom_validator_fields` (
  `id` int NOT NULL AUTO_INCREMENT,
  `model` varchar(255) COLLATE utf8mb4_unicode_ci NOT NULL DEFAULT '',
  `validator` varchar(255) COLLATE utf8mb4_unicode_ci NOT NULL DEFAULT '',
  `field` varchar(255) COLLATE utf8mb4_unicode_ci NOT NULL DEFAULT '',
  `type` int NOT NULL,
  `validation` text COLLATE utf8mb4_unicode_ci,
  `created` datetime NOT NULL,
  `modified` datetime NOT NULL,
  PRIMARY KEY (`id`),
  KEY `validator` (`validator`)
) ENGINE=InnoDB DEFAULT CHARSET=utf8mb4 COLLATE=utf8mb4_unicode_ci;
/*!40101 SET character_set_client = @saved_cs_client */;

--
-- Dumping data for table `custom_validator_fields`
--

LOCK TABLES `custom_validator_fields` WRITE;
/*!40000 ALTER TABLE `custom_validator_fields` DISABLE KEYS */;
/*!40000 ALTER TABLE `custom_validator_fields` ENABLE KEYS */;
UNLOCK TABLES;

--
-- Table structure for table `custom_validator_forms`
--

DROP TABLE IF EXISTS `custom_validator_forms`;
/*!40101 SET @saved_cs_client     = @@character_set_client */;
/*!50503 SET character_set_client = utf8mb4 */;
CREATE TABLE `custom_validator_forms` (
  `id` int NOT NULL AUTO_INCREMENT,
  `model` varchar(255) COLLATE utf8mb4_unicode_ci NOT NULL,
  `validator` varchar(255) COLLATE utf8mb4_unicode_ci NOT NULL,
  PRIMARY KEY (`id`),
  KEY `validator` (`validator`)
) ENGINE=InnoDB AUTO_INCREMENT=13 DEFAULT CHARSET=utf8mb4 COLLATE=utf8mb4_unicode_ci;
/*!40101 SET character_set_client = @saved_cs_client */;

--
-- Dumping data for table `custom_validator_forms`
--

LOCK TABLES `custom_validator_forms` WRITE;
/*!40000 ALTER TABLE `custom_validator_forms` DISABLE KEYS */;
INSERT INTO `custom_validator_forms` VALUES (1,'Risks','mitigation_strategy_accept'),(2,'Risks','mitigation_strategy_avoid'),(3,'Risks','mitigation_strategy_mitigate'),(4,'Risks','mitigation_strategy_transfer'),(5,'ThirdPartyRisks','mitigation_strategy_accept'),(6,'ThirdPartyRisks','mitigation_strategy_avoid'),(7,'ThirdPartyRisks','mitigation_strategy_mitigate'),(8,'ThirdPartyRisks','mitigation_strategy_transfer'),(9,'BusinessContinuities','mitigation_strategy_accept'),(10,'BusinessContinuities','mitigation_strategy_avoid'),(11,'BusinessContinuities','mitigation_strategy_mitigate'),(12,'BusinessContinuities','mitigation_strategy_transfer');
/*!40000 ALTER TABLE `custom_validator_forms` ENABLE KEYS */;
UNLOCK TABLES;

--
-- Table structure for table `dashboard_calendar_events`
--

DROP TABLE IF EXISTS `dashboard_calendar_events`;
/*!40101 SET @saved_cs_client     = @@character_set_client */;
/*!50503 SET character_set_client = utf8mb4 */;
CREATE TABLE `dashboard_calendar_events` (
  `id` int NOT NULL AUTO_INCREMENT,
  `model` varchar(255) COLLATE utf8mb4_unicode_ci NOT NULL DEFAULT '',
  `foreign_key` int NOT NULL,
  `title` varchar(255) COLLATE utf8mb4_unicode_ci NOT NULL,
  `object_title` varchar(255) COLLATE utf8mb4_unicode_ci NOT NULL,
  `start` date NOT NULL,
  `end` date DEFAULT NULL,
  `expired` int NOT NULL DEFAULT '0',
  `completed` int NOT NULL DEFAULT '0',
  `created` datetime NOT NULL,
  PRIMARY KEY (`id`)
) ENGINE=InnoDB DEFAULT CHARSET=utf8mb4 COLLATE=utf8mb4_unicode_ci;
/*!40101 SET character_set_client = @saved_cs_client */;

--
-- Dumping data for table `dashboard_calendar_events`
--

LOCK TABLES `dashboard_calendar_events` WRITE;
/*!40000 ALTER TABLE `dashboard_calendar_events` DISABLE KEYS */;
/*!40000 ALTER TABLE `dashboard_calendar_events` ENABLE KEYS */;
UNLOCK TABLES;

--
-- Table structure for table `dashboard_kpi_attributes`
--

DROP TABLE IF EXISTS `dashboard_kpi_attributes`;
/*!40101 SET @saved_cs_client     = @@character_set_client */;
/*!50503 SET character_set_client = utf8mb4 */;
CREATE TABLE `dashboard_kpi_attributes` (
  `id` int NOT NULL AUTO_INCREMENT,
  `kpi_id` int NOT NULL,
  `model` varchar(128) COLLATE utf8mb4_unicode_ci DEFAULT NULL,
  `foreign_key` varchar(128) COLLATE utf8mb4_unicode_ci NOT NULL DEFAULT '',
  PRIMARY KEY (`id`),
  KEY `kpi_id` (`kpi_id`),
  CONSTRAINT `dashboard_kpi_attributes_ibfk_1` FOREIGN KEY (`kpi_id`) REFERENCES `dashboard_kpis` (`id`) ON DELETE CASCADE ON UPDATE CASCADE
) ENGINE=InnoDB DEFAULT CHARSET=utf8mb4 COLLATE=utf8mb4_unicode_ci;
/*!40101 SET character_set_client = @saved_cs_client */;

--
-- Dumping data for table `dashboard_kpi_attributes`
--

LOCK TABLES `dashboard_kpi_attributes` WRITE;
/*!40000 ALTER TABLE `dashboard_kpi_attributes` DISABLE KEYS */;
/*!40000 ALTER TABLE `dashboard_kpi_attributes` ENABLE KEYS */;
UNLOCK TABLES;

--
-- Table structure for table `dashboard_kpi_logs`
--

DROP TABLE IF EXISTS `dashboard_kpi_logs`;
/*!40101 SET @saved_cs_client     = @@character_set_client */;
/*!50503 SET character_set_client = utf8mb4 */;
CREATE TABLE `dashboard_kpi_logs` (
  `id` int NOT NULL AUTO_INCREMENT,
  `kpi_id` int NOT NULL DEFAULT '0',
  `value` int NOT NULL,
  `timestamp` int NOT NULL,
  `created` datetime NOT NULL,
  PRIMARY KEY (`id`),
  KEY `kpi_id` (`kpi_id`),
  CONSTRAINT `dashboard_kpi_logs_ibfk_1` FOREIGN KEY (`kpi_id`) REFERENCES `dashboard_kpis` (`id`) ON DELETE CASCADE ON UPDATE CASCADE
) ENGINE=InnoDB DEFAULT CHARSET=utf8mb4 COLLATE=utf8mb4_unicode_ci;
/*!40101 SET character_set_client = @saved_cs_client */;

--
-- Dumping data for table `dashboard_kpi_logs`
--

LOCK TABLES `dashboard_kpi_logs` WRITE;
/*!40000 ALTER TABLE `dashboard_kpi_logs` DISABLE KEYS */;
/*!40000 ALTER TABLE `dashboard_kpi_logs` ENABLE KEYS */;
UNLOCK TABLES;

--
-- Table structure for table `dashboard_kpi_thresholds`
--

DROP TABLE IF EXISTS `dashboard_kpi_thresholds`;
/*!40101 SET @saved_cs_client     = @@character_set_client */;
/*!50503 SET character_set_client = utf8mb4 */;
CREATE TABLE `dashboard_kpi_thresholds` (
  `id` int NOT NULL AUTO_INCREMENT,
  `kpi_id` int NOT NULL,
  `title` varchar(155) COLLATE utf8mb4_unicode_ci NOT NULL,
  `description` text COLLATE utf8mb4_unicode_ci NOT NULL,
  `color` text COLLATE utf8mb4_unicode_ci NOT NULL,
  `type` int NOT NULL DEFAULT '0',
  `min` int DEFAULT NULL,
  `max` int DEFAULT NULL,
  `percentage` int DEFAULT NULL,
  `created` datetime NOT NULL,
  PRIMARY KEY (`id`),
  KEY `kpi_id` (`kpi_id`),
  CONSTRAINT `dashboard_kpi_thresholds_ibfk_1` FOREIGN KEY (`kpi_id`) REFERENCES `dashboard_kpis` (`id`) ON DELETE CASCADE ON UPDATE CASCADE
) ENGINE=InnoDB DEFAULT CHARSET=utf8mb4 COLLATE=utf8mb4_unicode_ci;
/*!40101 SET character_set_client = @saved_cs_client */;

--
-- Dumping data for table `dashboard_kpi_thresholds`
--

LOCK TABLES `dashboard_kpi_thresholds` WRITE;
/*!40000 ALTER TABLE `dashboard_kpi_thresholds` DISABLE KEYS */;
/*!40000 ALTER TABLE `dashboard_kpi_thresholds` ENABLE KEYS */;
UNLOCK TABLES;

--
-- Table structure for table `dashboard_kpi_value_logs`
--

DROP TABLE IF EXISTS `dashboard_kpi_value_logs`;
/*!40101 SET @saved_cs_client     = @@character_set_client */;
/*!50503 SET character_set_client = utf8mb4 */;
CREATE TABLE `dashboard_kpi_value_logs` (
  `id` int NOT NULL AUTO_INCREMENT,
  `kpi_value_id` int NOT NULL DEFAULT '0',
  `kpi_id` int NOT NULL DEFAULT '0',
  `value` int NOT NULL DEFAULT '0',
  `request_id` varchar(36) COLLATE utf8mb4_unicode_ci DEFAULT NULL,
  `timestamp` int NOT NULL,
  `created` datetime NOT NULL,
  PRIMARY KEY (`id`),
  KEY `kpi_value_id` (`kpi_value_id`),
  CONSTRAINT `dashboard_kpi_value_logs_ibfk_1` FOREIGN KEY (`kpi_value_id`) REFERENCES `dashboard_kpi_values` (`id`) ON DELETE CASCADE ON UPDATE CASCADE
) ENGINE=InnoDB DEFAULT CHARSET=utf8mb4 COLLATE=utf8mb4_unicode_ci;
/*!40101 SET character_set_client = @saved_cs_client */;

--
-- Dumping data for table `dashboard_kpi_value_logs`
--

LOCK TABLES `dashboard_kpi_value_logs` WRITE;
/*!40000 ALTER TABLE `dashboard_kpi_value_logs` DISABLE KEYS */;
/*!40000 ALTER TABLE `dashboard_kpi_value_logs` ENABLE KEYS */;
UNLOCK TABLES;

--
-- Table structure for table `dashboard_kpi_values`
--

DROP TABLE IF EXISTS `dashboard_kpi_values`;
/*!40101 SET @saved_cs_client     = @@character_set_client */;
/*!50503 SET character_set_client = utf8mb4 */;
CREATE TABLE `dashboard_kpi_values` (
  `id` int NOT NULL AUTO_INCREMENT,
  `kpi_id` int NOT NULL,
  `user_id` int DEFAULT NULL,
  `value` int DEFAULT NULL,
  `type` int NOT NULL DEFAULT '0',
  PRIMARY KEY (`id`),
  KEY `kpi_id` (`kpi_id`),
  CONSTRAINT `dashboard_kpi_values_ibfk_1` FOREIGN KEY (`kpi_id`) REFERENCES `dashboard_kpis` (`id`) ON DELETE CASCADE ON UPDATE CASCADE
) ENGINE=InnoDB DEFAULT CHARSET=utf8mb4 COLLATE=utf8mb4_unicode_ci;
/*!40101 SET character_set_client = @saved_cs_client */;

--
-- Dumping data for table `dashboard_kpi_values`
--

LOCK TABLES `dashboard_kpi_values` WRITE;
/*!40000 ALTER TABLE `dashboard_kpi_values` DISABLE KEYS */;
/*!40000 ALTER TABLE `dashboard_kpi_values` ENABLE KEYS */;
UNLOCK TABLES;

--
-- Table structure for table `dashboard_kpis`
--

DROP TABLE IF EXISTS `dashboard_kpis`;
/*!40101 SET @saved_cs_client     = @@character_set_client */;
/*!50503 SET character_set_client = utf8mb4 */;
CREATE TABLE `dashboard_kpis` (
  `id` int NOT NULL AUTO_INCREMENT,
  `class_name` varchar(155) COLLATE utf8mb4_unicode_ci DEFAULT NULL,
  `title` varchar(155) COLLATE utf8mb4_unicode_ci DEFAULT NULL,
  `model` varchar(155) COLLATE utf8mb4_unicode_ci NOT NULL DEFAULT '',
  `type` int NOT NULL DEFAULT '0',
  `category` int NOT NULL DEFAULT '0',
  `owner_id` int DEFAULT NULL,
  `dashboard_kpi_attribute_count` int NOT NULL DEFAULT '0',
  `json` text COLLATE utf8mb4_unicode_ci,
  `created` datetime NOT NULL,
  `modified` datetime NOT NULL,
  `value` int DEFAULT NULL,
  `status` int NOT NULL DEFAULT '0',
  PRIMARY KEY (`id`)
) ENGINE=InnoDB DEFAULT CHARSET=utf8mb4 COLLATE=utf8mb4_unicode_ci;
/*!40101 SET character_set_client = @saved_cs_client */;

--
-- Dumping data for table `dashboard_kpis`
--

LOCK TABLES `dashboard_kpis` WRITE;
/*!40000 ALTER TABLE `dashboard_kpis` DISABLE KEYS */;
/*!40000 ALTER TABLE `dashboard_kpis` ENABLE KEYS */;
UNLOCK TABLES;

--
-- Table structure for table `dashboard_logs`
--

DROP TABLE IF EXISTS `dashboard_logs`;
/*!40101 SET @saved_cs_client     = @@character_set_client */;
/*!50503 SET character_set_client = utf8mb4 */;
CREATE TABLE `dashboard_logs` (
  `id` int NOT NULL AUTO_INCREMENT,
  `type` int NOT NULL,
  `created` datetime NOT NULL,
  PRIMARY KEY (`id`)
) ENGINE=InnoDB DEFAULT CHARSET=utf8mb4 COLLATE=utf8mb4_unicode_ci;
/*!40101 SET character_set_client = @saved_cs_client */;

--
-- Dumping data for table `dashboard_logs`
--

LOCK TABLES `dashboard_logs` WRITE;
/*!40000 ALTER TABLE `dashboard_logs` DISABLE KEYS */;
/*!40000 ALTER TABLE `dashboard_logs` ENABLE KEYS */;
UNLOCK TABLES;

--
-- Table structure for table `data_asset_gdpr`
--

DROP TABLE IF EXISTS `data_asset_gdpr`;
/*!40101 SET @saved_cs_client     = @@character_set_client */;
/*!50503 SET character_set_client = utf8mb4 */;
CREATE TABLE `data_asset_gdpr` (
  `id` int NOT NULL AUTO_INCREMENT,
  `data_asset_id` int NOT NULL,
  `purpose` text COLLATE utf8mb4_unicode_ci NOT NULL,
  `right_to_be_informed` text COLLATE utf8mb4_unicode_ci NOT NULL,
  `data_subject` text COLLATE utf8mb4_unicode_ci NOT NULL,
  `volume` text COLLATE utf8mb4_unicode_ci NOT NULL,
  `recived_data` text COLLATE utf8mb4_unicode_ci NOT NULL,
  `contracts` text COLLATE utf8mb4_unicode_ci NOT NULL,
  `retention` text COLLATE utf8mb4_unicode_ci NOT NULL,
  `encryption` text COLLATE utf8mb4_unicode_ci NOT NULL,
  `right_to_erasure` text COLLATE utf8mb4_unicode_ci NOT NULL,
  `archiving_driver_empty` int NOT NULL DEFAULT '0',
  `origin` text COLLATE utf8mb4_unicode_ci NOT NULL,
  `destination` text COLLATE utf8mb4_unicode_ci NOT NULL,
  `transfer_outside_eea` int NOT NULL DEFAULT '0',
  `third_party_involved_all` int NOT NULL DEFAULT '0',
  `security` text COLLATE utf8mb4_unicode_ci NOT NULL,
  `right_to_portability` text COLLATE utf8mb4_unicode_ci NOT NULL,
  `stakeholders` text COLLATE utf8mb4_unicode_ci NOT NULL,
  `accuracy` text COLLATE utf8mb4_unicode_ci NOT NULL,
  `right_to_access` text COLLATE utf8mb4_unicode_ci NOT NULL,
  `right_to_rectification` text COLLATE utf8mb4_unicode_ci NOT NULL,
  `right_to_decision` text COLLATE utf8mb4_unicode_ci NOT NULL,
  `right_to_object` text COLLATE utf8mb4_unicode_ci NOT NULL,
  `created` datetime NOT NULL,
  `modified` datetime NOT NULL,
  PRIMARY KEY (`id`),
  KEY `data_asset_id` (`data_asset_id`),
  CONSTRAINT `data_asset_gdpr_ibfk_1` FOREIGN KEY (`data_asset_id`) REFERENCES `data_assets` (`id`) ON DELETE CASCADE ON UPDATE CASCADE
) ENGINE=InnoDB DEFAULT CHARSET=utf8mb4 COLLATE=utf8mb4_unicode_ci;
/*!40101 SET character_set_client = @saved_cs_client */;

--
-- Dumping data for table `data_asset_gdpr`
--

LOCK TABLES `data_asset_gdpr` WRITE;
/*!40000 ALTER TABLE `data_asset_gdpr` DISABLE KEYS */;
/*!40000 ALTER TABLE `data_asset_gdpr` ENABLE KEYS */;
UNLOCK TABLES;

--
-- Table structure for table `data_asset_gdpr_archiving_drivers`
--

DROP TABLE IF EXISTS `data_asset_gdpr_archiving_drivers`;
/*!40101 SET @saved_cs_client     = @@character_set_client */;
/*!50503 SET character_set_client = utf8mb4 */;
CREATE TABLE `data_asset_gdpr_archiving_drivers` (
  `id` int NOT NULL AUTO_INCREMENT,
  `data_asset_gdpr_id` int NOT NULL,
  `archiving_driver` int NOT NULL,
  PRIMARY KEY (`id`),
  KEY `data_asset_gdpr_id` (`data_asset_gdpr_id`),
  CONSTRAINT `data_asset_gdpr_archiving_drivers_ibfk_1` FOREIGN KEY (`data_asset_gdpr_id`) REFERENCES `data_asset_gdpr` (`id`) ON DELETE CASCADE ON UPDATE CASCADE
) ENGINE=InnoDB DEFAULT CHARSET=utf8mb4 COLLATE=utf8mb4_unicode_ci;
/*!40101 SET character_set_client = @saved_cs_client */;

--
-- Dumping data for table `data_asset_gdpr_archiving_drivers`
--

LOCK TABLES `data_asset_gdpr_archiving_drivers` WRITE;
/*!40000 ALTER TABLE `data_asset_gdpr_archiving_drivers` DISABLE KEYS */;
/*!40000 ALTER TABLE `data_asset_gdpr_archiving_drivers` ENABLE KEYS */;
UNLOCK TABLES;

--
-- Table structure for table `data_asset_gdpr_collection_methods`
--

DROP TABLE IF EXISTS `data_asset_gdpr_collection_methods`;
/*!40101 SET @saved_cs_client     = @@character_set_client */;
/*!50503 SET character_set_client = utf8mb4 */;
CREATE TABLE `data_asset_gdpr_collection_methods` (
  `id` int NOT NULL AUTO_INCREMENT,
  `data_asset_gdpr_id` int NOT NULL,
  `collection_method` int NOT NULL,
  PRIMARY KEY (`id`),
  KEY `data_asset_gdpr_id` (`data_asset_gdpr_id`),
  CONSTRAINT `data_asset_gdpr_collection_methods_ibfk_1` FOREIGN KEY (`data_asset_gdpr_id`) REFERENCES `data_asset_gdpr` (`id`) ON DELETE CASCADE ON UPDATE CASCADE
) ENGINE=InnoDB DEFAULT CHARSET=utf8mb4 COLLATE=utf8mb4_unicode_ci;
/*!40101 SET character_set_client = @saved_cs_client */;

--
-- Dumping data for table `data_asset_gdpr_collection_methods`
--

LOCK TABLES `data_asset_gdpr_collection_methods` WRITE;
/*!40000 ALTER TABLE `data_asset_gdpr_collection_methods` DISABLE KEYS */;
/*!40000 ALTER TABLE `data_asset_gdpr_collection_methods` ENABLE KEYS */;
UNLOCK TABLES;

--
-- Table structure for table `data_asset_gdpr_data_types`
--

DROP TABLE IF EXISTS `data_asset_gdpr_data_types`;
/*!40101 SET @saved_cs_client     = @@character_set_client */;
/*!50503 SET character_set_client = utf8mb4 */;
CREATE TABLE `data_asset_gdpr_data_types` (
  `id` int NOT NULL AUTO_INCREMENT,
  `data_asset_gdpr_id` int NOT NULL,
  `data_type` int NOT NULL,
  PRIMARY KEY (`id`),
  KEY `data_asset_gdpr_id` (`data_asset_gdpr_id`),
  CONSTRAINT `data_asset_gdpr_data_types_ibfk_1` FOREIGN KEY (`data_asset_gdpr_id`) REFERENCES `data_asset_gdpr` (`id`) ON DELETE CASCADE ON UPDATE CASCADE
) ENGINE=InnoDB DEFAULT CHARSET=utf8mb4 COLLATE=utf8mb4_unicode_ci;
/*!40101 SET character_set_client = @saved_cs_client */;

--
-- Dumping data for table `data_asset_gdpr_data_types`
--

LOCK TABLES `data_asset_gdpr_data_types` WRITE;
/*!40000 ALTER TABLE `data_asset_gdpr_data_types` DISABLE KEYS */;
/*!40000 ALTER TABLE `data_asset_gdpr_data_types` ENABLE KEYS */;
UNLOCK TABLES;

--
-- Table structure for table `data_asset_gdpr_lawful_bases`
--

DROP TABLE IF EXISTS `data_asset_gdpr_lawful_bases`;
/*!40101 SET @saved_cs_client     = @@character_set_client */;
/*!50503 SET character_set_client = utf8mb4 */;
CREATE TABLE `data_asset_gdpr_lawful_bases` (
  `id` int NOT NULL AUTO_INCREMENT,
  `data_asset_gdpr_id` int NOT NULL,
  `lawful_base` int NOT NULL,
  PRIMARY KEY (`id`),
  KEY `data_asset_gdpr_id` (`data_asset_gdpr_id`),
  CONSTRAINT `data_asset_gdpr_lawful_bases_ibfk_1` FOREIGN KEY (`data_asset_gdpr_id`) REFERENCES `data_asset_gdpr` (`id`) ON DELETE CASCADE ON UPDATE CASCADE
) ENGINE=InnoDB DEFAULT CHARSET=utf8mb4 COLLATE=utf8mb4_unicode_ci;
/*!40101 SET character_set_client = @saved_cs_client */;

--
-- Dumping data for table `data_asset_gdpr_lawful_bases`
--

LOCK TABLES `data_asset_gdpr_lawful_bases` WRITE;
/*!40000 ALTER TABLE `data_asset_gdpr_lawful_bases` DISABLE KEYS */;
/*!40000 ALTER TABLE `data_asset_gdpr_lawful_bases` ENABLE KEYS */;
UNLOCK TABLES;

--
-- Table structure for table `data_asset_gdpr_third_party_countries`
--

DROP TABLE IF EXISTS `data_asset_gdpr_third_party_countries`;
/*!40101 SET @saved_cs_client     = @@character_set_client */;
/*!50503 SET character_set_client = utf8mb4 */;
CREATE TABLE `data_asset_gdpr_third_party_countries` (
  `id` int NOT NULL AUTO_INCREMENT,
  `data_asset_gdpr_id` int NOT NULL,
  `third_party_country` int NOT NULL,
  PRIMARY KEY (`id`),
  KEY `data_asset_gdpr_id` (`data_asset_gdpr_id`),
  CONSTRAINT `data_asset_gdpr_third_party_countries_ibfk_1` FOREIGN KEY (`data_asset_gdpr_id`) REFERENCES `data_asset_gdpr` (`id`) ON DELETE CASCADE ON UPDATE CASCADE
) ENGINE=InnoDB DEFAULT CHARSET=utf8mb4 COLLATE=utf8mb4_unicode_ci;
/*!40101 SET character_set_client = @saved_cs_client */;

--
-- Dumping data for table `data_asset_gdpr_third_party_countries`
--

LOCK TABLES `data_asset_gdpr_third_party_countries` WRITE;
/*!40000 ALTER TABLE `data_asset_gdpr_third_party_countries` DISABLE KEYS */;
/*!40000 ALTER TABLE `data_asset_gdpr_third_party_countries` ENABLE KEYS */;
UNLOCK TABLES;

--
-- Table structure for table `data_asset_instances`
--

DROP TABLE IF EXISTS `data_asset_instances`;
/*!40101 SET @saved_cs_client     = @@character_set_client */;
/*!50503 SET character_set_client = utf8mb4 */;
CREATE TABLE `data_asset_instances` (
  `id` int NOT NULL AUTO_INCREMENT,
  `asset_id` int NOT NULL,
  `analysis_unlocked` int NOT NULL DEFAULT '0',
  `asset_missing_review` int NOT NULL DEFAULT '0',
  `controls_with_issues` int NOT NULL DEFAULT '0',
  `controls_with_failed_audits` int NOT NULL DEFAULT '0',
  `controls_with_missing_audits` int NOT NULL DEFAULT '0',
  `policies_with_missing_reviews` int NOT NULL DEFAULT '0',
  `risks_with_missing_reviews` int NOT NULL DEFAULT '0',
  `project_expired` int NOT NULL DEFAULT '0',
  `expired_tasks` int NOT NULL DEFAULT '0',
  `incomplete_analysis` int NOT NULL DEFAULT '0',
  `incomplete_gdpr_analysis` int NOT NULL DEFAULT '0',
  `created` datetime NOT NULL,
  `modified` datetime NOT NULL,
  `edited` datetime DEFAULT NULL,
  PRIMARY KEY (`id`),
  KEY `asset_id` (`asset_id`),
  CONSTRAINT `data_asset_instances_ibfk_1` FOREIGN KEY (`asset_id`) REFERENCES `assets` (`id`) ON DELETE CASCADE ON UPDATE CASCADE
) ENGINE=InnoDB DEFAULT CHARSET=utf8mb4 COLLATE=utf8mb4_unicode_ci;
/*!40101 SET character_set_client = @saved_cs_client */;

--
-- Dumping data for table `data_asset_instances`
--

LOCK TABLES `data_asset_instances` WRITE;
/*!40000 ALTER TABLE `data_asset_instances` DISABLE KEYS */;
/*!40000 ALTER TABLE `data_asset_instances` ENABLE KEYS */;
UNLOCK TABLES;

--
-- Table structure for table `data_asset_settings`
--

DROP TABLE IF EXISTS `data_asset_settings`;
/*!40101 SET @saved_cs_client     = @@character_set_client */;
/*!50503 SET character_set_client = utf8mb4 */;
CREATE TABLE `data_asset_settings` (
  `id` int NOT NULL AUTO_INCREMENT,
  `name` varchar(255) COLLATE utf8mb4_unicode_ci NOT NULL,
  `data_asset_instance_id` int NOT NULL,
  `gdpr_enabled` int NOT NULL,
  `driver_for_compliance` text COLLATE utf8mb4_unicode_ci NOT NULL,
  `dpo_empty` int NOT NULL DEFAULT '0',
  `processor_empty` int NOT NULL DEFAULT '0',
  `controller_empty` int NOT NULL DEFAULT '0',
  `controller_representative_empty` int DEFAULT '0',
  `created` datetime NOT NULL,
  `modified` datetime NOT NULL,
  PRIMARY KEY (`id`),
  KEY `data_asset_instance_id` (`data_asset_instance_id`),
  CONSTRAINT `data_asset_settings_ibfk_1` FOREIGN KEY (`data_asset_instance_id`) REFERENCES `data_asset_instances` (`id`) ON DELETE CASCADE ON UPDATE CASCADE
) ENGINE=InnoDB DEFAULT CHARSET=utf8mb4 COLLATE=utf8mb4_unicode_ci;
/*!40101 SET character_set_client = @saved_cs_client */;

--
-- Dumping data for table `data_asset_settings`
--

LOCK TABLES `data_asset_settings` WRITE;
/*!40000 ALTER TABLE `data_asset_settings` DISABLE KEYS */;
/*!40000 ALTER TABLE `data_asset_settings` ENABLE KEYS */;
UNLOCK TABLES;

--
-- Table structure for table `data_asset_settings_third_parties`
--

DROP TABLE IF EXISTS `data_asset_settings_third_parties`;
/*!40101 SET @saved_cs_client     = @@character_set_client */;
/*!50503 SET character_set_client = utf8mb4 */;
CREATE TABLE `data_asset_settings_third_parties` (
  `id` int NOT NULL AUTO_INCREMENT,
  `type` varchar(50) COLLATE utf8mb4_unicode_ci NOT NULL DEFAULT '',
  `data_asset_setting_id` int NOT NULL,
  `third_party_id` int NOT NULL,
  PRIMARY KEY (`id`),
  KEY `third_party_id` (`third_party_id`),
  KEY `data_asset_setting_id` (`data_asset_setting_id`),
  CONSTRAINT `data_asset_settings_third_parties_ibfk_1` FOREIGN KEY (`third_party_id`) REFERENCES `third_parties` (`id`) ON DELETE CASCADE ON UPDATE CASCADE,
  CONSTRAINT `data_asset_settings_third_parties_ibfk_2` FOREIGN KEY (`data_asset_setting_id`) REFERENCES `data_asset_settings` (`id`) ON DELETE CASCADE ON UPDATE CASCADE
) ENGINE=InnoDB DEFAULT CHARSET=utf8mb4 COLLATE=utf8mb4_unicode_ci;
/*!40101 SET character_set_client = @saved_cs_client */;

--
-- Dumping data for table `data_asset_settings_third_parties`
--

LOCK TABLES `data_asset_settings_third_parties` WRITE;
/*!40000 ALTER TABLE `data_asset_settings_third_parties` DISABLE KEYS */;
/*!40000 ALTER TABLE `data_asset_settings_third_parties` ENABLE KEYS */;
UNLOCK TABLES;

--
-- Table structure for table `data_asset_settings_users`
--

DROP TABLE IF EXISTS `data_asset_settings_users`;
/*!40101 SET @saved_cs_client     = @@character_set_client */;
/*!50503 SET character_set_client = utf8mb4 */;
CREATE TABLE `data_asset_settings_users` (
  `id` int NOT NULL AUTO_INCREMENT,
  `type` varchar(50) COLLATE utf8mb4_unicode_ci NOT NULL,
  `data_asset_setting_id` int NOT NULL,
  `user_id` int NOT NULL,
  PRIMARY KEY (`id`),
  KEY `user_id` (`user_id`),
  KEY `data_asset_setting_id` (`data_asset_setting_id`),
  CONSTRAINT `data_asset_settings_users_ibfk_1` FOREIGN KEY (`user_id`) REFERENCES `users` (`id`) ON DELETE CASCADE ON UPDATE CASCADE,
  CONSTRAINT `data_asset_settings_users_ibfk_2` FOREIGN KEY (`data_asset_setting_id`) REFERENCES `data_asset_settings` (`id`) ON DELETE CASCADE ON UPDATE CASCADE
) ENGINE=InnoDB DEFAULT CHARSET=utf8mb4 COLLATE=utf8mb4_unicode_ci;
/*!40101 SET character_set_client = @saved_cs_client */;

--
-- Dumping data for table `data_asset_settings_users`
--

LOCK TABLES `data_asset_settings_users` WRITE;
/*!40000 ALTER TABLE `data_asset_settings_users` DISABLE KEYS */;
/*!40000 ALTER TABLE `data_asset_settings_users` ENABLE KEYS */;
UNLOCK TABLES;

--
-- Table structure for table `data_asset_statuses`
--

DROP TABLE IF EXISTS `data_asset_statuses`;
/*!40101 SET @saved_cs_client     = @@character_set_client */;
/*!50503 SET character_set_client = utf8mb4 */;
CREATE TABLE `data_asset_statuses` (
  `id` int NOT NULL AUTO_INCREMENT,
  `name` varchar(255) COLLATE utf8mb4_unicode_ci NOT NULL DEFAULT '',
  PRIMARY KEY (`id`)
) ENGINE=InnoDB AUTO_INCREMENT=8 DEFAULT CHARSET=utf8mb4 COLLATE=utf8mb4_unicode_ci;
/*!40101 SET character_set_client = @saved_cs_client */;

--
-- Dumping data for table `data_asset_statuses`
--

LOCK TABLES `data_asset_statuses` WRITE;
/*!40000 ALTER TABLE `data_asset_statuses` DISABLE KEYS */;
INSERT INTO `data_asset_statuses` VALUES (1,'Created'),(2,'Modified'),(3,'Stored'),(4,'Transit'),(5,'Deleted'),(6,'Tainted / Broken'),(7,'Unnecessary');
/*!40000 ALTER TABLE `data_asset_statuses` ENABLE KEYS */;
UNLOCK TABLES;

--
-- Table structure for table `data_assets`
--

DROP TABLE IF EXISTS `data_assets`;
/*!40101 SET @saved_cs_client     = @@character_set_client */;
/*!50503 SET character_set_client = utf8mb4 */;
CREATE TABLE `data_assets` (
  `id` int NOT NULL AUTO_INCREMENT,
  `title` varchar(255) COLLATE utf8mb4_unicode_ci NOT NULL,
  `description` text COLLATE utf8mb4_unicode_ci NOT NULL,
  `data_asset_instance_id` int NOT NULL,
  `order` int NOT NULL DEFAULT '0',
  `data_asset_status_id` int DEFAULT NULL,
  `created` datetime NOT NULL,
  `modified` datetime NOT NULL,
  `edited` datetime DEFAULT NULL,
  `deleted` int NOT NULL DEFAULT '0',
  `deleted_date` datetime DEFAULT NULL,
  PRIMARY KEY (`id`),
  KEY `data_asset_instance_id` (`data_asset_instance_id`),
  KEY `data_asset_status_id` (`data_asset_status_id`),
  KEY `order` (`order`),
  CONSTRAINT `data_assets_ibfk_1` FOREIGN KEY (`data_asset_instance_id`) REFERENCES `data_asset_instances` (`id`) ON DELETE CASCADE ON UPDATE CASCADE,
  CONSTRAINT `data_assets_ibfk_2` FOREIGN KEY (`data_asset_status_id`) REFERENCES `data_asset_statuses` (`id`) ON DELETE SET NULL ON UPDATE CASCADE
) ENGINE=InnoDB DEFAULT CHARSET=utf8mb4 COLLATE=utf8mb4_unicode_ci;
/*!40101 SET character_set_client = @saved_cs_client */;

--
-- Dumping data for table `data_assets`
--

LOCK TABLES `data_assets` WRITE;
/*!40000 ALTER TABLE `data_assets` DISABLE KEYS */;
/*!40000 ALTER TABLE `data_assets` ENABLE KEYS */;
UNLOCK TABLES;

--
-- Table structure for table `data_assets_projects`
--

DROP TABLE IF EXISTS `data_assets_projects`;
/*!40101 SET @saved_cs_client     = @@character_set_client */;
/*!50503 SET character_set_client = utf8mb4 */;
CREATE TABLE `data_assets_projects` (
  `id` int NOT NULL AUTO_INCREMENT,
  `project_id` int DEFAULT NULL,
  `data_asset_id` int DEFAULT NULL,
  PRIMARY KEY (`id`),
  KEY `project_id` (`project_id`),
  KEY `data_asset_id` (`data_asset_id`),
  CONSTRAINT `data_assets_projects_ibfk_1` FOREIGN KEY (`project_id`) REFERENCES `projects` (`id`) ON DELETE CASCADE ON UPDATE CASCADE,
  CONSTRAINT `data_assets_projects_ibfk_2` FOREIGN KEY (`data_asset_id`) REFERENCES `data_assets` (`id`) ON DELETE CASCADE ON UPDATE CASCADE
) ENGINE=InnoDB DEFAULT CHARSET=utf8mb4 COLLATE=utf8mb4_unicode_ci;
/*!40101 SET character_set_client = @saved_cs_client */;

--
-- Dumping data for table `data_assets_projects`
--

LOCK TABLES `data_assets_projects` WRITE;
/*!40000 ALTER TABLE `data_assets_projects` DISABLE KEYS */;
/*!40000 ALTER TABLE `data_assets_projects` ENABLE KEYS */;
UNLOCK TABLES;

--
-- Table structure for table `data_assets_risks`
--

DROP TABLE IF EXISTS `data_assets_risks`;
/*!40101 SET @saved_cs_client     = @@character_set_client */;
/*!50503 SET character_set_client = utf8mb4 */;
CREATE TABLE `data_assets_risks` (
  `id` int NOT NULL AUTO_INCREMENT,
  `model` varchar(20) COLLATE utf8mb4_unicode_ci NOT NULL DEFAULT '0',
  `data_asset_id` int NOT NULL,
  `risk_id` int NOT NULL,
  PRIMARY KEY (`id`),
  KEY `data_asset_id` (`data_asset_id`),
  KEY `risk_id` (`risk_id`),
  CONSTRAINT `data_assets_risks_ibfk_1` FOREIGN KEY (`data_asset_id`) REFERENCES `data_assets` (`id`) ON DELETE CASCADE ON UPDATE CASCADE
) ENGINE=InnoDB DEFAULT CHARSET=utf8mb4 COLLATE=utf8mb4_unicode_ci;
/*!40101 SET character_set_client = @saved_cs_client */;

--
-- Dumping data for table `data_assets_risks`
--

LOCK TABLES `data_assets_risks` WRITE;
/*!40000 ALTER TABLE `data_assets_risks` DISABLE KEYS */;
/*!40000 ALTER TABLE `data_assets_risks` ENABLE KEYS */;
UNLOCK TABLES;

--
-- Table structure for table `data_assets_security_policies`
--

DROP TABLE IF EXISTS `data_assets_security_policies`;
/*!40101 SET @saved_cs_client     = @@character_set_client */;
/*!50503 SET character_set_client = utf8mb4 */;
CREATE TABLE `data_assets_security_policies` (
  `id` int NOT NULL AUTO_INCREMENT,
  `data_asset_id` int NOT NULL,
  `security_policy_id` int NOT NULL,
  PRIMARY KEY (`id`),
  KEY `security_policy_id` (`security_policy_id`),
  KEY `data_asset_id` (`data_asset_id`),
  CONSTRAINT `data_assets_security_policies_ibfk_1` FOREIGN KEY (`security_policy_id`) REFERENCES `security_policies` (`id`) ON DELETE CASCADE ON UPDATE CASCADE,
  CONSTRAINT `data_assets_security_policies_ibfk_2` FOREIGN KEY (`data_asset_id`) REFERENCES `data_assets` (`id`) ON DELETE CASCADE ON UPDATE CASCADE
) ENGINE=InnoDB DEFAULT CHARSET=utf8mb4 COLLATE=utf8mb4_unicode_ci;
/*!40101 SET character_set_client = @saved_cs_client */;

--
-- Dumping data for table `data_assets_security_policies`
--

LOCK TABLES `data_assets_security_policies` WRITE;
/*!40000 ALTER TABLE `data_assets_security_policies` DISABLE KEYS */;
/*!40000 ALTER TABLE `data_assets_security_policies` ENABLE KEYS */;
UNLOCK TABLES;

--
-- Table structure for table `data_assets_security_services`
--

DROP TABLE IF EXISTS `data_assets_security_services`;
/*!40101 SET @saved_cs_client     = @@character_set_client */;
/*!50503 SET character_set_client = utf8mb4 */;
CREATE TABLE `data_assets_security_services` (
  `id` int NOT NULL AUTO_INCREMENT,
  `data_asset_id` int NOT NULL,
  `security_service_id` int NOT NULL,
  PRIMARY KEY (`id`),
  KEY `security_service_id` (`security_service_id`),
  KEY `data_asset_id` (`data_asset_id`),
  CONSTRAINT `data_assets_security_services_ibfk_1` FOREIGN KEY (`security_service_id`) REFERENCES `security_services` (`id`) ON DELETE CASCADE ON UPDATE CASCADE,
  CONSTRAINT `data_assets_security_services_ibfk_2` FOREIGN KEY (`data_asset_id`) REFERENCES `data_assets` (`id`) ON DELETE CASCADE ON UPDATE CASCADE
) ENGINE=InnoDB DEFAULT CHARSET=utf8mb4 COLLATE=utf8mb4_unicode_ci;
/*!40101 SET character_set_client = @saved_cs_client */;

--
-- Dumping data for table `data_assets_security_services`
--

LOCK TABLES `data_assets_security_services` WRITE;
/*!40000 ALTER TABLE `data_assets_security_services` DISABLE KEYS */;
/*!40000 ALTER TABLE `data_assets_security_services` ENABLE KEYS */;
UNLOCK TABLES;

--
-- Table structure for table `data_assets_third_parties`
--

DROP TABLE IF EXISTS `data_assets_third_parties`;
/*!40101 SET @saved_cs_client     = @@character_set_client */;
/*!50503 SET character_set_client = utf8mb4 */;
CREATE TABLE `data_assets_third_parties` (
  `id` int NOT NULL AUTO_INCREMENT,
  `data_asset_id` int NOT NULL,
  `third_party_id` int NOT NULL,
  PRIMARY KEY (`id`),
  KEY `third_party_id` (`third_party_id`),
  KEY `data_asset_id` (`data_asset_id`),
  CONSTRAINT `data_assets_third_parties_ibfk_1` FOREIGN KEY (`third_party_id`) REFERENCES `third_parties` (`id`) ON DELETE CASCADE ON UPDATE CASCADE,
  CONSTRAINT `data_assets_third_parties_ibfk_2` FOREIGN KEY (`data_asset_id`) REFERENCES `data_assets` (`id`) ON DELETE CASCADE ON UPDATE CASCADE
) ENGINE=InnoDB DEFAULT CHARSET=utf8mb4 COLLATE=utf8mb4_unicode_ci;
/*!40101 SET character_set_client = @saved_cs_client */;

--
-- Dumping data for table `data_assets_third_parties`
--

LOCK TABLES `data_assets_third_parties` WRITE;
/*!40000 ALTER TABLE `data_assets_third_parties` DISABLE KEYS */;
/*!40000 ALTER TABLE `data_assets_third_parties` ENABLE KEYS */;
UNLOCK TABLES;

--
-- Table structure for table `data_migrations_phinxlog`
--

DROP TABLE IF EXISTS `data_migrations_phinxlog`;
/*!40101 SET @saved_cs_client     = @@character_set_client */;
/*!50503 SET character_set_client = utf8mb4 */;
CREATE TABLE `data_migrations_phinxlog` (
  `version` bigint NOT NULL,
  `migration_name` varchar(100) DEFAULT NULL,
  `start_time` timestamp NULL DEFAULT NULL,
  `end_time` timestamp NULL DEFAULT NULL,
  `breakpoint` tinyint(1) NOT NULL DEFAULT '0',
  PRIMARY KEY (`version`)
) ENGINE=InnoDB DEFAULT CHARSET=utf8mb3;
/*!40101 SET character_set_client = @saved_cs_client */;

--
-- Dumping data for table `data_migrations_phinxlog`
--

LOCK TABLES `data_migrations_phinxlog` WRITE;
/*!40000 ALTER TABLE `data_migrations_phinxlog` DISABLE KEYS */;
INSERT INTO `data_migrations_phinxlog` VALUES (20221207130202,'ViewAssetsExceptionsGroups','2023-01-17 19:25:49','2023-01-17 19:25:49',0),(20221213113205,'ComplianceAnalysisFindingsItemsConnection','2023-01-17 19:25:49','2023-01-17 19:25:49',0),(20230104092844,'NoAllowedPermissionsGroupMigration','2023-01-17 19:25:49','2023-01-17 19:25:49',0),(20230105131726,'CommunityVerificationMigration','2023-01-17 19:25:49','2023-01-17 19:25:49',0);
/*!40000 ALTER TABLE `data_migrations_phinxlog` ENABLE KEYS */;
UNLOCK TABLES;

--
-- Table structure for table `diagnostic_incidents`
--

DROP TABLE IF EXISTS `diagnostic_incidents`;
/*!40101 SET @saved_cs_client     = @@character_set_client */;
/*!50503 SET character_set_client = utf8mb4 */;
CREATE TABLE `diagnostic_incidents` (
  `id` int NOT NULL AUTO_INCREMENT,
  `exception` varchar(255) COLLATE utf8mb4_unicode_ci NOT NULL,
  `code` int DEFAULT NULL,
  `file` varchar(255) COLLATE utf8mb4_unicode_ci DEFAULT NULL,
  `file_app` varchar(255) COLLATE utf8mb4_unicode_ci DEFAULT NULL,
  `line` int DEFAULT NULL,
  `message` text COLLATE utf8mb4_unicode_ci,
  `archive` varchar(255) COLLATE utf8mb4_unicode_ci NOT NULL,
  `send_status` int NOT NULL,
  `created` datetime NOT NULL,
  `modified` datetime NOT NULL,
  PRIMARY KEY (`id`)
) ENGINE=InnoDB DEFAULT CHARSET=utf8mb4 COLLATE=utf8mb4_unicode_ci;
/*!40101 SET character_set_client = @saved_cs_client */;

--
-- Dumping data for table `diagnostic_incidents`
--

LOCK TABLES `diagnostic_incidents` WRITE;
/*!40000 ALTER TABLE `diagnostic_incidents` DISABLE KEYS */;
/*!40000 ALTER TABLE `diagnostic_incidents` ENABLE KEYS */;
UNLOCK TABLES;

--
-- Table structure for table `dynamic_status_conditions`
--

DROP TABLE IF EXISTS `dynamic_status_conditions`;
/*!40101 SET @saved_cs_client     = @@character_set_client */;
/*!50503 SET character_set_client = utf8mb4 */;
CREATE TABLE `dynamic_status_conditions` (
  `id` int NOT NULL AUTO_INCREMENT,
  `dynamic_status_id` int NOT NULL,
  `type` int NOT NULL,
  `chain_type` int NOT NULL,
  `model` varchar(255) COLLATE utf8mb4_unicode_ci NOT NULL DEFAULT '',
  `assoc` varchar(255) COLLATE utf8mb4_unicode_ci NOT NULL DEFAULT '',
  `field` varchar(255) COLLATE utf8mb4_unicode_ci NOT NULL DEFAULT '',
  `comparison` int DEFAULT NULL,
  `value` varchar(255) COLLATE utf8mb4_unicode_ci DEFAULT NULL,
  `created` datetime NOT NULL,
  PRIMARY KEY (`id`),
  KEY `dynamic_status_id` (`dynamic_status_id`),
  CONSTRAINT `dynamic_status_conditions_ibfk_1` FOREIGN KEY (`dynamic_status_id`) REFERENCES `dynamic_statuses` (`id`) ON DELETE CASCADE ON UPDATE CASCADE
) ENGINE=InnoDB AUTO_INCREMENT=194 DEFAULT CHARSET=utf8mb4 COLLATE=utf8mb4_unicode_ci;
/*!40101 SET character_set_client = @saved_cs_client */;

--
-- Dumping data for table `dynamic_status_conditions`
--

LOCK TABLES `dynamic_status_conditions` WRITE;
/*!40000 ALTER TABLE `dynamic_status_conditions` DISABLE KEYS */;
INSERT INTO `dynamic_status_conditions` VALUES (1,1,1,1,'','','status',0,'0','2023-01-17 19:26:06'),(2,2,1,1,'','','status',0,'1','2023-01-17 19:26:06'),(3,3,1,1,'','','security_incident_status_id',5,'3','2023-01-17 19:26:06'),(4,4,1,1,'','','security_incident_status_id',5,'2','2023-01-17 19:26:06'),(5,5,1,1,'','','security_incident_status_id',5,'2','2023-01-17 19:26:06'),(6,5,1,1,'','SecurityIncidentStagesSecurityIncidents','DynamicStatus_1',0,'1','2023-01-17 19:26:06'),(7,6,1,1,'','','security_incident_status_id',5,'2','2023-01-17 19:26:06'),(8,6,1,1,'','','closure_date',2,'_today_','2023-01-17 19:26:06'),(9,7,1,1,'','','completed',0,'0','2023-01-17 19:26:06'),(10,7,1,1,'','','planned_date',2,'_today_','2023-01-17 19:26:06'),(11,8,1,1,'','','{{current}}',0,'1','2023-01-17 19:26:06'),(12,9,1,1,'','','completed',0,'1','2023-01-17 19:26:06'),(13,10,1,1,'','AssetReviews','DynamicStatus_7',0,'1','2023-01-17 19:26:06'),(14,11,1,1,'','SecurityIncidents','DynamicStatus_4',0,'1','2023-01-17 19:26:06'),(15,12,1,1,'','','date',2,'_today_','2023-01-17 19:26:06'),(16,12,1,1,'','','completion',7,'100','2023-01-17 19:26:06'),(17,13,1,1,'','','completion',5,'100','2023-01-17 19:26:06'),(18,14,1,1,'','','project_status_id',5,'2','2023-01-17 19:26:06'),(19,15,1,1,'','','project_status_id',5,'3','2023-01-17 19:26:06'),(20,16,1,1,'','','project_status_id',5,'1','2023-01-17 19:26:06'),(21,17,1,1,'','','project_status_id',5,'2','2023-01-17 19:26:06'),(22,17,1,1,'','ProjectAchievements','DynamicStatus_12',0,'1','2023-01-17 19:26:06'),(23,18,1,1,'','','project_status_id',5,'2','2023-01-17 19:26:06'),(24,18,1,1,'','','deadline',2,'_today_','2023-01-17 19:26:06'),(25,19,1,1,'','','result',5,'0','2023-01-17 19:26:06'),(26,20,1,1,'','','result',7,'0|1','2023-01-17 19:26:06'),(27,20,1,1,'','','planned_date',2,'_today_','2023-01-17 19:26:06'),(28,21,1,1,'','','{{current}}',0,'1','2023-01-17 19:26:06'),(29,22,1,1,'','','result',11,'','2023-01-17 19:26:06'),(30,23,1,1,'','','result',5,'0','2023-01-17 19:26:06'),(31,24,1,1,'','','result',7,'0|1','2023-01-17 19:26:06'),(32,24,1,1,'','','planned_date',2,'_today_','2023-01-17 19:26:06'),(33,25,1,1,'','','{{current}}',0,'1','2023-01-17 19:26:06'),(34,26,1,1,'','','result',11,'','2023-01-17 19:26:06'),(35,27,1,1,'','','status',5,'open','2023-01-17 19:26:06'),(36,28,1,1,'','','status',5,'open','2023-01-17 19:26:06'),(37,28,1,1,'','','date_end',2,'_today_','2023-01-17 19:26:06'),(38,29,1,1,'','','status',5,'closed','2023-01-17 19:26:06'),(39,30,1,1,'','SecurityServiceAudits','DynamicStatus_21',0,'1','2023-01-17 19:26:06'),(40,30,1,1,'','SecurityServiceAudits','DynamicStatus_19',0,'1','2023-01-17 19:26:06'),(41,31,1,1,'','SecurityServiceAudits','DynamicStatus_21',0,'1','2023-01-17 19:26:06'),(42,31,1,1,'','SecurityServiceAudits','DynamicStatus_20',0,'1','2023-01-17 19:26:06'),(43,32,1,1,'','SecurityServiceMaintenances','DynamicStatus_25',0,'1','2023-01-17 19:26:06'),(44,32,1,1,'','SecurityServiceMaintenances','DynamicStatus_23',0,'1','2023-01-17 19:26:06'),(45,33,1,1,'','SecurityServiceMaintenances','DynamicStatus_25',0,'1','2023-01-17 19:26:06'),(46,33,1,1,'','SecurityServiceMaintenances','DynamicStatus_24',0,'1','2023-01-17 19:26:06'),(47,34,1,1,'','','security_service_type_id',5,'2','2023-01-17 19:26:06'),(48,35,1,1,'','SecurityServiceIssues','DynamicStatus_27',0,'1','2023-01-17 19:26:06'),(49,36,1,1,'','SecurityIncidents','DynamicStatus_4',0,'1','2023-01-17 19:26:06'),(50,37,1,1,'','Projects','DynamicStatus_14',0,'1','2023-01-17 19:26:06'),(51,38,1,1,'','Projects','DynamicStatus_16',0,'1','2023-01-17 19:26:06'),(52,39,1,1,'','Projects','DynamicStatus_18',0,'1','2023-01-17 19:26:07'),(53,40,1,1,'','Projects','DynamicStatus_17',0,'1','2023-01-17 19:26:07'),(54,41,1,1,'','','status',7,'0','2023-01-17 19:26:07'),(55,41,1,1,'','','expiration',2,'_today_','2023-01-17 19:26:07'),(56,42,1,1,'','','status',5,'0','2023-01-17 19:26:07'),(57,43,1,1,'','','completed',0,'0','2023-01-17 19:26:07'),(58,43,1,1,'','','planned_date',2,'_today_','2023-01-17 19:26:07'),(59,44,1,1,'','','{{current}}',0,'1','2023-01-17 19:26:07'),(60,45,1,1,'','','completed',0,'1','2023-01-17 19:26:07'),(61,46,1,1,'','SecurityPolicyReviews','DynamicStatus_43',0,'1','2023-01-17 19:26:07'),(62,47,1,1,'','Projects','DynamicStatus_14',0,'1','2023-01-17 19:26:07'),(63,48,1,1,'','Projects','DynamicStatus_16',0,'1','2023-01-17 19:26:07'),(64,49,1,1,'','Projects','DynamicStatus_18',0,'1','2023-01-17 19:26:07'),(65,50,1,1,'','Projects','DynamicStatus_17',0,'1','2023-01-17 19:26:07'),(66,51,1,1,'','','status',7,'0','2023-01-17 19:26:07'),(67,51,1,1,'','','expiration',2,'_today_','2023-01-17 19:26:07'),(68,52,1,1,'','','status',5,'0','2023-01-17 19:26:07'),(69,53,1,1,'','','completed',0,'0','2023-01-17 19:26:07'),(70,53,1,1,'','','planned_date',2,'_today_','2023-01-17 19:26:07'),(71,54,1,1,'','','{{current}}',0,'1','2023-01-17 19:26:07'),(72,55,1,1,'','','completed',0,'1','2023-01-17 19:26:07'),(73,56,1,1,'','','{{above_appetite}}',0,'1','2023-01-17 19:26:07'),(74,57,1,1,'','RiskReviews','DynamicStatus_53',0,'1','2023-01-17 19:26:07'),(75,58,1,1,'','RiskExceptions','DynamicStatus_51',0,'1','2023-01-17 19:26:07'),(76,59,1,1,'','SecurityIncidents','DynamicStatus_4',0,'1','2023-01-17 19:26:07'),(77,60,1,1,'','SecurityServices','DynamicStatus_34',0,'1','2023-01-17 19:26:07'),(78,61,1,1,'','SecurityServices','DynamicStatus_35',0,'1','2023-01-17 19:26:07'),(79,62,1,1,'','SecurityServices','DynamicStatus_30',0,'1','2023-01-17 19:26:07'),(80,63,1,1,'','SecurityServices','DynamicStatus_31',0,'1','2023-01-17 19:26:07'),(81,64,1,1,'','SecurityServices','DynamicStatus_33',0,'1','2023-01-17 19:26:07'),(82,65,1,1,'','Projects','DynamicStatus_14',0,'1','2023-01-17 19:26:07'),(83,66,1,1,'','Projects','DynamicStatus_16',0,'1','2023-01-17 19:26:07'),(84,67,1,1,'','Projects','DynamicStatus_18',0,'1','2023-01-17 19:26:07'),(85,68,1,1,'','Projects','DynamicStatus_17',0,'1','2023-01-17 19:26:07'),(86,69,1,1,'','','completed',0,'0','2023-01-17 19:26:07'),(87,69,1,1,'','','planned_date',2,'_today_','2023-01-17 19:26:07'),(88,70,1,1,'','','{{current}}',0,'1','2023-01-17 19:26:07'),(89,71,1,1,'','','completed',0,'1','2023-01-17 19:26:07'),(90,72,1,1,'','','{{above_appetite}}',0,'1','2023-01-17 19:26:07'),(91,73,1,1,'','ThirdPartyRiskReviews','DynamicStatus_69',0,'1','2023-01-17 19:26:07'),(92,74,1,1,'','RiskExceptions','DynamicStatus_51',0,'1','2023-01-17 19:26:07'),(93,75,1,1,'','SecurityIncidents','DynamicStatus_4',0,'1','2023-01-17 19:26:08'),(94,76,1,1,'','SecurityServices','DynamicStatus_34',0,'1','2023-01-17 19:26:08'),(95,77,1,1,'','SecurityServices','DynamicStatus_35',0,'1','2023-01-17 19:26:08'),(96,78,1,1,'','SecurityServices','DynamicStatus_30',0,'1','2023-01-17 19:26:08'),(97,79,1,1,'','SecurityServices','DynamicStatus_31',0,'1','2023-01-17 19:26:08'),(98,80,1,1,'','SecurityServices','DynamicStatus_33',0,'1','2023-01-17 19:26:08'),(99,81,1,1,'','Projects','DynamicStatus_14',0,'1','2023-01-17 19:26:08'),(100,82,1,1,'','Projects','DynamicStatus_16',0,'1','2023-01-17 19:26:08'),(101,83,1,1,'','Projects','DynamicStatus_18',0,'1','2023-01-17 19:26:08'),(102,84,1,1,'','Projects','DynamicStatus_17',0,'1','2023-01-17 19:26:08'),(103,85,1,1,'','','completed',0,'0','2023-01-17 19:26:08'),(104,85,1,1,'','','planned_date',2,'_today_','2023-01-17 19:26:08'),(105,86,1,1,'','','{{current}}',0,'1','2023-01-17 19:26:08'),(106,87,1,1,'','','completed',0,'1','2023-01-17 19:26:08'),(107,88,1,1,'','','{{above_appetite}}',0,'1','2023-01-17 19:26:08'),(108,89,1,1,'','BusinessContinuityReviews','DynamicStatus_85',0,'1','2023-01-17 19:26:08'),(109,90,1,1,'','RiskExceptions','DynamicStatus_51',0,'1','2023-01-17 19:26:08'),(110,91,1,1,'','SecurityIncidents','DynamicStatus_4',0,'1','2023-01-17 19:26:08'),(111,92,1,1,'','SecurityServices','DynamicStatus_34',0,'1','2023-01-17 19:26:08'),(112,93,1,1,'','SecurityServices','DynamicStatus_35',0,'1','2023-01-17 19:26:08'),(113,94,1,1,'','SecurityServices','DynamicStatus_30',0,'1','2023-01-17 19:26:08'),(114,95,1,1,'','SecurityServices','DynamicStatus_31',0,'1','2023-01-17 19:26:08'),(115,96,1,1,'','SecurityServices','DynamicStatus_33',0,'1','2023-01-17 19:26:08'),(116,97,1,1,'','Projects','DynamicStatus_14',0,'1','2023-01-17 19:26:08'),(117,98,1,1,'','Projects','DynamicStatus_16',0,'1','2023-01-17 19:26:08'),(118,99,1,1,'','Projects','DynamicStatus_18',0,'1','2023-01-17 19:26:08'),(119,100,1,1,'','Projects','DynamicStatus_17',0,'1','2023-01-17 19:26:08'),(120,101,1,1,'','','result',5,'0','2023-01-17 19:26:08'),(121,102,1,1,'','','result',7,'0|1','2023-01-17 19:26:08'),(122,102,1,1,'','','planned_date',2,'_today_','2023-01-17 19:26:08'),(123,103,1,1,'','','{{current}}',0,'1','2023-01-17 19:26:08'),(124,104,1,1,'','','result',11,'','2023-01-17 19:26:08'),(125,105,1,1,'','BusinessContinuityPlanAudits','DynamicStatus_103',0,'1','2023-01-17 19:26:09'),(126,105,1,1,'','BusinessContinuityPlanAudits','DynamicStatus_101',0,'1','2023-01-17 19:26:09'),(127,106,1,1,'','BusinessContinuityPlanAudits','DynamicStatus_103',0,'1','2023-01-17 19:26:09'),(128,106,1,1,'','BusinessContinuityPlanAudits','DynamicStatus_102',0,'1','2023-01-17 19:26:09'),(129,107,1,1,'','','result',5,'0','2023-01-17 19:26:09'),(130,108,1,1,'','','result',7,'0|1','2023-01-17 19:26:09'),(131,108,1,1,'','','planned_date',2,'_today_','2023-01-17 19:26:09'),(132,109,1,1,'','','{{current}}',0,'1','2023-01-17 19:26:09'),(133,110,1,1,'','GoalAudits','DynamicStatus_109',0,'1','2023-01-17 19:26:09'),(134,110,1,1,'','GoalAudits','DynamicStatus_108',0,'1','2023-01-17 19:26:09'),(135,111,1,1,'','Projects','DynamicStatus_14',0,'1','2023-01-17 19:26:09'),(136,112,1,1,'','Projects','DynamicStatus_16',0,'1','2023-01-17 19:26:09'),(137,113,1,1,'','Projects','DynamicStatus_18',0,'1','2023-01-17 19:26:09'),(138,114,1,1,'','Projects','DynamicStatus_17',0,'1','2023-01-17 19:26:09'),(139,115,1,1,'','SecurityServices','DynamicStatus_35',0,'1','2023-01-17 19:26:09'),(140,116,1,1,'','SecurityServices','DynamicStatus_30',0,'1','2023-01-17 19:26:09'),(141,117,1,1,'','SecurityServices','DynamicStatus_31',0,'1','2023-01-17 19:26:09'),(142,118,1,1,'','SecurityPolicies','DynamicStatus_46',0,'1','2023-01-17 19:26:09'),(143,119,1,1,'','Risks','DynamicStatus_57',0,'1','2023-01-17 19:26:09'),(144,120,1,1,'','ThirdPartyRisks','DynamicStatus_73',0,'1','2023-01-17 19:26:09'),(145,121,1,1,'','BusinessContinuities','DynamicStatus_89',0,'1','2023-01-17 19:26:09'),(146,122,1,1,'','Projects','DynamicStatus_14',0,'1','2023-01-17 19:26:09'),(147,123,1,1,'','Projects','DynamicStatus_16',0,'1','2023-01-17 19:26:09'),(148,124,1,1,'','Projects','DynamicStatus_18',0,'1','2023-01-17 19:26:09'),(149,125,1,1,'','Projects','DynamicStatus_17',0,'1','2023-01-17 19:26:09'),(150,126,1,1,'','Assets','DynamicStatus_10',0,'1','2023-01-17 19:26:09'),(151,127,1,1,'','','{{incomplete_analysis}}',0,'1','2023-01-17 19:26:09'),(152,128,1,1,'','','{{incomplete_gdpr_analysis}}',0,'1','2023-01-17 19:26:09'),(153,129,1,1,'','DataAssets','DynamicStatus_115',0,'1','2023-01-17 19:26:09'),(154,130,1,1,'','DataAssets','DynamicStatus_116',0,'1','2023-01-17 19:26:09'),(155,131,1,1,'','DataAssets','DynamicStatus_117',0,'1','2023-01-17 19:26:09'),(156,132,1,1,'','DataAssets','DynamicStatus_118',0,'1','2023-01-17 19:26:09'),(157,133,1,1,'','DataAssets','DynamicStatus_119',0,'1','2023-01-17 19:26:09'),(158,134,1,1,'','DataAssets','DynamicStatus_120',0,'1','2023-01-17 19:26:09'),(159,135,1,1,'','DataAssets','DynamicStatus_121',0,'1','2023-01-17 19:26:10'),(160,136,1,1,'','DataAssets','DynamicStatus_122',0,'1','2023-01-17 19:26:10'),(161,137,1,1,'','DataAssets','DynamicStatus_123',0,'1','2023-01-17 19:26:10'),(162,138,1,1,'','DataAssets','DynamicStatus_124',0,'1','2023-01-17 19:26:10'),(163,139,1,1,'','DataAssets','DynamicStatus_125',0,'1','2023-01-17 19:26:10'),(164,140,1,1,'','','status',7,'0','2023-01-17 19:26:10'),(165,140,1,1,'','','expiration',2,'_today_','2023-01-17 19:26:10'),(166,141,1,1,'','','status',5,'0','2023-01-17 19:26:10'),(167,142,1,1,'','','status',5,'1','2023-01-17 19:26:10'),(168,143,1,1,'','','status',5,'0','2023-01-17 19:26:10'),(169,144,1,1,'','','status',7,'0','2023-01-17 19:26:10'),(170,144,1,1,'','','due_date',2,'_today_','2023-01-17 19:26:10'),(171,145,1,1,'','ComplianceAnalysisFindings','DynamicStatus_144',0,'1','2023-01-17 19:26:10'),(172,146,1,1,'','ComplianceExceptions','DynamicStatus_140',0,'1','2023-01-17 19:26:10'),(173,147,1,1,'','SecurityPolicies','DynamicStatus_46',0,'1','2023-01-17 19:26:10'),(174,148,1,1,'','SecurityServices','DynamicStatus_34',0,'1','2023-01-17 19:26:10'),(175,149,1,1,'','SecurityServices','DynamicStatus_35',0,'1','2023-01-17 19:26:10'),(176,150,1,1,'','SecurityServices','DynamicStatus_30',0,'1','2023-01-17 19:26:10'),(177,151,1,1,'','SecurityServices','DynamicStatus_31',0,'1','2023-01-17 19:26:10'),(178,152,1,1,'','SecurityServices','DynamicStatus_32',0,'1','2023-01-17 19:26:10'),(179,153,1,1,'','SecurityServices','DynamicStatus_33',0,'1','2023-01-17 19:26:10'),(180,154,1,1,'','Risks','DynamicStatus_57',0,'1','2023-01-17 19:26:10'),(181,155,1,1,'','ThirdPartyRisks','DynamicStatus_73',0,'1','2023-01-17 19:26:10'),(182,156,1,1,'','BusinessContinuities','DynamicStatus_89',0,'1','2023-01-17 19:26:10'),(183,157,1,1,'','Projects','DynamicStatus_14',0,'1','2023-01-17 19:26:10'),(184,158,1,1,'','Projects','DynamicStatus_16',0,'1','2023-01-17 19:26:11'),(185,159,1,1,'','Projects','DynamicStatus_18',0,'1','2023-01-17 19:26:11'),(186,160,1,1,'','Projects','DynamicStatus_17',0,'1','2023-01-17 19:26:11'),(187,161,1,1,'','','end',2,'_today_','2023-01-17 19:26:11'),(188,162,1,1,'','ThirdPartyRisks','DynamicStatus_73',0,'1','2023-01-17 19:26:11'),(189,163,1,1,'','Risks','DynamicStatus_57',0,'1','2023-01-17 19:26:11'),(190,164,1,1,'','ThirdPartyRisks','DynamicStatus_73',0,'1','2023-01-17 19:26:11'),(191,165,1,1,'','Assets','DynamicStatus_163',0,'1','2023-01-17 19:26:11'),(192,166,1,1,'','Assets','DynamicStatus_164',0,'1','2023-01-17 19:26:11'),(193,167,1,1,'','BusinessContinuities','DynamicStatus_89',0,'1','2023-01-17 19:26:11');
/*!40000 ALTER TABLE `dynamic_status_conditions` ENABLE KEYS */;
UNLOCK TABLES;

--
-- Table structure for table `dynamic_status_deltas`
--

DROP TABLE IF EXISTS `dynamic_status_deltas`;
/*!40101 SET @saved_cs_client     = @@character_set_client */;
/*!50503 SET character_set_client = utf8mb4 */;
CREATE TABLE `dynamic_status_deltas` (
  `id` int NOT NULL AUTO_INCREMENT,
  `dynamic_status_id` int NOT NULL,
  `model` varchar(255) COLLATE utf8mb4_unicode_ci NOT NULL DEFAULT '',
  `foreign_key` int NOT NULL,
  `value` tinyint(1) NOT NULL,
  `migrated` tinyint(1) NOT NULL DEFAULT '0',
  `created` datetime NOT NULL,
  PRIMARY KEY (`id`),
  KEY `dynamic_status_id` (`dynamic_status_id`),
  CONSTRAINT `dynamic_status_deltas_ibfk_1` FOREIGN KEY (`dynamic_status_id`) REFERENCES `dynamic_statuses` (`id`) ON DELETE CASCADE ON UPDATE CASCADE
) ENGINE=InnoDB DEFAULT CHARSET=utf8mb4 COLLATE=utf8mb4_unicode_ci;
/*!40101 SET character_set_client = @saved_cs_client */;

--
-- Dumping data for table `dynamic_status_deltas`
--

LOCK TABLES `dynamic_status_deltas` WRITE;
/*!40000 ALTER TABLE `dynamic_status_deltas` DISABLE KEYS */;
/*!40000 ALTER TABLE `dynamic_status_deltas` ENABLE KEYS */;
UNLOCK TABLES;

--
-- Table structure for table `dynamic_status_value_logs`
--

DROP TABLE IF EXISTS `dynamic_status_value_logs`;
/*!40101 SET @saved_cs_client     = @@character_set_client */;
/*!50503 SET character_set_client = utf8mb4 */;
CREATE TABLE `dynamic_status_value_logs` (
  `id` int NOT NULL AUTO_INCREMENT,
  `dynamic_status_id` int NOT NULL,
  `model` varchar(255) COLLATE utf8mb4_unicode_ci NOT NULL DEFAULT '',
  `foreign_key` int NOT NULL,
  `value` int NOT NULL,
  `created` date NOT NULL,
  PRIMARY KEY (`id`),
  KEY `dynamic_status_id` (`dynamic_status_id`),
  KEY `model` (`model`),
  CONSTRAINT `dynamic_status_value_logs_ibfk_1` FOREIGN KEY (`dynamic_status_id`) REFERENCES `dynamic_statuses` (`id`) ON DELETE CASCADE ON UPDATE CASCADE
) ENGINE=InnoDB DEFAULT CHARSET=utf8mb4 COLLATE=utf8mb4_unicode_ci;
/*!40101 SET character_set_client = @saved_cs_client */;

--
-- Dumping data for table `dynamic_status_value_logs`
--

LOCK TABLES `dynamic_status_value_logs` WRITE;
/*!40000 ALTER TABLE `dynamic_status_value_logs` DISABLE KEYS */;
/*!40000 ALTER TABLE `dynamic_status_value_logs` ENABLE KEYS */;
UNLOCK TABLES;

--
-- Table structure for table `dynamic_status_values`
--

DROP TABLE IF EXISTS `dynamic_status_values`;
/*!40101 SET @saved_cs_client     = @@character_set_client */;
/*!50503 SET character_set_client = utf8mb4 */;
CREATE TABLE `dynamic_status_values` (
  `id` int NOT NULL AUTO_INCREMENT,
  `dynamic_status_id` int NOT NULL,
  `model` varchar(255) COLLATE utf8mb4_unicode_ci NOT NULL DEFAULT '',
  `foreign_key` int NOT NULL,
  `value` int NOT NULL,
  `created` datetime NOT NULL,
  `modified` datetime NOT NULL,
  PRIMARY KEY (`id`),
  KEY `dynamic_status_id` (`dynamic_status_id`),
  KEY `model` (`model`,`foreign_key`),
  CONSTRAINT `dynamic_status_values_ibfk_1` FOREIGN KEY (`dynamic_status_id`) REFERENCES `dynamic_statuses` (`id`) ON DELETE CASCADE ON UPDATE CASCADE
) ENGINE=InnoDB DEFAULT CHARSET=utf8mb4 COLLATE=utf8mb4_unicode_ci;
/*!40101 SET character_set_client = @saved_cs_client */;

--
-- Dumping data for table `dynamic_status_values`
--

LOCK TABLES `dynamic_status_values` WRITE;
/*!40000 ALTER TABLE `dynamic_status_values` DISABLE KEYS */;
/*!40000 ALTER TABLE `dynamic_status_values` ENABLE KEYS */;
UNLOCK TABLES;

--
-- Table structure for table `dynamic_statuses`
--

DROP TABLE IF EXISTS `dynamic_statuses`;
/*!40101 SET @saved_cs_client     = @@character_set_client */;
/*!50503 SET character_set_client = utf8mb4 */;
CREATE TABLE `dynamic_statuses` (
  `id` int NOT NULL AUTO_INCREMENT,
  `slug` varchar(255) COLLATE utf8mb4_unicode_ci DEFAULT '',
  `name` varchar(255) COLLATE utf8mb4_unicode_ci NOT NULL DEFAULT '',
  `description` text COLLATE utf8mb4_unicode_ci,
  `model` varchar(255) COLLATE utf8mb4_unicode_ci NOT NULL DEFAULT '',
  `field` varchar(255) COLLATE utf8mb4_unicode_ci DEFAULT NULL,
  `trigger` int NOT NULL,
  `dependent` int NOT NULL DEFAULT '0',
  `type` int NOT NULL,
  `color` varchar(255) COLLATE utf8mb4_unicode_ci NOT NULL DEFAULT '',
  `status` int NOT NULL,
  `migrated` tinyint(1) NOT NULL DEFAULT '0',
  `created` datetime NOT NULL,
  `modified` datetime NOT NULL,
  PRIMARY KEY (`id`)
) ENGINE=InnoDB AUTO_INCREMENT=168 DEFAULT CHARSET=utf8mb4 COLLATE=utf8mb4_unicode_ci;
/*!40101 SET character_set_client = @saved_cs_client */;

--
-- Dumping data for table `dynamic_statuses`
--

LOCK TABLES `dynamic_statuses` WRITE;
/*!40000 ALTER TABLE `dynamic_statuses` DISABLE KEYS */;
INSERT INTO `dynamic_statuses` VALUES (1,'initiated','Incomplete',NULL,'SecurityIncidentStagesSecurityIncidents',NULL,1,0,1,'#F44336',1,0,'2023-01-17 19:26:06','2023-01-17 19:26:06'),(2,'completed','Completed',NULL,'SecurityIncidentStagesSecurityIncidents',NULL,1,0,1,'#4CAF50',1,0,'2023-01-17 19:26:06','2023-01-17 19:26:06'),(3,'closed','Closed',NULL,'SecurityIncidents',NULL,1,0,1,'#4CAF50',1,0,'2023-01-17 19:26:06','2023-01-17 19:26:06'),(4,'ongoing','Ongoing',NULL,'SecurityIncidents',NULL,1,0,1,'#FF9800',1,0,'2023-01-17 19:26:06','2023-01-17 19:26:06'),(5,'lifecycle_incomplete','Lifecycle Incomplete',NULL,'SecurityIncidents',NULL,1,1,1,'#FF9800',1,0,'2023-01-17 19:26:06','2023-01-17 19:26:06'),(6,'expired','Expired',NULL,'SecurityIncidents',NULL,2,0,1,'#FF9800',1,0,'2023-01-17 19:26:06','2023-01-17 19:26:06'),(7,'expired','Expired',NULL,'AssetReviews',NULL,2,0,1,'#FF9800',1,0,'2023-01-17 19:26:06','2023-01-17 19:26:06'),(8,'current','Current',NULL,'AssetReviews',NULL,1,0,1,'#4CAF50',1,0,'2023-01-17 19:26:06','2023-01-17 19:26:06'),(9,'completed','Completed',NULL,'AssetReviews',NULL,1,0,1,'#4CAF50',2,0,'2023-01-17 19:26:06','2023-01-17 19:26:06'),(10,'AssetReview-expired','Review Expired',NULL,'Assets',NULL,1,1,1,'#FF9800',1,0,'2023-01-17 19:26:06','2023-01-17 19:26:06'),(11,'SecurityIncident-ongoing','Security Incident Ongoing',NULL,'Assets',NULL,1,1,1,'#FF9800',1,0,'2023-01-17 19:26:06','2023-01-17 19:26:06'),(12,'expired','Expired',NULL,'ProjectAchievements',NULL,2,0,1,'#FF9800',1,0,'2023-01-17 19:26:06','2023-01-17 19:26:06'),(13,'completed','Completed',NULL,'ProjectAchievements',NULL,1,0,1,'#4CAF50',2,0,'2023-01-17 19:26:06','2023-01-17 19:26:06'),(14,'ongoing','Ongoing',NULL,'Projects',NULL,1,0,1,'#4CAF50',1,0,'2023-01-17 19:26:06','2023-01-17 19:26:06'),(15,'completed','Closed',NULL,'Projects',NULL,1,0,1,'#4CAF50',1,0,'2023-01-17 19:26:06','2023-01-17 19:26:06'),(16,'planned','Planned',NULL,'Projects',NULL,1,0,1,'#4CAF50',1,0,'2023-01-17 19:26:06','2023-01-17 19:26:06'),(17,'ProjectAchievement-expired','Task Expired',NULL,'Projects',NULL,1,1,1,'#FF9800',1,0,'2023-01-17 19:26:06','2023-01-17 19:26:06'),(18,'expired','Expired',NULL,'Projects',NULL,2,0,1,'#FF9800',1,0,'2023-01-17 19:26:06','2023-01-17 19:26:06'),(19,'failed','Failed',NULL,'SecurityServiceAudits',NULL,1,0,1,'#F44336',1,0,'2023-01-17 19:26:06','2023-01-17 19:26:06'),(20,'expired','Expired',NULL,'SecurityServiceAudits',NULL,2,0,1,'#FF9800',1,0,'2023-01-17 19:26:06','2023-01-17 19:26:06'),(21,'current','Current',NULL,'SecurityServiceAudits',NULL,1,0,1,'#4CAF50',1,0,'2023-01-17 19:26:06','2023-01-17 19:26:06'),(22,'completed','Completed',NULL,'SecurityServiceAudits',NULL,1,0,1,'#4CAF50',2,0,'2023-01-17 19:26:06','2023-01-17 19:26:06'),(23,'failed','Failed',NULL,'SecurityServiceMaintenances',NULL,1,0,1,'#F44336',1,0,'2023-01-17 19:26:06','2023-01-17 19:26:06'),(24,'expired','Expired',NULL,'SecurityServiceMaintenances',NULL,2,0,1,'#FF9800',1,0,'2023-01-17 19:26:06','2023-01-17 19:26:06'),(25,'current','Current',NULL,'SecurityServiceMaintenances',NULL,1,0,1,'#4CAF50',1,0,'2023-01-17 19:26:06','2023-01-17 19:26:06'),(26,'completed','Completed',NULL,'SecurityServiceMaintenances',NULL,1,0,1,'#4CAF50',2,0,'2023-01-17 19:26:06','2023-01-17 19:26:06'),(27,'open','Open',NULL,'SecurityServiceIssues',NULL,1,0,1,'#4CAF50',1,0,'2023-01-17 19:26:06','2023-01-17 19:26:06'),(28,'expired','Expired',NULL,'SecurityServiceIssues',NULL,2,0,1,'#FF9800',1,0,'2023-01-17 19:26:06','2023-01-17 19:26:06'),(29,'completed','Completed',NULL,'SecurityServiceIssues',NULL,1,0,1,'#4CAF50',2,0,'2023-01-17 19:26:06','2023-01-17 19:26:06'),(30,'current_audit_failed','Last Audit Failed',NULL,'SecurityServices',NULL,1,1,1,'#F44336',1,0,'2023-01-17 19:26:06','2023-01-17 19:26:06'),(31,'current_audit_expired','Last Audit Expired',NULL,'SecurityServices',NULL,1,1,1,'#FF9800',1,0,'2023-01-17 19:26:06','2023-01-17 19:26:06'),(32,'current_maintenance_failed','Last Maintenance Failed',NULL,'SecurityServices',NULL,1,1,1,'#F44336',1,0,'2023-01-17 19:26:06','2023-01-17 19:26:06'),(33,'current_maintenance_expired','Last Maintenance Expired',NULL,'SecurityServices',NULL,1,1,1,'#FF9800',1,0,'2023-01-17 19:26:06','2023-01-17 19:26:06'),(34,'design','Control in Design',NULL,'SecurityServices',NULL,1,0,1,'#FF9800',1,0,'2023-01-17 19:26:06','2023-01-17 19:26:06'),(35,'SecurityServiceIssue-open','Control Issues',NULL,'SecurityServices',NULL,1,1,1,'#F44336',1,0,'2023-01-17 19:26:06','2023-01-17 19:26:06'),(36,'SecurityIncident-ongoing','Incident Ongoing',NULL,'SecurityServices',NULL,1,1,1,'#FF9800',1,0,'2023-01-17 19:26:06','2023-01-17 19:26:06'),(37,'Project-ongoing','Project Ongoing',NULL,'SecurityServices',NULL,1,1,1,'#4CAF50',1,0,'2023-01-17 19:26:06','2023-01-17 19:26:06'),(38,'Project-planned','Project Planned',NULL,'SecurityServices',NULL,1,1,1,'#4CAF50',1,0,'2023-01-17 19:26:06','2023-01-17 19:26:06'),(39,'Project-expired','Project Expired',NULL,'SecurityServices',NULL,1,1,1,'#FF9800',1,0,'2023-01-17 19:26:07','2023-01-17 19:26:07'),(40,'ProjectAchievement-expired','Project Task Expired',NULL,'SecurityServices',NULL,1,1,1,'#FF9800',1,0,'2023-01-17 19:26:07','2023-01-17 19:26:07'),(41,'expired','Expired',NULL,'PolicyExceptions',NULL,2,0,1,'#FF9800',1,0,'2023-01-17 19:26:07','2023-01-17 19:26:07'),(42,'completed','Completed',NULL,'PolicyExceptions',NULL,1,0,1,'#4CAF50',2,0,'2023-01-17 19:26:07','2023-01-17 19:26:07'),(43,'expired','Expired',NULL,'SecurityPolicyReviews',NULL,2,0,1,'#FF9800',1,0,'2023-01-17 19:26:07','2023-01-17 19:26:07'),(44,'current','Current',NULL,'SecurityPolicyReviews',NULL,1,0,1,'#4CAF50',1,0,'2023-01-17 19:26:07','2023-01-17 19:26:07'),(45,'completed','Completed',NULL,'SecurityPolicyReviews',NULL,1,0,1,'#4CAF50',2,0,'2023-01-17 19:26:07','2023-01-17 19:26:07'),(46,'SecurityPolicyReview-expired','Review Expired',NULL,'SecurityPolicies',NULL,1,1,1,'#FF9800',1,0,'2023-01-17 19:26:07','2023-01-17 19:26:07'),(47,'Project-ongoing','Project Ongoing',NULL,'SecurityPolicies',NULL,1,1,1,'#4CAF50',1,0,'2023-01-17 19:26:07','2023-01-17 19:26:07'),(48,'Project-planned','Project Planned',NULL,'SecurityPolicies',NULL,1,1,1,'#4CAF50',1,0,'2023-01-17 19:26:07','2023-01-17 19:26:07'),(49,'Project-expired','Project Expired',NULL,'SecurityPolicies',NULL,1,1,1,'#FF9800',1,0,'2023-01-17 19:26:07','2023-01-17 19:26:07'),(50,'ProjectAchievement-expired','Project Task Expired',NULL,'SecurityPolicies',NULL,1,1,1,'#FF9800',1,0,'2023-01-17 19:26:07','2023-01-17 19:26:07'),(51,'expired','Expired',NULL,'RiskExceptions',NULL,2,0,1,'#FF9800',1,0,'2023-01-17 19:26:07','2023-01-17 19:26:07'),(52,'completed','Completed',NULL,'RiskExceptions',NULL,1,0,1,'#4CAF50',2,0,'2023-01-17 19:26:07','2023-01-17 19:26:07'),(53,'expired','Expired',NULL,'RiskReviews',NULL,2,0,1,'#FF9800',1,0,'2023-01-17 19:26:07','2023-01-17 19:26:07'),(54,'current','Current',NULL,'RiskReviews',NULL,1,0,1,'#4CAF50',1,0,'2023-01-17 19:26:07','2023-01-17 19:26:07'),(55,'completed','Completed',NULL,'RiskReviews',NULL,1,0,1,'#4CAF50',2,0,'2023-01-17 19:26:07','2023-01-17 19:26:07'),(56,'above_appetite','Above Appetite',NULL,'Risks',NULL,1,0,1,'#F44336',1,0,'2023-01-17 19:26:07','2023-01-17 19:26:07'),(57,'RiskReview-expired','Review Expired',NULL,'Risks',NULL,1,1,1,'#FF9800',1,0,'2023-01-17 19:26:07','2023-01-17 19:26:07'),(58,'RiskException-expired','Exception Expired',NULL,'Risks',NULL,1,1,1,'#FF9800',1,0,'2023-01-17 19:26:07','2023-01-17 19:26:07'),(59,'SecurityIncident-ongoing','Security Incident Ongoing',NULL,'Risks',NULL,1,1,1,'#FF9800',1,0,'2023-01-17 19:26:07','2023-01-17 19:26:07'),(60,'SecurityService-design','Control In Design',NULL,'Risks',NULL,1,1,1,'#FF9800',1,0,'2023-01-17 19:26:07','2023-01-17 19:26:07'),(61,'SecurityServiceIssue-open','Control Issues',NULL,'Risks',NULL,1,1,1,'#F44336',1,0,'2023-01-17 19:26:07','2023-01-17 19:26:07'),(62,'SecurityService-current_audit_failed','Control Last Audit Failed',NULL,'Risks',NULL,1,1,1,'#F44336',1,0,'2023-01-17 19:26:07','2023-01-17 19:26:07'),(63,'SecurityService-current_audit_expired','Control Last Audit Expired',NULL,'Risks',NULL,1,1,1,'#FF9800',1,0,'2023-01-17 19:26:07','2023-01-17 19:26:07'),(64,'SecurityService-current_maintenance_expired','Control Last Maintenance Expired',NULL,'Risks',NULL,1,1,1,'#FF9800',1,0,'2023-01-17 19:26:07','2023-01-17 19:26:07'),(65,'Project-ongoing','Project Ongoing',NULL,'Risks',NULL,1,1,1,'#4CAF50',1,0,'2023-01-17 19:26:07','2023-01-17 19:26:07'),(66,'Project-planned','Project Planned',NULL,'Risks',NULL,1,1,1,'#4CAF50',1,0,'2023-01-17 19:26:07','2023-01-17 19:26:07'),(67,'Project-expired','Project Expired',NULL,'Risks',NULL,1,1,1,'#FF9800',1,0,'2023-01-17 19:26:07','2023-01-17 19:26:07'),(68,'ProjectAchievement-expired','Project Task Expired',NULL,'Risks',NULL,1,1,1,'#FF9800',1,0,'2023-01-17 19:26:07','2023-01-17 19:26:07'),(69,'expired','Expired',NULL,'ThirdPartyRiskReviews',NULL,2,0,1,'#FF9800',1,0,'2023-01-17 19:26:07','2023-01-17 19:26:07'),(70,'current','Current',NULL,'ThirdPartyRiskReviews',NULL,1,0,1,'#4CAF50',1,0,'2023-01-17 19:26:07','2023-01-17 19:26:07'),(71,'completed','Completed',NULL,'ThirdPartyRiskReviews',NULL,1,0,1,'#4CAF50',2,0,'2023-01-17 19:26:07','2023-01-17 19:26:07'),(72,'above_appetite','Above Appetite',NULL,'ThirdPartyRisks',NULL,1,0,1,'#F44336',1,0,'2023-01-17 19:26:07','2023-01-17 19:26:07'),(73,'ThirdPartyRiskReview-expired','Review Expired',NULL,'ThirdPartyRisks',NULL,1,1,1,'#FF9800',1,0,'2023-01-17 19:26:07','2023-01-17 19:26:07'),(74,'RiskException-expired','Exception Expired',NULL,'ThirdPartyRisks',NULL,1,1,1,'#FF9800',1,0,'2023-01-17 19:26:07','2023-01-17 19:26:07'),(75,'SecurityIncident-ongoing','Security Incident Ongoing',NULL,'ThirdPartyRisks',NULL,1,1,1,'#FF9800',1,0,'2023-01-17 19:26:08','2023-01-17 19:26:08'),(76,'SecurityService-design','Control In Design',NULL,'ThirdPartyRisks',NULL,1,1,1,'#FF9800',1,0,'2023-01-17 19:26:08','2023-01-17 19:26:08'),(77,'SecurityServiceIssue-open','Control Issues',NULL,'ThirdPartyRisks',NULL,1,1,1,'#F44336',1,0,'2023-01-17 19:26:08','2023-01-17 19:26:08'),(78,'SecurityService-current_audit_failed','Control Last Audit Failed',NULL,'ThirdPartyRisks',NULL,1,1,1,'#F44336',1,0,'2023-01-17 19:26:08','2023-01-17 19:26:08'),(79,'SecurityService-current_audit_expired','Control Last Audit Expired',NULL,'ThirdPartyRisks',NULL,1,1,1,'#FF9800',1,0,'2023-01-17 19:26:08','2023-01-17 19:26:08'),(80,'SecurityService-current_maintenance_expired','Control Last Maintenance Expired',NULL,'ThirdPartyRisks',NULL,1,1,1,'#FF9800',1,0,'2023-01-17 19:26:08','2023-01-17 19:26:08'),(81,'Project-ongoing','Project Ongoing',NULL,'ThirdPartyRisks',NULL,1,1,1,'#4CAF50',1,0,'2023-01-17 19:26:08','2023-01-17 19:26:08'),(82,'Project-planned','Project Planned',NULL,'ThirdPartyRisks',NULL,1,1,1,'#4CAF50',1,0,'2023-01-17 19:26:08','2023-01-17 19:26:08'),(83,'Project-expired','Project Expired',NULL,'ThirdPartyRisks',NULL,1,1,1,'#FF9800',1,0,'2023-01-17 19:26:08','2023-01-17 19:26:08'),(84,'ProjectAchievement-expired','Project Task Expired',NULL,'ThirdPartyRisks',NULL,1,1,1,'#FF9800',1,0,'2023-01-17 19:26:08','2023-01-17 19:26:08'),(85,'expired','Expired',NULL,'BusinessContinuityReviews',NULL,2,0,1,'#FF9800',1,0,'2023-01-17 19:26:08','2023-01-17 19:26:08'),(86,'current','Current',NULL,'BusinessContinuityReviews',NULL,1,0,1,'#4CAF50',1,0,'2023-01-17 19:26:08','2023-01-17 19:26:08'),(87,'completed','Completed',NULL,'BusinessContinuityReviews',NULL,1,0,1,'#4CAF50',2,0,'2023-01-17 19:26:08','2023-01-17 19:26:08'),(88,'above_appetite','Above Appetite',NULL,'BusinessContinuities',NULL,1,0,1,'#F44336',1,0,'2023-01-17 19:26:08','2023-01-17 19:26:08'),(89,'BusinessContinuityReview-expired','Review Expired',NULL,'BusinessContinuities',NULL,1,1,1,'#FF9800',1,0,'2023-01-17 19:26:08','2023-01-17 19:26:08'),(90,'RiskException-expired','Exception Expired',NULL,'BusinessContinuities',NULL,1,1,1,'#FF9800',1,0,'2023-01-17 19:26:08','2023-01-17 19:26:08'),(91,'SecurityIncident-ongoing','Security Incident Ongoing',NULL,'BusinessContinuities',NULL,1,1,1,'#FF9800',1,0,'2023-01-17 19:26:08','2023-01-17 19:26:08'),(92,'SecurityService-design','Control In Design',NULL,'BusinessContinuities',NULL,1,1,1,'#FF9800',1,0,'2023-01-17 19:26:08','2023-01-17 19:26:08'),(93,'SecurityServiceIssue-open','Control Issues',NULL,'BusinessContinuities',NULL,1,1,1,'#F44336',1,0,'2023-01-17 19:26:08','2023-01-17 19:26:08'),(94,'SecurityService-current_audit_failed','Control Last Audit Failed',NULL,'BusinessContinuities',NULL,1,1,1,'#F44336',1,0,'2023-01-17 19:26:08','2023-01-17 19:26:08'),(95,'SecurityService-current_audit_expired','Control Last Audit Expired',NULL,'BusinessContinuities',NULL,1,1,1,'#FF9800',1,0,'2023-01-17 19:26:08','2023-01-17 19:26:08'),(96,'SecurityService-current_maintenance_expired','Control Last Maintenance Expired',NULL,'BusinessContinuities',NULL,1,1,1,'#FF9800',1,0,'2023-01-17 19:26:08','2023-01-17 19:26:08'),(97,'Project-ongoing','Project Ongoing',NULL,'BusinessContinuities',NULL,1,1,1,'#4CAF50',1,0,'2023-01-17 19:26:08','2023-01-17 19:26:08'),(98,'Project-planned','Project Planned',NULL,'BusinessContinuities',NULL,1,1,1,'#4CAF50',1,0,'2023-01-17 19:26:08','2023-01-17 19:26:08'),(99,'Project-expired','Project Expired',NULL,'BusinessContinuities',NULL,1,1,1,'#FF9800',1,0,'2023-01-17 19:26:08','2023-01-17 19:26:08'),(100,'ProjectAchievement-expired','Project Task Expired',NULL,'BusinessContinuities',NULL,1,1,1,'#FF9800',1,0,'2023-01-17 19:26:08','2023-01-17 19:26:08'),(101,'failed','Failed',NULL,'BusinessContinuityPlanAudits',NULL,1,0,1,'#F44336',1,0,'2023-01-17 19:26:08','2023-01-17 19:26:08'),(102,'expired','Expired',NULL,'BusinessContinuityPlanAudits',NULL,2,0,1,'#FF9800',1,0,'2023-01-17 19:26:08','2023-01-17 19:26:08'),(103,'current','Current',NULL,'BusinessContinuityPlanAudits',NULL,1,0,1,'#4CAF50',1,0,'2023-01-17 19:26:08','2023-01-17 19:26:08'),(104,'completed','Completed',NULL,'BusinessContinuityPlanAudits',NULL,1,0,1,'#4CAF50',2,0,'2023-01-17 19:26:08','2023-01-17 19:26:08'),(105,'current_audit_failed','Last Audit Failed',NULL,'BusinessContinuityPlans',NULL,1,1,1,'#F44336',1,0,'2023-01-17 19:26:09','2023-01-17 19:26:09'),(106,'BusinessContinuityPlan-current_audit_expired','Last Audit Expired',NULL,'BusinessContinuityPlans',NULL,1,1,1,'#FF9800',1,0,'2023-01-17 19:26:09','2023-01-17 19:26:09'),(107,'failed','Failed',NULL,'GoalAudits',NULL,1,0,1,'#F44336',1,0,'2023-01-17 19:26:09','2023-01-17 19:26:09'),(108,'expired','Expired',NULL,'GoalAudits',NULL,2,0,1,'#FF9800',1,0,'2023-01-17 19:26:09','2023-01-17 19:26:09'),(109,'current','Current',NULL,'GoalAudits',NULL,1,0,1,'#4CAF50',1,0,'2023-01-17 19:26:09','2023-01-17 19:26:09'),(110,'Goal-current_audit_expired','Last Audit Expired',NULL,'Goals',NULL,1,1,1,'#FF9800',1,0,'2023-01-17 19:26:09','2023-01-17 19:26:09'),(111,'Project-ongoing','Project Ongoing',NULL,'Goals',NULL,1,1,1,'#4CAF50',1,0,'2023-01-17 19:26:09','2023-01-17 19:26:09'),(112,'Project-planned','Project Planned',NULL,'Goals',NULL,1,1,1,'#4CAF50',1,0,'2023-01-17 19:26:09','2023-01-17 19:26:09'),(113,'Project-expired','Project Expired',NULL,'Goals',NULL,1,1,1,'#FF9800',1,0,'2023-01-17 19:26:09','2023-01-17 19:26:09'),(114,'ProjectAchievement-expired','Project Task Expired',NULL,'Goals',NULL,1,1,1,'#FF9800',1,0,'2023-01-17 19:26:09','2023-01-17 19:26:09'),(115,'SecurityServiceIssue-open','Control Issues',NULL,'DataAssets',NULL,1,1,1,'#F44336',1,0,'2023-01-17 19:26:09','2023-01-17 19:26:09'),(116,'SecurityService-current_audit_failed','Control Last Audit Failed',NULL,'DataAssets',NULL,1,1,1,'#F44336',1,0,'2023-01-17 19:26:09','2023-01-17 19:26:09'),(117,'SecurityService-current_audit_expired','Control Last Audit Expired',NULL,'DataAssets',NULL,1,1,1,'#FF9800',1,0,'2023-01-17 19:26:09','2023-01-17 19:26:09'),(118,'SecurityPolicyReview-expired','Policy Review Expired',NULL,'DataAssets',NULL,1,1,1,'#FF9800',1,0,'2023-01-17 19:26:09','2023-01-17 19:26:09'),(119,'RiskReview-expired','Asset Risk Review Expired',NULL,'DataAssets',NULL,1,1,1,'#FF9800',1,0,'2023-01-17 19:26:09','2023-01-17 19:26:09'),(120,'ThirdPartyRiskReview-expired','Third Party Risk Review Expired',NULL,'DataAssets',NULL,1,1,1,'#FF9800',1,0,'2023-01-17 19:26:09','2023-01-17 19:26:09'),(121,'BusinessContinuityReview-expired','Business Risk Review Expired',NULL,'DataAssets',NULL,1,1,1,'#FF9800',1,0,'2023-01-17 19:26:09','2023-01-17 19:26:09'),(122,'Project-ongoing','Project Ongoing',NULL,'DataAssets',NULL,1,1,1,'#4CAF50',1,0,'2023-01-17 19:26:09','2023-01-17 19:26:09'),(123,'Project-planned','Project Planned',NULL,'DataAssets',NULL,1,1,1,'#4CAF50',1,0,'2023-01-17 19:26:09','2023-01-17 19:26:09'),(124,'Project-expired','Project Expired',NULL,'DataAssets',NULL,1,1,1,'#FF9800',1,0,'2023-01-17 19:26:09','2023-01-17 19:26:09'),(125,'ProjectAchievement-expired','Project Task Expired',NULL,'DataAssets',NULL,1,1,1,'#FF9800',1,0,'2023-01-17 19:26:09','2023-01-17 19:26:09'),(126,'AssetReview-expired','Asset Review Expired',NULL,'DataAssetInstances',NULL,1,1,1,'#FF9800',1,0,'2023-01-17 19:26:09','2023-01-17 19:26:09'),(127,'incomplete_analysis','Incomplete Analysis',NULL,'DataAssetInstances','incomplete_analysis',1,0,1,'#FF9800',1,0,'2023-01-17 19:26:09','2023-01-17 19:26:09'),(128,'incomplete_gdpr_analysis','Incomplete GDPR Analysis',NULL,'DataAssetInstances','incomplete_gdpr_analysis',1,0,1,'#FF9800',1,0,'2023-01-17 19:26:09','2023-01-17 19:26:09'),(129,'SecurityServiceIssue-open','Control Issues',NULL,'DataAssetInstances',NULL,1,1,1,'#F44336',1,0,'2023-01-17 19:26:09','2023-01-17 19:26:09'),(130,'SecurityService-current_audit_failed','Control Last Audit Failed',NULL,'DataAssetInstances',NULL,1,1,1,'#F44336',1,0,'2023-01-17 19:26:09','2023-01-17 19:26:09'),(131,'SecurityService-current_audit_expired','Control Last Audit Expired',NULL,'DataAssetInstances',NULL,1,1,1,'#FF9800',1,0,'2023-01-17 19:26:09','2023-01-17 19:26:09'),(132,'SecurityPolicyReview-expired','Policy Review Expired',NULL,'DataAssetInstances',NULL,1,1,1,'#FF9800',1,0,'2023-01-17 19:26:09','2023-01-17 19:26:09'),(133,'RiskReview-expired','Asset Risk Review Expired',NULL,'DataAssetInstances',NULL,1,1,1,'#FF9800',1,0,'2023-01-17 19:26:09','2023-01-17 19:26:09'),(134,'ThirdPartyRiskReview-expired','Third Party Risk Review Expired',NULL,'DataAssetInstances',NULL,1,1,1,'#FF9800',1,0,'2023-01-17 19:26:09','2023-01-17 19:26:09'),(135,'BusinessContinuityReview-expired','Business Risk Review Expired',NULL,'DataAssetInstances',NULL,1,1,1,'#FF9800',1,0,'2023-01-17 19:26:10','2023-01-17 19:26:10'),(136,'Project-ongoing','Project Ongoing',NULL,'DataAssetInstances',NULL,1,1,1,'#4CAF50',1,0,'2023-01-17 19:26:10','2023-01-17 19:26:10'),(137,'Project-planned','Project Planned',NULL,'DataAssetInstances',NULL,1,1,1,'#4CAF50',1,0,'2023-01-17 19:26:10','2023-01-17 19:26:10'),(138,'Project-expired','Project Expired',NULL,'DataAssetInstances',NULL,1,1,1,'#FF9800',1,0,'2023-01-17 19:26:10','2023-01-17 19:26:10'),(139,'ProjectAchievement-expired','Project Task Expired',NULL,'DataAssetInstances',NULL,1,1,1,'#FF9800',1,0,'2023-01-17 19:26:10','2023-01-17 19:26:10'),(140,'expired','Expired',NULL,'ComplianceExceptions',NULL,2,0,1,'#FF9800',1,0,'2023-01-17 19:26:10','2023-01-17 19:26:10'),(141,'completed','Completed',NULL,'ComplianceExceptions',NULL,1,0,1,'#4CAF50',2,0,'2023-01-17 19:26:10','2023-01-17 19:26:10'),(142,'open','Open',NULL,'ComplianceAnalysisFindings',NULL,1,0,1,'#4CAF50',1,0,'2023-01-17 19:26:10','2023-01-17 19:26:10'),(143,'closed','Closed',NULL,'ComplianceAnalysisFindings',NULL,1,0,1,'#4CAF50',1,0,'2023-01-17 19:26:10','2023-01-17 19:26:10'),(144,'expired','Expired',NULL,'ComplianceAnalysisFindings','expired',2,0,1,'#FF9800',1,0,'2023-01-17 19:26:10','2023-01-17 19:26:10'),(145,'ComplianceAnalysisFinding-expired','Finding Expired',NULL,'ComplianceManagements',NULL,1,1,1,'#FF9800',1,0,'2023-01-17 19:26:10','2023-01-17 19:26:10'),(146,'ComplianceException-expired','Exception Expired',NULL,'ComplianceManagements',NULL,1,1,1,'#FF9800',1,0,'2023-01-17 19:26:10','2023-01-17 19:26:10'),(147,'SecurityPolicyReview-expired','Policy Review Expired',NULL,'ComplianceManagements',NULL,1,1,1,'#FF9800',1,0,'2023-01-17 19:26:10','2023-01-17 19:26:10'),(148,'SecurityService-design','Control in Design',NULL,'ComplianceManagements',NULL,1,1,1,'#FF9800',1,0,'2023-01-17 19:26:10','2023-01-17 19:26:10'),(149,'SecurityServiceIssue-open','Control Issues',NULL,'ComplianceManagements',NULL,1,1,1,'#F44336',1,0,'2023-01-17 19:26:10','2023-01-17 19:26:10'),(150,'SecurityService-current_audit_failed','Control Last Audit Failed',NULL,'ComplianceManagements',NULL,1,1,1,'#F44336',1,0,'2023-01-17 19:26:10','2023-01-17 19:26:10'),(151,'SecurityService-current_audit_expired','Control Last Audit Expired',NULL,'ComplianceManagements',NULL,1,1,1,'#FF9800',1,0,'2023-01-17 19:26:10','2023-01-17 19:26:10'),(152,'SecurityService-current_maintenance_failed','Control Last Maintenance Failed',NULL,'ComplianceManagements',NULL,1,1,1,'#F44336',1,0,'2023-01-17 19:26:10','2023-01-17 19:26:10'),(153,'SecurityService-current_maintenance_expired','Control Last Maintenance Expired',NULL,'ComplianceManagements',NULL,1,1,1,'#FF9800',1,0,'2023-01-17 19:26:10','2023-01-17 19:26:10'),(154,'RiskReview-expired','Asset Risk Review Expired',NULL,'ComplianceManagements',NULL,1,1,1,'#FF9800',1,0,'2023-01-17 19:26:10','2023-01-17 19:26:10'),(155,'ThirdPartyRiskReview-expired','Third Party Risk Review Expired',NULL,'ComplianceManagements',NULL,1,1,1,'#FF9800',1,0,'2023-01-17 19:26:10','2023-01-17 19:26:10'),(156,'BusinessContinuityReview-expired','Business Risk Review Expired',NULL,'ComplianceManagements',NULL,1,1,1,'#FF9800',1,0,'2023-01-17 19:26:10','2023-01-17 19:26:10'),(157,'Project-ongoing','Project Ongoing',NULL,'ComplianceManagements',NULL,1,1,1,'#4CAF50',1,0,'2023-01-17 19:26:10','2023-01-17 19:26:10'),(158,'Project-planned','Project Planned',NULL,'ComplianceManagements',NULL,1,1,1,'#4CAF50',1,0,'2023-01-17 19:26:11','2023-01-17 19:26:11'),(159,'Project-expired','Project Expired',NULL,'ComplianceManagements',NULL,1,1,1,'#FF9800',1,0,'2023-01-17 19:26:11','2023-01-17 19:26:11'),(160,'ProjectAchievement-expired','Project Task Expired',NULL,'ComplianceManagements',NULL,1,1,1,'#FF9800',1,0,'2023-01-17 19:26:11','2023-01-17 19:26:11'),(161,'expired','Expired',NULL,'ServiceContracts',NULL,2,0,1,'#FF9800',1,0,'2023-01-17 19:26:11','2023-01-17 19:26:11'),(162,'ThirdPartyRiskReview-expired','Third Party Risk Review Expired',NULL,'ThirdParties',NULL,1,1,1,'#FF9800',1,0,'2023-01-17 19:26:11','2023-01-17 19:26:11'),(163,'RiskReview-expired','Risk Review Expired',NULL,'Assets',NULL,1,1,1,'#FF9800',1,0,'2023-01-17 19:26:11','2023-01-17 19:26:11'),(164,'ThirdPartyRiskReview-expired','Third Party Risk Review Expired',NULL,'Assets',NULL,1,1,1,'#FF9800',1,0,'2023-01-17 19:26:11','2023-01-17 19:26:11'),(165,'RiskReview-expired','Risk Review Expired',NULL,'BusinessUnits',NULL,1,1,1,'#FF9800',1,0,'2023-01-17 19:26:11','2023-01-17 19:26:11'),(166,'ThirdPartyRiskReview-expired','Third Party Risk Review Expired',NULL,'BusinessUnits',NULL,1,1,1,'#FF9800',1,0,'2023-01-17 19:26:11','2023-01-17 19:26:11'),(167,'BusinessContinuityReview-expired','Business Risk Review Expired',NULL,'BusinessUnits',NULL,1,1,1,'#FF9800',1,0,'2023-01-17 19:26:11','2023-01-17 19:26:11');
/*!40000 ALTER TABLE `dynamic_statuses` ENABLE KEYS */;
UNLOCK TABLES;

--
-- Table structure for table `dynamic_statuses_report_block_chart_settings`
--

DROP TABLE IF EXISTS `dynamic_statuses_report_block_chart_settings`;
/*!40101 SET @saved_cs_client     = @@character_set_client */;
/*!50503 SET character_set_client = utf8mb4 */;
CREATE TABLE `dynamic_statuses_report_block_chart_settings` (
  `id` int NOT NULL AUTO_INCREMENT,
  `report_block_chart_setting_id` int NOT NULL,
  `dynamic_status_id` int NOT NULL,
  PRIMARY KEY (`id`),
  KEY `dynamic_status_id` (`dynamic_status_id`),
  KEY `report_block_chart_setting_id` (`report_block_chart_setting_id`),
  CONSTRAINT `dynamic_statuses_report_block_chart_settings_ibfk_1` FOREIGN KEY (`dynamic_status_id`) REFERENCES `dynamic_statuses` (`id`) ON DELETE CASCADE ON UPDATE CASCADE,
  CONSTRAINT `dynamic_statuses_report_block_chart_settings_ibfk_2` FOREIGN KEY (`report_block_chart_setting_id`) REFERENCES `report_block_chart_settings` (`id`) ON DELETE CASCADE ON UPDATE CASCADE
) ENGINE=InnoDB AUTO_INCREMENT=40 DEFAULT CHARSET=utf8mb4 COLLATE=utf8mb4_unicode_ci;
/*!40101 SET character_set_client = @saved_cs_client */;

--
-- Dumping data for table `dynamic_statuses_report_block_chart_settings`
--

LOCK TABLES `dynamic_statuses_report_block_chart_settings` WRITE;
/*!40000 ALTER TABLE `dynamic_statuses_report_block_chart_settings` DISABLE KEYS */;
INSERT INTO `dynamic_statuses_report_block_chart_settings` VALUES (1,32,145),(2,32,146),(3,32,147),(4,32,150),(5,32,151),(6,32,159),(7,32,160),(8,36,145),(9,36,146),(10,36,147),(11,36,150),(12,36,151),(13,36,154),(14,36,159),(15,36,160),(16,103,57),(17,103,62),(18,103,63),(19,103,67),(20,103,68),(21,105,145),(22,105,146),(23,105,147),(24,105,150),(25,105,151),(26,105,154),(27,105,159),(28,105,160),(29,108,30),(30,108,31),(31,108,32),(32,108,33),(33,108,37),(34,108,39),(35,108,40),(36,111,46),(37,111,47),(38,111,49),(39,111,50);
/*!40000 ALTER TABLE `dynamic_statuses_report_block_chart_settings` ENABLE KEYS */;
UNLOCK TABLES;

--
-- Table structure for table `form_organization_entities`
--

DROP TABLE IF EXISTS `form_organization_entities`;
/*!40101 SET @saved_cs_client     = @@character_set_client */;
/*!50503 SET character_set_client = utf8mb4 */;
CREATE TABLE `form_organization_entities` (
  `id` int NOT NULL AUTO_INCREMENT,
  `parent_id` int DEFAULT NULL,
  `model` varchar(255) COLLATE utf8mb4_unicode_ci NOT NULL DEFAULT '',
  `form` varchar(255) COLLATE utf8mb4_unicode_ci NOT NULL DEFAULT '',
  `subject` varchar(255) COLLATE utf8mb4_unicode_ci NOT NULL DEFAULT '',
  `position` int DEFAULT NULL,
  `hidden` tinyint(1) DEFAULT NULL,
  `created` datetime NOT NULL,
  `modified` datetime NOT NULL,
  PRIMARY KEY (`id`),
  KEY `parent_id` (`parent_id`),
  CONSTRAINT `form_organization_entities_ibfk_1` FOREIGN KEY (`parent_id`) REFERENCES `form_organization_entities` (`id`) ON DELETE SET NULL ON UPDATE CASCADE
) ENGINE=InnoDB DEFAULT CHARSET=utf8mb4 COLLATE=utf8mb4_unicode_ci;
/*!40101 SET character_set_client = @saved_cs_client */;

--
-- Dumping data for table `form_organization_entities`
--

LOCK TABLES `form_organization_entities` WRITE;
/*!40000 ALTER TABLE `form_organization_entities` DISABLE KEYS */;
/*!40000 ALTER TABLE `form_organization_entities` ENABLE KEYS */;
UNLOCK TABLES;

--
-- Table structure for table `goal_audit_dates`
--

DROP TABLE IF EXISTS `goal_audit_dates`;
/*!40101 SET @saved_cs_client     = @@character_set_client */;
/*!50503 SET character_set_client = utf8mb4 */;
CREATE TABLE `goal_audit_dates` (
  `id` int NOT NULL AUTO_INCREMENT,
  `goal_id` int NOT NULL,
  `day` int NOT NULL,
  `month` int NOT NULL,
  `created` datetime NOT NULL,
  PRIMARY KEY (`id`),
  KEY `goal_id` (`goal_id`),
  CONSTRAINT `goal_audit_dates_ibfk_1` FOREIGN KEY (`goal_id`) REFERENCES `goals` (`id`) ON DELETE CASCADE ON UPDATE CASCADE
) ENGINE=InnoDB DEFAULT CHARSET=utf8mb4 COLLATE=utf8mb4_unicode_ci;
/*!40101 SET character_set_client = @saved_cs_client */;

--
-- Dumping data for table `goal_audit_dates`
--

LOCK TABLES `goal_audit_dates` WRITE;
/*!40000 ALTER TABLE `goal_audit_dates` DISABLE KEYS */;
/*!40000 ALTER TABLE `goal_audit_dates` ENABLE KEYS */;
UNLOCK TABLES;

--
-- Table structure for table `goal_audit_improvements`
--

DROP TABLE IF EXISTS `goal_audit_improvements`;
/*!40101 SET @saved_cs_client     = @@character_set_client */;
/*!50503 SET character_set_client = utf8mb4 */;
CREATE TABLE `goal_audit_improvements` (
  `id` int NOT NULL AUTO_INCREMENT,
  `goal_audit_id` int NOT NULL,
  `user_id` int NOT NULL,
  `created` datetime NOT NULL,
  PRIMARY KEY (`id`),
  KEY `user_id` (`user_id`),
  KEY `goal_audit_id` (`goal_audit_id`),
  CONSTRAINT `goal_audit_improvements_ibfk_1` FOREIGN KEY (`user_id`) REFERENCES `users` (`id`) ON DELETE CASCADE ON UPDATE CASCADE,
  CONSTRAINT `goal_audit_improvements_ibfk_2` FOREIGN KEY (`goal_audit_id`) REFERENCES `goal_audits` (`id`) ON DELETE CASCADE ON UPDATE CASCADE
) ENGINE=InnoDB DEFAULT CHARSET=utf8mb4 COLLATE=utf8mb4_unicode_ci;
/*!40101 SET character_set_client = @saved_cs_client */;

--
-- Dumping data for table `goal_audit_improvements`
--

LOCK TABLES `goal_audit_improvements` WRITE;
/*!40000 ALTER TABLE `goal_audit_improvements` DISABLE KEYS */;
/*!40000 ALTER TABLE `goal_audit_improvements` ENABLE KEYS */;
UNLOCK TABLES;

--
-- Table structure for table `goal_audit_improvements_projects`
--

DROP TABLE IF EXISTS `goal_audit_improvements_projects`;
/*!40101 SET @saved_cs_client     = @@character_set_client */;
/*!50503 SET character_set_client = utf8mb4 */;
CREATE TABLE `goal_audit_improvements_projects` (
  `id` int NOT NULL AUTO_INCREMENT,
  `goal_audit_improvement_id` int NOT NULL,
  `project_id` int NOT NULL,
  `created` datetime NOT NULL,
  PRIMARY KEY (`id`),
  KEY `project_id` (`project_id`),
  KEY `goal_audit_improvement_id` (`goal_audit_improvement_id`),
  CONSTRAINT `goal_audit_improvements_projects_ibfk_1` FOREIGN KEY (`project_id`) REFERENCES `projects` (`id`) ON DELETE CASCADE ON UPDATE CASCADE,
  CONSTRAINT `goal_audit_improvements_projects_ibfk_2` FOREIGN KEY (`goal_audit_improvement_id`) REFERENCES `goal_audit_improvements` (`id`) ON DELETE CASCADE ON UPDATE CASCADE
) ENGINE=InnoDB DEFAULT CHARSET=utf8mb4 COLLATE=utf8mb4_unicode_ci;
/*!40101 SET character_set_client = @saved_cs_client */;

--
-- Dumping data for table `goal_audit_improvements_projects`
--

LOCK TABLES `goal_audit_improvements_projects` WRITE;
/*!40000 ALTER TABLE `goal_audit_improvements_projects` DISABLE KEYS */;
/*!40000 ALTER TABLE `goal_audit_improvements_projects` ENABLE KEYS */;
UNLOCK TABLES;

--
-- Table structure for table `goal_audit_improvements_security_incidents`
--

DROP TABLE IF EXISTS `goal_audit_improvements_security_incidents`;
/*!40101 SET @saved_cs_client     = @@character_set_client */;
/*!50503 SET character_set_client = utf8mb4 */;
CREATE TABLE `goal_audit_improvements_security_incidents` (
  `id` int NOT NULL AUTO_INCREMENT,
  `goal_audit_improvement_id` int NOT NULL,
  `security_incident_id` int NOT NULL,
  `created` datetime NOT NULL,
  PRIMARY KEY (`id`),
  KEY `security_incident_id` (`security_incident_id`),
  KEY `goal_audit_improvement_id` (`goal_audit_improvement_id`),
  CONSTRAINT `goal_audit_improvements_security_incidents_ibfk_1` FOREIGN KEY (`security_incident_id`) REFERENCES `security_incidents` (`id`) ON DELETE CASCADE ON UPDATE CASCADE,
  CONSTRAINT `goal_audit_improvements_security_incidents_ibfk_2` FOREIGN KEY (`goal_audit_improvement_id`) REFERENCES `goal_audit_improvements` (`id`) ON DELETE CASCADE ON UPDATE CASCADE
) ENGINE=InnoDB DEFAULT CHARSET=utf8mb4 COLLATE=utf8mb4_unicode_ci;
/*!40101 SET character_set_client = @saved_cs_client */;

--
-- Dumping data for table `goal_audit_improvements_security_incidents`
--

LOCK TABLES `goal_audit_improvements_security_incidents` WRITE;
/*!40000 ALTER TABLE `goal_audit_improvements_security_incidents` DISABLE KEYS */;
/*!40000 ALTER TABLE `goal_audit_improvements_security_incidents` ENABLE KEYS */;
UNLOCK TABLES;

--
-- Table structure for table `goal_audits`
--

DROP TABLE IF EXISTS `goal_audits`;
/*!40101 SET @saved_cs_client     = @@character_set_client */;
/*!50503 SET character_set_client = utf8mb4 */;
CREATE TABLE `goal_audits` (
  `id` int NOT NULL AUTO_INCREMENT,
  `goal_id` int NOT NULL,
  `audit_metric_description` text COLLATE utf8mb4_unicode_ci NOT NULL,
  `audit_success_criteria` text COLLATE utf8mb4_unicode_ci NOT NULL,
  `result` int DEFAULT NULL COMMENT 'null-not defined, 0-fail, 1-pass',
  `result_description` text COLLATE utf8mb4_unicode_ci NOT NULL,
  `user_id` int DEFAULT NULL,
  `planned_date` date NOT NULL,
  `start_date` date DEFAULT NULL,
  `end_date` date DEFAULT NULL,
  `workflow_owner_id` int DEFAULT NULL,
  `workflow_status` int NOT NULL DEFAULT '0',
  `created` datetime NOT NULL,
  `modified` datetime NOT NULL,
  `edited` datetime DEFAULT NULL,
  `deleted` int NOT NULL DEFAULT '0',
  `deleted_date` datetime DEFAULT NULL,
  PRIMARY KEY (`id`),
  KEY `user_id` (`user_id`),
  KEY `goal_id` (`goal_id`),
  CONSTRAINT `goal_audits_ibfk_1` FOREIGN KEY (`user_id`) REFERENCES `users` (`id`) ON DELETE RESTRICT ON UPDATE CASCADE,
  CONSTRAINT `goal_audits_ibfk_2` FOREIGN KEY (`goal_id`) REFERENCES `goals` (`id`) ON DELETE CASCADE ON UPDATE CASCADE
) ENGINE=InnoDB DEFAULT CHARSET=utf8mb4 COLLATE=utf8mb4_unicode_ci;
/*!40101 SET character_set_client = @saved_cs_client */;

--
-- Dumping data for table `goal_audits`
--

LOCK TABLES `goal_audits` WRITE;
/*!40000 ALTER TABLE `goal_audits` DISABLE KEYS */;
/*!40000 ALTER TABLE `goal_audits` ENABLE KEYS */;
UNLOCK TABLES;

--
-- Table structure for table `goals`
--

DROP TABLE IF EXISTS `goals`;
/*!40101 SET @saved_cs_client     = @@character_set_client */;
/*!50503 SET character_set_client = utf8mb4 */;
CREATE TABLE `goals` (
  `id` int NOT NULL AUTO_INCREMENT,
  `name` varchar(255) COLLATE utf8mb4_unicode_ci NOT NULL DEFAULT '',
  `owner_id` int NOT NULL,
  `description` text COLLATE utf8mb4_unicode_ci NOT NULL,
  `audit_metric` text COLLATE utf8mb4_unicode_ci NOT NULL,
  `audit_criteria` text COLLATE utf8mb4_unicode_ci NOT NULL,
  `status` varchar(255) COLLATE utf8mb4_unicode_ci NOT NULL,
  `audit_calendar_type` int NOT NULL DEFAULT '0',
  `audit_calendar_recurrence_start_date` date DEFAULT NULL,
  `audit_calendar_recurrence_frequency` int DEFAULT NULL,
  `audit_calendar_recurrence_period` int DEFAULT NULL,
  `workflow_owner_id` int DEFAULT NULL,
  `workflow_status` int NOT NULL DEFAULT '0',
  `created` datetime NOT NULL,
  `modified` datetime NOT NULL,
  `edited` datetime DEFAULT NULL,
  `deleted` int NOT NULL DEFAULT '0',
  `deleted_date` datetime DEFAULT NULL,
  PRIMARY KEY (`id`),
  KEY `owner_id` (`owner_id`),
  CONSTRAINT `goals_ibfk_1` FOREIGN KEY (`owner_id`) REFERENCES `users` (`id`) ON DELETE CASCADE ON UPDATE CASCADE
) ENGINE=InnoDB DEFAULT CHARSET=utf8mb4 COLLATE=utf8mb4_unicode_ci;
/*!40101 SET character_set_client = @saved_cs_client */;

--
-- Dumping data for table `goals`
--

LOCK TABLES `goals` WRITE;
/*!40000 ALTER TABLE `goals` DISABLE KEYS */;
/*!40000 ALTER TABLE `goals` ENABLE KEYS */;
UNLOCK TABLES;

--
-- Table structure for table `goals_program_issues`
--

DROP TABLE IF EXISTS `goals_program_issues`;
/*!40101 SET @saved_cs_client     = @@character_set_client */;
/*!50503 SET character_set_client = utf8mb4 */;
CREATE TABLE `goals_program_issues` (
  `id` int NOT NULL AUTO_INCREMENT,
  `goal_id` int NOT NULL,
  `program_issue_id` int NOT NULL,
  `created` datetime NOT NULL,
  PRIMARY KEY (`id`),
  KEY `program_issue_id` (`program_issue_id`),
  KEY `goal_id` (`goal_id`),
  CONSTRAINT `goals_program_issues_ibfk_1` FOREIGN KEY (`program_issue_id`) REFERENCES `program_issues` (`id`) ON DELETE CASCADE ON UPDATE CASCADE,
  CONSTRAINT `goals_program_issues_ibfk_2` FOREIGN KEY (`goal_id`) REFERENCES `goals` (`id`) ON DELETE CASCADE ON UPDATE CASCADE
) ENGINE=InnoDB DEFAULT CHARSET=utf8mb4 COLLATE=utf8mb4_unicode_ci;
/*!40101 SET character_set_client = @saved_cs_client */;

--
-- Dumping data for table `goals_program_issues`
--

LOCK TABLES `goals_program_issues` WRITE;
/*!40000 ALTER TABLE `goals_program_issues` DISABLE KEYS */;
/*!40000 ALTER TABLE `goals_program_issues` ENABLE KEYS */;
UNLOCK TABLES;

--
-- Table structure for table `goals_projects`
--

DROP TABLE IF EXISTS `goals_projects`;
/*!40101 SET @saved_cs_client     = @@character_set_client */;
/*!50503 SET character_set_client = utf8mb4 */;
CREATE TABLE `goals_projects` (
  `id` int NOT NULL AUTO_INCREMENT,
  `goal_id` int NOT NULL,
  `project_id` int NOT NULL,
  `created` datetime NOT NULL,
  PRIMARY KEY (`id`),
  KEY `project_id` (`project_id`),
  KEY `goal_id` (`goal_id`),
  CONSTRAINT `goals_projects_ibfk_1` FOREIGN KEY (`project_id`) REFERENCES `projects` (`id`) ON DELETE CASCADE ON UPDATE CASCADE,
  CONSTRAINT `goals_projects_ibfk_2` FOREIGN KEY (`goal_id`) REFERENCES `goals` (`id`) ON DELETE CASCADE ON UPDATE CASCADE
) ENGINE=InnoDB DEFAULT CHARSET=utf8mb4 COLLATE=utf8mb4_unicode_ci;
/*!40101 SET character_set_client = @saved_cs_client */;

--
-- Dumping data for table `goals_projects`
--

LOCK TABLES `goals_projects` WRITE;
/*!40000 ALTER TABLE `goals_projects` DISABLE KEYS */;
/*!40000 ALTER TABLE `goals_projects` ENABLE KEYS */;
UNLOCK TABLES;

--
-- Table structure for table `goals_risks`
--

DROP TABLE IF EXISTS `goals_risks`;
/*!40101 SET @saved_cs_client     = @@character_set_client */;
/*!50503 SET character_set_client = utf8mb4 */;
CREATE TABLE `goals_risks` (
  `id` int NOT NULL AUTO_INCREMENT,
  `goal_id` int NOT NULL,
  `risk_id` int NOT NULL,
  `created` datetime NOT NULL,
  PRIMARY KEY (`id`),
  KEY `risk_id` (`risk_id`),
  KEY `goal_id` (`goal_id`),
  CONSTRAINT `goals_risks_ibfk_1` FOREIGN KEY (`risk_id`) REFERENCES `risks` (`id`) ON DELETE CASCADE ON UPDATE CASCADE,
  CONSTRAINT `goals_risks_ibfk_2` FOREIGN KEY (`goal_id`) REFERENCES `goals` (`id`) ON DELETE CASCADE ON UPDATE CASCADE
) ENGINE=InnoDB DEFAULT CHARSET=utf8mb4 COLLATE=utf8mb4_unicode_ci;
/*!40101 SET character_set_client = @saved_cs_client */;

--
-- Dumping data for table `goals_risks`
--

LOCK TABLES `goals_risks` WRITE;
/*!40000 ALTER TABLE `goals_risks` DISABLE KEYS */;
/*!40000 ALTER TABLE `goals_risks` ENABLE KEYS */;
UNLOCK TABLES;

--
-- Table structure for table `goals_security_policies`
--

DROP TABLE IF EXISTS `goals_security_policies`;
/*!40101 SET @saved_cs_client     = @@character_set_client */;
/*!50503 SET character_set_client = utf8mb4 */;
CREATE TABLE `goals_security_policies` (
  `id` int NOT NULL AUTO_INCREMENT,
  `goal_id` int NOT NULL,
  `security_policy_id` int NOT NULL,
  `created` datetime NOT NULL,
  PRIMARY KEY (`id`),
  KEY `security_policy_id` (`security_policy_id`),
  KEY `goal_id` (`goal_id`),
  CONSTRAINT `goals_security_policies_ibfk_1` FOREIGN KEY (`security_policy_id`) REFERENCES `security_policies` (`id`) ON DELETE CASCADE ON UPDATE CASCADE,
  CONSTRAINT `goals_security_policies_ibfk_2` FOREIGN KEY (`goal_id`) REFERENCES `goals` (`id`) ON DELETE CASCADE ON UPDATE CASCADE
) ENGINE=InnoDB DEFAULT CHARSET=utf8mb4 COLLATE=utf8mb4_unicode_ci;
/*!40101 SET character_set_client = @saved_cs_client */;

--
-- Dumping data for table `goals_security_policies`
--

LOCK TABLES `goals_security_policies` WRITE;
/*!40000 ALTER TABLE `goals_security_policies` DISABLE KEYS */;
/*!40000 ALTER TABLE `goals_security_policies` ENABLE KEYS */;
UNLOCK TABLES;

--
-- Table structure for table `goals_security_services`
--

DROP TABLE IF EXISTS `goals_security_services`;
/*!40101 SET @saved_cs_client     = @@character_set_client */;
/*!50503 SET character_set_client = utf8mb4 */;
CREATE TABLE `goals_security_services` (
  `id` int NOT NULL AUTO_INCREMENT,
  `goal_id` int NOT NULL,
  `security_service_id` int NOT NULL,
  `created` datetime NOT NULL,
  PRIMARY KEY (`id`),
  KEY `security_service_id` (`security_service_id`),
  KEY `goal_id` (`goal_id`),
  CONSTRAINT `goals_security_services_ibfk_1` FOREIGN KEY (`security_service_id`) REFERENCES `security_services` (`id`) ON DELETE CASCADE ON UPDATE CASCADE,
  CONSTRAINT `goals_security_services_ibfk_2` FOREIGN KEY (`goal_id`) REFERENCES `goals` (`id`) ON DELETE CASCADE ON UPDATE CASCADE
) ENGINE=InnoDB DEFAULT CHARSET=utf8mb4 COLLATE=utf8mb4_unicode_ci;
/*!40101 SET character_set_client = @saved_cs_client */;

--
-- Dumping data for table `goals_security_services`
--

LOCK TABLES `goals_security_services` WRITE;
/*!40000 ALTER TABLE `goals_security_services` DISABLE KEYS */;
/*!40000 ALTER TABLE `goals_security_services` ENABLE KEYS */;
UNLOCK TABLES;

--
-- Table structure for table `goals_third_party_risks`
--

DROP TABLE IF EXISTS `goals_third_party_risks`;
/*!40101 SET @saved_cs_client     = @@character_set_client */;
/*!50503 SET character_set_client = utf8mb4 */;
CREATE TABLE `goals_third_party_risks` (
  `id` int NOT NULL AUTO_INCREMENT,
  `goal_id` int NOT NULL,
  `third_party_risk_id` int NOT NULL,
  `created` datetime NOT NULL,
  PRIMARY KEY (`id`),
  KEY `third_party_risk_id` (`third_party_risk_id`),
  KEY `goal_id` (`goal_id`),
  CONSTRAINT `goals_third_party_risks_ibfk_1` FOREIGN KEY (`third_party_risk_id`) REFERENCES `third_party_risks` (`id`) ON DELETE CASCADE ON UPDATE CASCADE,
  CONSTRAINT `goals_third_party_risks_ibfk_2` FOREIGN KEY (`goal_id`) REFERENCES `goals` (`id`) ON DELETE CASCADE ON UPDATE CASCADE
) ENGINE=InnoDB DEFAULT CHARSET=utf8mb4 COLLATE=utf8mb4_unicode_ci;
/*!40101 SET character_set_client = @saved_cs_client */;

--
-- Dumping data for table `goals_third_party_risks`
--

LOCK TABLES `goals_third_party_risks` WRITE;
/*!40000 ALTER TABLE `goals_third_party_risks` DISABLE KEYS */;
/*!40000 ALTER TABLE `goals_third_party_risks` ENABLE KEYS */;
UNLOCK TABLES;

--
-- Table structure for table `groups`
--

DROP TABLE IF EXISTS `groups`;
/*!40101 SET @saved_cs_client     = @@character_set_client */;
/*!50503 SET character_set_client = utf8mb4 */;
CREATE TABLE `groups` (
  `id` int NOT NULL AUTO_INCREMENT,
  `name` varchar(255) COLLATE utf8mb4_unicode_ci NOT NULL DEFAULT '',
  `description` text COLLATE utf8mb4_unicode_ci,
  `status` int DEFAULT '1' COMMENT '0-non active, 1-active',
  `slug` varchar(255) COLLATE utf8mb4_unicode_ci DEFAULT NULL,
  `created` datetime NOT NULL,
  `modified` datetime NOT NULL,
  `edited` datetime DEFAULT NULL,
  PRIMARY KEY (`id`),
  UNIQUE KEY `slug` (`slug`),
  FULLTEXT KEY `name` (`name`)
) ENGINE=InnoDB AUTO_INCREMENT=24 DEFAULT CHARSET=utf8mb4 COLLATE=utf8mb4_unicode_ci;
/*!40101 SET character_set_client = @saved_cs_client */;

--
-- Dumping data for table `groups`
--

LOCK TABLES `groups` WRITE;
/*!40000 ALTER TABLE `groups` DISABLE KEYS */;
INSERT INTO `groups` VALUES (10,'Admin','This is a system message, this group might not have updated ACLs please make sure you edit and review them',1,'ADMIN','2013-10-14 16:18:08','2013-10-14 16:18:08',NULL),(11,'Third Party Feedback','This is a system message, this group might not have updated ACLs please make sure you edit and review them',1,'THIRD_PARTY_FEEDBACK','2016-01-07 17:07:53','2016-01-07 17:07:53',NULL),(12,'Notification Feedback','This is a system message, this group might not have updated ACLs please make sure you edit and review them',1,'NOTIFICATION_FEEDBACK','2016-01-07 17:08:02','2016-01-07 17:08:02',NULL),(13,'All but Settings','This is a system message, this group might not have updated ACLs please make sure you edit and review them',1,'ALL_BUT_SETTINGS','2016-01-07 17:08:10','2016-01-07 17:08:10',NULL),(14,'System Group - View Policies and Reviews','This group only allows users to see policies and their reviews under the policy management module.\nDisclaimer: always review the group permissions before assigning them to users, they might grant access you do not want or be outdated as releases move forward.',1,'VIEW_POLICIES_AND_REVIEWS','2019-05-21 12:37:43','2019-05-21 12:37:43',NULL),(15,'System Group - View Item Reports','This group allows users to visualise item reports from any section that they have access (granted by another group). Disclaimer: always review the group permissions before assigning them to users, they might grant access you do not want or be outdated as releases move forward.',1,'VIEW_ITEM_REPORTS','2019-05-21 12:37:43','2019-05-21 12:37:43',NULL),(16,'System Group - View Internal Controls and Audits, Maintenances and Issues','This group grants permissions to only view internal controls and their related items. Disclaimer: always review the group permissions before assigning them to users, they might grant access you do not want or be outdated as releases move forward.',1,'VIEW_INT_CTRL_AND_AMI','2019-05-21 12:37:43','2019-05-21 12:37:43',NULL),(17,'System Group - View All Types of Risks and their Reviews','This group grants access to view all three types of risks and their respective reviews. Disclaimer: always review the group permissions before assigning them to users, they might grant access you do not want or be outdated as releases move forward.',1,'VIEW_RISKS_AND_REVIEWS','2019-05-21 12:37:43','2019-05-21 12:37:43',NULL),(18,'System Group - Projects and Tasks','This group grants access to view projects and tasks. Disclaimer: always review the group permissions before assigning them to users, they might grant access you do not want or be outdated as releases move forward.',1,'PROJECTS_AND_TASKS','2019-05-21 12:37:44','2019-05-21 12:37:44',NULL),(19,'User Management','This group allows members to add, edit, import and delete user accounts. Add this group to System / Settings / User Management if you want them to be able to edit and delete accounts other than theirs.',1,'USER_MANAGEMENT','2019-11-26 15:39:03','2019-11-26 15:39:03',NULL),(20,'Comments and Attachments','This group allows members to view, add comments and to view, add, download attachments.',1,'COMMENTS_ATTACHMENTS','2021-07-16 07:41:29','2021-07-16 07:41:29',NULL),(21,'System Group - View All Exceptions','This groups allows users to see the index page of all three exception modules.',1,'VIEW_ALL_EXCEPTIONS','2022-12-07 07:41:29','2022-12-07 07:41:29',NULL),(22,'System Group - View All Assets and their Reviews','This groups allows users to see the index page of all three exception modules.',1,'VIEW_ASSETS_AND_REVIEWS','2022-12-07 07:41:29','2022-12-07 07:41:29',NULL),(23,'No Allowed Permissions','This group has no access to eramba main functionalities and is typically used when creating accounts that will only use the Online Assessment or Account review portals.',1,'NO_ALLOWED_PERMISSIONS','2022-12-07 07:41:29','2022-12-07 07:41:29',NULL);
/*!40000 ALTER TABLE `groups` ENABLE KEYS */;
UNLOCK TABLES;

--
-- Table structure for table `imports`
--

DROP TABLE IF EXISTS `imports`;
/*!40101 SET @saved_cs_client     = @@character_set_client */;
/*!50503 SET character_set_client = utf8mb4 */;
CREATE TABLE `imports` (
  `id` int NOT NULL AUTO_INCREMENT,
  `model` varchar(256) COLLATE utf8mb4_unicode_ci DEFAULT NULL,
  `file` varchar(256) COLLATE utf8mb4_unicode_ci NOT NULL DEFAULT '',
  `created` datetime NOT NULL,
  PRIMARY KEY (`id`)
) ENGINE=InnoDB AUTO_INCREMENT=2 DEFAULT CHARSET=utf8mb4 COLLATE=utf8mb4_unicode_ci;
/*!40101 SET character_set_client = @saved_cs_client */;

--
-- Dumping data for table `imports`
--

LOCK TABLES `imports` WRITE;
/*!40000 ALTER TABLE `imports` DISABLE KEYS */;
INSERT INTO `imports` VALUES (1,'CompliancePackageItems','Action-Based-POC.csv','2023-01-18 11:04:55');
/*!40000 ALTER TABLE `imports` ENABLE KEYS */;
UNLOCK TABLES;

--
-- Table structure for table `integrity_check_findings`
--

DROP TABLE IF EXISTS `integrity_check_findings`;
/*!40101 SET @saved_cs_client     = @@character_set_client */;
/*!50503 SET character_set_client = utf8mb4 */;
CREATE TABLE `integrity_check_findings` (
  `id` int NOT NULL AUTO_INCREMENT,
  `model` varchar(255) COLLATE utf8mb4_unicode_ci DEFAULT NULL,
  `foreign_key` int DEFAULT NULL,
  `message` text COLLATE utf8mb4_unicode_ci,
  `created` datetime NOT NULL,
  PRIMARY KEY (`id`),
  KEY `model` (`model`,`foreign_key`)
) ENGINE=InnoDB DEFAULT CHARSET=utf8mb4 COLLATE=utf8mb4_unicode_ci;
/*!40101 SET character_set_client = @saved_cs_client */;

--
-- Dumping data for table `integrity_check_findings`
--

LOCK TABLES `integrity_check_findings` WRITE;
/*!40000 ALTER TABLE `integrity_check_findings` DISABLE KEYS */;
/*!40000 ALTER TABLE `integrity_check_findings` ENABLE KEYS */;
UNLOCK TABLES;

--
-- Table structure for table `issues`
--

DROP TABLE IF EXISTS `issues`;
/*!40101 SET @saved_cs_client     = @@character_set_client */;
/*!50503 SET character_set_client = utf8mb4 */;
CREATE TABLE `issues` (
  `id` int NOT NULL AUTO_INCREMENT,
  `model` varchar(150) COLLATE utf8mb4_unicode_ci NOT NULL,
  `foreign_key` int NOT NULL,
  `date_start` date NOT NULL,
  `date_end` date DEFAULT NULL,
  `user_id` int DEFAULT NULL,
  `description` text COLLATE utf8mb4_unicode_ci NOT NULL,
  `status` varchar(255) COLLATE utf8mb4_unicode_ci NOT NULL DEFAULT 'open',
  `workflow_owner_id` int DEFAULT NULL,
  `workflow_status` int NOT NULL DEFAULT '0',
  `created` datetime NOT NULL,
  `modified` datetime NOT NULL,
  `edited` datetime DEFAULT NULL,
  PRIMARY KEY (`id`),
  KEY `user_id` (`user_id`),
  CONSTRAINT `issues_ibfk_1` FOREIGN KEY (`user_id`) REFERENCES `users` (`id`) ON DELETE RESTRICT ON UPDATE CASCADE
) ENGINE=InnoDB DEFAULT CHARSET=utf8mb4 COLLATE=utf8mb4_unicode_ci;
/*!40101 SET character_set_client = @saved_cs_client */;

--
-- Dumping data for table `issues`
--

LOCK TABLES `issues` WRITE;
/*!40000 ALTER TABLE `issues` DISABLE KEYS */;
/*!40000 ALTER TABLE `issues` ENABLE KEYS */;
UNLOCK TABLES;

--
-- Table structure for table `ldap_connector_authentication`
--

DROP TABLE IF EXISTS `ldap_connector_authentication`;
/*!40101 SET @saved_cs_client     = @@character_set_client */;
/*!50503 SET character_set_client = utf8mb4 */;
CREATE TABLE `ldap_connector_authentication` (
  `id` int NOT NULL AUTO_INCREMENT,
  `auth_users` int NOT NULL,
  `auth_users_id` int DEFAULT NULL,
  `oauth_google` int NOT NULL,
  `oauth_google_id` int NOT NULL,
  `auth_saml` int NOT NULL,
  `saml_connector_id` int DEFAULT NULL,
  `auth_awareness` int NOT NULL,
  `auth_awareness_id` int DEFAULT NULL,
  `auth_policies` int NOT NULL,
  `auth_policies_id` int DEFAULT NULL,
  `auth_compliance_audit` int NOT NULL DEFAULT '0',
  `auth_vendor_assessment` int NOT NULL DEFAULT '0',
  `auth_account_review` int NOT NULL DEFAULT '0',
  `modified` datetime NOT NULL,
  PRIMARY KEY (`id`),
  KEY `auth_awareness_id` (`auth_awareness_id`),
  KEY `auth_users_id` (`auth_users_id`),
  KEY `saml_connector_id` (`saml_connector_id`),
  KEY `auth_policies_id` (`auth_policies_id`),
  CONSTRAINT `ldap_connector_authentication_ibfk_1` FOREIGN KEY (`auth_awareness_id`) REFERENCES `ldap_connectors` (`id`) ON DELETE SET NULL ON UPDATE CASCADE,
  CONSTRAINT `ldap_connector_authentication_ibfk_2` FOREIGN KEY (`auth_users_id`) REFERENCES `ldap_connectors` (`id`) ON DELETE SET NULL ON UPDATE CASCADE,
  CONSTRAINT `ldap_connector_authentication_ibfk_3` FOREIGN KEY (`saml_connector_id`) REFERENCES `saml_connectors` (`id`) ON DELETE SET NULL ON UPDATE SET NULL,
  CONSTRAINT `ldap_connector_authentication_ibfk_4` FOREIGN KEY (`auth_policies_id`) REFERENCES `ldap_connectors` (`id`) ON DELETE SET NULL ON UPDATE CASCADE
) ENGINE=InnoDB DEFAULT CHARSET=utf8mb4 COLLATE=utf8mb4_unicode_ci;
/*!40101 SET character_set_client = @saved_cs_client */;

--
-- Dumping data for table `ldap_connector_authentication`
--

LOCK TABLES `ldap_connector_authentication` WRITE;
/*!40000 ALTER TABLE `ldap_connector_authentication` DISABLE KEYS */;
/*!40000 ALTER TABLE `ldap_connector_authentication` ENABLE KEYS */;
UNLOCK TABLES;

--
-- Table structure for table `ldap_connectors`
--

DROP TABLE IF EXISTS `ldap_connectors`;
/*!40101 SET @saved_cs_client     = @@character_set_client */;
/*!50503 SET character_set_client = utf8mb4 */;
CREATE TABLE `ldap_connectors` (
  `id` int NOT NULL AUTO_INCREMENT,
  `name` varchar(255) COLLATE utf8mb4_unicode_ci NOT NULL DEFAULT '',
  `description` text COLLATE utf8mb4_unicode_ci NOT NULL,
  `host` varchar(150) COLLATE utf8mb4_unicode_ci NOT NULL,
  `domain` varchar(150) COLLATE utf8mb4_unicode_ci DEFAULT NULL,
  `port` int NOT NULL DEFAULT '389',
  `ldap_bind_dn` varchar(255) COLLATE utf8mb4_unicode_ci NOT NULL DEFAULT '',
  `ldap_bind_pw` varchar(150) COLLATE utf8mb4_unicode_ci NOT NULL,
  `ldap_base_dn` varchar(255) COLLATE utf8mb4_unicode_ci NOT NULL DEFAULT '',
  `type` varchar(255) COLLATE utf8mb4_unicode_ci NOT NULL,
  `ldap_auth_filter` varchar(255) COLLATE utf8mb4_unicode_ci DEFAULT '(| (sn=%USERNAME%) )',
  `ldap_auth_attribute` varchar(150) COLLATE utf8mb4_unicode_ci DEFAULT NULL,
  `ldap_name_attribute` varchar(150) COLLATE utf8mb4_unicode_ci DEFAULT NULL,
  `ldap_email_attribute` varchar(150) COLLATE utf8mb4_unicode_ci DEFAULT NULL,
  `ldap_memberof_attribute` varchar(150) COLLATE utf8mb4_unicode_ci DEFAULT NULL,
  `ldap_grouplist_filter` varchar(150) COLLATE utf8mb4_unicode_ci DEFAULT NULL,
  `ldap_grouplist_name` varchar(150) COLLATE utf8mb4_unicode_ci DEFAULT NULL,
  `ldap_groupmemberlist_filter` varchar(255) COLLATE utf8mb4_unicode_ci DEFAULT NULL,
  `ldap_group_account_attribute` varchar(150) COLLATE utf8mb4_unicode_ci DEFAULT NULL,
  `ldap_group_fetch_email_type` varchar(150) COLLATE utf8mb4_unicode_ci DEFAULT NULL,
  `ldap_group_email_attribute` varchar(150) COLLATE utf8mb4_unicode_ci DEFAULT NULL,
  `ldap_group_mail_domain` varchar(150) COLLATE utf8mb4_unicode_ci DEFAULT NULL,
  `status` int NOT NULL DEFAULT '0' COMMENT '0-disabled,1-active',
  `workflow_status` int NOT NULL DEFAULT '0',
  `workflow_owner_id` int DEFAULT NULL,
  `created` datetime NOT NULL,
  `modified` datetime NOT NULL,
  `edited` datetime DEFAULT NULL,
  PRIMARY KEY (`id`)
) ENGINE=InnoDB DEFAULT CHARSET=utf8mb4 COLLATE=utf8mb4_unicode_ci;
/*!40101 SET character_set_client = @saved_cs_client */;

--
-- Dumping data for table `ldap_connectors`
--

LOCK TABLES `ldap_connectors` WRITE;
/*!40000 ALTER TABLE `ldap_connectors` DISABLE KEYS */;
/*!40000 ALTER TABLE `ldap_connectors` ENABLE KEYS */;
UNLOCK TABLES;

--
-- Table structure for table `ldap_synchronizations`
--

DROP TABLE IF EXISTS `ldap_synchronizations`;
/*!40101 SET @saved_cs_client     = @@character_set_client */;
/*!50503 SET character_set_client = utf8mb4 */;
CREATE TABLE `ldap_synchronizations` (
  `id` int NOT NULL AUTO_INCREMENT,
  `name` varchar(255) COLLATE utf8mb4_unicode_ci DEFAULT NULL,
  `description` text COLLATE utf8mb4_unicode_ci,
  `ldap_auth_connector_id` int NOT NULL,
  `ldap_group_connector_id` int NOT NULL,
  `ldap_group` varchar(255) COLLATE utf8mb4_unicode_ci NOT NULL,
  `status` int NOT NULL DEFAULT '1',
  `language` varchar(10) COLLATE utf8mb4_unicode_ci NOT NULL,
  `api` int NOT NULL,
  `no_user_action` int NOT NULL,
  `created` datetime NOT NULL,
  `modified` datetime NOT NULL,
  PRIMARY KEY (`id`),
  KEY `ldap_group_connector_id` (`ldap_group_connector_id`),
  KEY `ldap_auth_connector_id` (`ldap_auth_connector_id`),
  CONSTRAINT `ldap_synchronizations_ibfk_1` FOREIGN KEY (`ldap_group_connector_id`) REFERENCES `ldap_connectors` (`id`) ON DELETE CASCADE ON UPDATE CASCADE,
  CONSTRAINT `ldap_synchronizations_ibfk_2` FOREIGN KEY (`ldap_auth_connector_id`) REFERENCES `ldap_connectors` (`id`) ON DELETE CASCADE ON UPDATE CASCADE
) ENGINE=InnoDB DEFAULT CHARSET=utf8mb4 COLLATE=utf8mb4_unicode_ci;
/*!40101 SET character_set_client = @saved_cs_client */;

--
-- Dumping data for table `ldap_synchronizations`
--

LOCK TABLES `ldap_synchronizations` WRITE;
/*!40000 ALTER TABLE `ldap_synchronizations` DISABLE KEYS */;
/*!40000 ALTER TABLE `ldap_synchronizations` ENABLE KEYS */;
UNLOCK TABLES;

--
-- Table structure for table `ldap_synchronizations_groups`
--

DROP TABLE IF EXISTS `ldap_synchronizations_groups`;
/*!40101 SET @saved_cs_client     = @@character_set_client */;
/*!50503 SET character_set_client = utf8mb4 */;
CREATE TABLE `ldap_synchronizations_groups` (
  `id` int NOT NULL AUTO_INCREMENT,
  `ldap_synchronization_id` int NOT NULL,
  `group_id` int NOT NULL,
  `created` datetime NOT NULL,
  `modified` datetime NOT NULL,
  PRIMARY KEY (`id`),
  KEY `group_id` (`group_id`),
  KEY `ldap_synchronization_id` (`ldap_synchronization_id`),
  CONSTRAINT `ldap_synchronizations_groups_ibfk_1` FOREIGN KEY (`group_id`) REFERENCES `groups` (`id`) ON DELETE CASCADE ON UPDATE CASCADE,
  CONSTRAINT `ldap_synchronizations_groups_ibfk_2` FOREIGN KEY (`ldap_synchronization_id`) REFERENCES `ldap_synchronizations` (`id`) ON DELETE CASCADE ON UPDATE CASCADE
) ENGINE=InnoDB DEFAULT CHARSET=utf8mb4 COLLATE=utf8mb4_unicode_ci;
/*!40101 SET character_set_client = @saved_cs_client */;

--
-- Dumping data for table `ldap_synchronizations_groups`
--

LOCK TABLES `ldap_synchronizations_groups` WRITE;
/*!40000 ALTER TABLE `ldap_synchronizations_groups` DISABLE KEYS */;
/*!40000 ALTER TABLE `ldap_synchronizations_groups` ENABLE KEYS */;
UNLOCK TABLES;

--
-- Table structure for table `ldap_synchronizations_portals`
--

DROP TABLE IF EXISTS `ldap_synchronizations_portals`;
/*!40101 SET @saved_cs_client     = @@character_set_client */;
/*!50503 SET character_set_client = utf8mb4 */;
CREATE TABLE `ldap_synchronizations_portals` (
  `id` int NOT NULL AUTO_INCREMENT,
  `ldap_synchronization_id` int NOT NULL,
  `portal_id` int NOT NULL,
  `created` datetime NOT NULL,
  `modified` datetime NOT NULL,
  PRIMARY KEY (`id`),
  KEY `portal_id` (`portal_id`),
  KEY `ldap_synchronization_id` (`ldap_synchronization_id`),
  CONSTRAINT `ldap_synchronizations_portals_ibfk_1` FOREIGN KEY (`portal_id`) REFERENCES `portals` (`id`) ON DELETE CASCADE ON UPDATE CASCADE,
  CONSTRAINT `ldap_synchronizations_portals_ibfk_2` FOREIGN KEY (`ldap_synchronization_id`) REFERENCES `ldap_synchronizations` (`id`) ON DELETE CASCADE ON UPDATE CASCADE
) ENGINE=InnoDB DEFAULT CHARSET=utf8mb4 COLLATE=utf8mb4_unicode_ci;
/*!40101 SET character_set_client = @saved_cs_client */;

--
-- Dumping data for table `ldap_synchronizations_portals`
--

LOCK TABLES `ldap_synchronizations_portals` WRITE;
/*!40000 ALTER TABLE `ldap_synchronizations_portals` DISABLE KEYS */;
/*!40000 ALTER TABLE `ldap_synchronizations_portals` ENABLE KEYS */;
UNLOCK TABLES;

--
-- Table structure for table `legals`
--

DROP TABLE IF EXISTS `legals`;
/*!40101 SET @saved_cs_client     = @@character_set_client */;
/*!50503 SET character_set_client = utf8mb4 */;
CREATE TABLE `legals` (
  `id` int NOT NULL AUTO_INCREMENT,
  `name` varchar(255) COLLATE utf8mb4_unicode_ci NOT NULL DEFAULT '',
  `description` text COLLATE utf8mb4_unicode_ci NOT NULL,
  `risk_magnifier` float DEFAULT NULL,
  `workflow_status` int NOT NULL DEFAULT '0',
  `workflow_owner_id` int DEFAULT NULL,
  `created` datetime NOT NULL,
  `modified` datetime NOT NULL,
  `edited` datetime DEFAULT NULL,
  `deleted` int NOT NULL DEFAULT '0',
  `deleted_date` datetime DEFAULT NULL,
  PRIMARY KEY (`id`),
  FULLTEXT KEY `name` (`name`)
) ENGINE=InnoDB DEFAULT CHARSET=utf8mb4 COLLATE=utf8mb4_unicode_ci;
/*!40101 SET character_set_client = @saved_cs_client */;

--
-- Dumping data for table `legals`
--

LOCK TABLES `legals` WRITE;
/*!40000 ALTER TABLE `legals` DISABLE KEYS */;
/*!40000 ALTER TABLE `legals` ENABLE KEYS */;
UNLOCK TABLES;

--
-- Table structure for table `legals_third_parties`
--

DROP TABLE IF EXISTS `legals_third_parties`;
/*!40101 SET @saved_cs_client     = @@character_set_client */;
/*!50503 SET character_set_client = utf8mb4 */;
CREATE TABLE `legals_third_parties` (
  `id` int NOT NULL AUTO_INCREMENT,
  `legal_id` int NOT NULL,
  `third_party_id` int NOT NULL,
  PRIMARY KEY (`id`),
  KEY `third_party_id` (`third_party_id`),
  KEY `legal_id` (`legal_id`),
  CONSTRAINT `legals_third_parties_ibfk_1` FOREIGN KEY (`third_party_id`) REFERENCES `third_parties` (`id`) ON DELETE CASCADE ON UPDATE CASCADE,
  CONSTRAINT `legals_third_parties_ibfk_2` FOREIGN KEY (`legal_id`) REFERENCES `legals` (`id`) ON DELETE CASCADE ON UPDATE CASCADE
) ENGINE=InnoDB DEFAULT CHARSET=utf8mb4 COLLATE=utf8mb4_unicode_ci;
/*!40101 SET character_set_client = @saved_cs_client */;

--
-- Dumping data for table `legals_third_parties`
--

LOCK TABLES `legals_third_parties` WRITE;
/*!40000 ALTER TABLE `legals_third_parties` DISABLE KEYS */;
/*!40000 ALTER TABLE `legals_third_parties` ENABLE KEYS */;
UNLOCK TABLES;

--
-- Table structure for table `license_checks`
--

DROP TABLE IF EXISTS `license_checks`;
/*!40101 SET @saved_cs_client     = @@character_set_client */;
/*!50503 SET character_set_client = utf8mb4 */;
CREATE TABLE `license_checks` (
  `id` int NOT NULL AUTO_INCREMENT,
  `result` tinyint(1) NOT NULL,
  `message` varchar(255) COLLATE utf8mb4_unicode_ci DEFAULT NULL,
  `created` datetime NOT NULL,
  PRIMARY KEY (`id`)
) ENGINE=InnoDB DEFAULT CHARSET=utf8mb4 COLLATE=utf8mb4_unicode_ci;
/*!40101 SET character_set_client = @saved_cs_client */;

--
-- Dumping data for table `license_checks`
--

LOCK TABLES `license_checks` WRITE;
/*!40000 ALTER TABLE `license_checks` DISABLE KEYS */;
/*!40000 ALTER TABLE `license_checks` ENABLE KEYS */;
UNLOCK TABLES;

--
-- Table structure for table `log_security_policies`
--

DROP TABLE IF EXISTS `log_security_policies`;
/*!40101 SET @saved_cs_client     = @@character_set_client */;
/*!50503 SET character_set_client = utf8mb4 */;
CREATE TABLE `log_security_policies` (
  `id` int NOT NULL AUTO_INCREMENT,
  `security_policy_id` int NOT NULL,
  `index` varchar(255) COLLATE utf8mb4_unicode_ci NOT NULL DEFAULT '',
  `short_description` varchar(150) COLLATE utf8mb4_unicode_ci NOT NULL,
  `description` text COLLATE utf8mb4_unicode_ci,
  `document_type` varchar(255) COLLATE utf8mb4_unicode_ci NOT NULL,
  `version` varchar(50) COLLATE utf8mb4_unicode_ci NOT NULL,
  `published_date` date NOT NULL,
  `next_review_date` date NOT NULL,
  `permission` varchar(255) COLLATE utf8mb4_unicode_ci NOT NULL,
  `ldap_connector_id` int DEFAULT NULL,
  `asset_label_id` int DEFAULT NULL,
  `user_edit_id` int DEFAULT NULL,
  `created` datetime NOT NULL,
  PRIMARY KEY (`id`)
) ENGINE=InnoDB DEFAULT CHARSET=utf8mb4 COLLATE=utf8mb4_unicode_ci;
/*!40101 SET character_set_client = @saved_cs_client */;

--
-- Dumping data for table `log_security_policies`
--

LOCK TABLES `log_security_policies` WRITE;
/*!40000 ALTER TABLE `log_security_policies` DISABLE KEYS */;
/*!40000 ALTER TABLE `log_security_policies` ENABLE KEYS */;
UNLOCK TABLES;

--
-- Table structure for table `login_attempts`
--

DROP TABLE IF EXISTS `login_attempts`;
/*!40101 SET @saved_cs_client     = @@character_set_client */;
/*!50503 SET character_set_client = utf8mb4 */;
CREATE TABLE `login_attempts` (
  `id` int NOT NULL AUTO_INCREMENT,
  `login` varchar(255) COLLATE utf8mb4_unicode_ci NOT NULL,
  `portal_id` int DEFAULT NULL,
  `type` int NOT NULL,
  `result` int NOT NULL,
  `created` datetime NOT NULL,
  PRIMARY KEY (`id`),
  KEY `portal_id` (`portal_id`),
  CONSTRAINT `login_attempts_ibfk_1` FOREIGN KEY (`portal_id`) REFERENCES `portals` (`id`) ON DELETE SET NULL ON UPDATE CASCADE
) ENGINE=InnoDB AUTO_INCREMENT=4 DEFAULT CHARSET=utf8mb4 COLLATE=utf8mb4_unicode_ci;
/*!40101 SET character_set_client = @saved_cs_client */;

--
-- Dumping data for table `login_attempts`
--

LOCK TABLES `login_attempts` WRITE;
/*!40000 ALTER TABLE `login_attempts` DISABLE KEYS */;
INSERT INTO `login_attempts` VALUES (1,'admin',1,1,1,'2023-01-18 10:50:44'),(2,'admin@eramba.org',1,1,0,'2023-01-18 11:03:26'),(3,'admin',1,1,1,'2023-01-18 11:03:34');
/*!40000 ALTER TABLE `login_attempts` ENABLE KEYS */;
UNLOCK TABLES;

--
-- Table structure for table `login_bans`
--

DROP TABLE IF EXISTS `login_bans`;
/*!40101 SET @saved_cs_client     = @@character_set_client */;
/*!50503 SET character_set_client = utf8mb4 */;
CREATE TABLE `login_bans` (
  `id` int NOT NULL AUTO_INCREMENT,
  `login` varchar(255) COLLATE utf8mb4_unicode_ci NOT NULL,
  `user_id` int DEFAULT NULL,
  `until` datetime NOT NULL,
  `canceled` datetime DEFAULT NULL,
  `created` datetime NOT NULL,
  PRIMARY KEY (`id`),
  KEY `user_id` (`user_id`),
  CONSTRAINT `login_bans_ibfk_1` FOREIGN KEY (`user_id`) REFERENCES `users` (`id`) ON DELETE CASCADE ON UPDATE CASCADE
) ENGINE=InnoDB DEFAULT CHARSET=utf8mb4 COLLATE=utf8mb4_unicode_ci;
/*!40101 SET character_set_client = @saved_cs_client */;

--
-- Dumping data for table `login_bans`
--

LOCK TABLES `login_bans` WRITE;
/*!40000 ALTER TABLE `login_bans` DISABLE KEYS */;
/*!40000 ALTER TABLE `login_bans` ENABLE KEYS */;
UNLOCK TABLES;

--
-- Table structure for table `mapping_relations`
--

DROP TABLE IF EXISTS `mapping_relations`;
/*!40101 SET @saved_cs_client     = @@character_set_client */;
/*!50503 SET character_set_client = utf8mb4 */;
CREATE TABLE `mapping_relations` (
  `id` int NOT NULL AUTO_INCREMENT,
  `left_model` varchar(128) COLLATE utf8mb4_unicode_ci NOT NULL,
  `left_foreign_key` int NOT NULL,
  `right_model` varchar(128) COLLATE utf8mb4_unicode_ci NOT NULL,
  `right_foreign_key` int NOT NULL,
  `enabled` int NOT NULL DEFAULT '1',
  `created` datetime NOT NULL,
  `modified` datetime NOT NULL,
  PRIMARY KEY (`id`),
  KEY `left_foreign_key` (`left_foreign_key`),
  KEY `right_foreign_key` (`right_foreign_key`)
) ENGINE=InnoDB DEFAULT CHARSET=utf8mb4 COLLATE=utf8mb4_unicode_ci;
/*!40101 SET character_set_client = @saved_cs_client */;

--
-- Dumping data for table `mapping_relations`
--

LOCK TABLES `mapping_relations` WRITE;
/*!40000 ALTER TABLE `mapping_relations` DISABLE KEYS */;
/*!40000 ALTER TABLE `mapping_relations` ENABLE KEYS */;
UNLOCK TABLES;

--
-- Table structure for table `news`
--

DROP TABLE IF EXISTS `news`;
/*!40101 SET @saved_cs_client     = @@character_set_client */;
/*!50503 SET character_set_client = utf8mb4 */;
CREATE TABLE `news` (
  `id` int NOT NULL AUTO_INCREMENT,
  `support_id` int NOT NULL,
  `title` varchar(255) COLLATE utf8mb4_unicode_ci NOT NULL DEFAULT '',
  `content` text COLLATE utf8mb4_unicode_ci NOT NULL,
  `date` datetime DEFAULT NULL,
  `created` datetime NOT NULL,
  PRIMARY KEY (`id`)
) ENGINE=InnoDB DEFAULT CHARSET=utf8mb4 COLLATE=utf8mb4_unicode_ci;
/*!40101 SET character_set_client = @saved_cs_client */;

--
-- Dumping data for table `news`
--

LOCK TABLES `news` WRITE;
/*!40000 ALTER TABLE `news` DISABLE KEYS */;
/*!40000 ALTER TABLE `news` ENABLE KEYS */;
UNLOCK TABLES;

--
-- Table structure for table `notification_system_item_custom_roles`
--

DROP TABLE IF EXISTS `notification_system_item_custom_roles`;
/*!40101 SET @saved_cs_client     = @@character_set_client */;
/*!50503 SET character_set_client = utf8mb4 */;
CREATE TABLE `notification_system_item_custom_roles` (
  `id` int NOT NULL AUTO_INCREMENT,
  `type` int NOT NULL DEFAULT '0',
  `notification_system_item_id` int NOT NULL,
  `custom_identifier` varchar(255) COLLATE utf8mb4_unicode_ci DEFAULT NULL,
  `migration_updated` int NOT NULL DEFAULT '0',
  `created` datetime NOT NULL,
  PRIMARY KEY (`id`),
  KEY `notification_system_item_id` (`notification_system_item_id`),
  CONSTRAINT `notification_system_item_custom_roles_ibfk_1` FOREIGN KEY (`notification_system_item_id`) REFERENCES `notification_system_items` (`id`) ON DELETE CASCADE ON UPDATE CASCADE
) ENGINE=InnoDB DEFAULT CHARSET=utf8mb4 COLLATE=utf8mb4_unicode_ci;
/*!40101 SET character_set_client = @saved_cs_client */;

--
-- Dumping data for table `notification_system_item_custom_roles`
--

LOCK TABLES `notification_system_item_custom_roles` WRITE;
/*!40000 ALTER TABLE `notification_system_item_custom_roles` DISABLE KEYS */;
/*!40000 ALTER TABLE `notification_system_item_custom_roles` ENABLE KEYS */;
UNLOCK TABLES;

--
-- Table structure for table `notification_system_item_custom_users`
--

DROP TABLE IF EXISTS `notification_system_item_custom_users`;
/*!40101 SET @saved_cs_client     = @@character_set_client */;
/*!50503 SET character_set_client = utf8mb4 */;
CREATE TABLE `notification_system_item_custom_users` (
  `id` int NOT NULL AUTO_INCREMENT,
  `notification_system_item_object_id` int NOT NULL,
  `user_id` int NOT NULL,
  `created` datetime NOT NULL,
  PRIMARY KEY (`id`),
  KEY `notification_system_item_object_id` (`notification_system_item_object_id`),
  KEY `user_id` (`user_id`),
  CONSTRAINT `notification_system_item_custom_users_ibfk_1` FOREIGN KEY (`notification_system_item_object_id`) REFERENCES `notification_system_items_objects` (`id`) ON DELETE CASCADE ON UPDATE CASCADE,
  CONSTRAINT `notification_system_item_custom_users_ibfk_2` FOREIGN KEY (`user_id`) REFERENCES `users` (`id`) ON DELETE CASCADE ON UPDATE CASCADE
) ENGINE=InnoDB DEFAULT CHARSET=utf8mb4 COLLATE=utf8mb4_unicode_ci;
/*!40101 SET character_set_client = @saved_cs_client */;

--
-- Dumping data for table `notification_system_item_custom_users`
--

LOCK TABLES `notification_system_item_custom_users` WRITE;
/*!40000 ALTER TABLE `notification_system_item_custom_users` DISABLE KEYS */;
/*!40000 ALTER TABLE `notification_system_item_custom_users` ENABLE KEYS */;
UNLOCK TABLES;

--
-- Table structure for table `notification_system_item_emails`
--

DROP TABLE IF EXISTS `notification_system_item_emails`;
/*!40101 SET @saved_cs_client     = @@character_set_client */;
/*!50503 SET character_set_client = utf8mb4 */;
CREATE TABLE `notification_system_item_emails` (
  `id` int NOT NULL AUTO_INCREMENT,
  `type` int NOT NULL DEFAULT '0',
  `notification_system_item_id` int NOT NULL,
  `email` varchar(255) COLLATE utf8mb4_unicode_ci NOT NULL,
  `created` datetime NOT NULL,
  PRIMARY KEY (`id`),
  KEY `notification_system_item_id` (`notification_system_item_id`),
  CONSTRAINT `notification_system_item_emails_ibfk_1` FOREIGN KEY (`notification_system_item_id`) REFERENCES `notification_system_items` (`id`) ON DELETE CASCADE ON UPDATE CASCADE
) ENGINE=InnoDB DEFAULT CHARSET=utf8mb4 COLLATE=utf8mb4_unicode_ci;
/*!40101 SET character_set_client = @saved_cs_client */;

--
-- Dumping data for table `notification_system_item_emails`
--

LOCK TABLES `notification_system_item_emails` WRITE;
/*!40000 ALTER TABLE `notification_system_item_emails` DISABLE KEYS */;
/*!40000 ALTER TABLE `notification_system_item_emails` ENABLE KEYS */;
UNLOCK TABLES;

--
-- Table structure for table `notification_system_item_feedbacks`
--

DROP TABLE IF EXISTS `notification_system_item_feedbacks`;
/*!40101 SET @saved_cs_client     = @@character_set_client */;
/*!50503 SET character_set_client = utf8mb4 */;
CREATE TABLE `notification_system_item_feedbacks` (
  `id` int NOT NULL AUTO_INCREMENT,
  `notification_system_item_log_id` int NOT NULL,
  `notification_system_item_object_id` int NOT NULL,
  `user_id` int NOT NULL,
  `comment` text COLLATE utf8mb4_unicode_ci,
  `created` datetime NOT NULL,
  `modified` datetime NOT NULL,
  PRIMARY KEY (`id`),
  KEY `user_id` (`user_id`),
  KEY `notification_system_item_log_id` (`notification_system_item_log_id`),
  KEY `notification_system_item_object_id` (`notification_system_item_object_id`),
  CONSTRAINT `notification_system_item_feedbacks_ibfk_1` FOREIGN KEY (`user_id`) REFERENCES `users` (`id`) ON DELETE CASCADE ON UPDATE CASCADE,
  CONSTRAINT `notification_system_item_feedbacks_ibfk_2` FOREIGN KEY (`notification_system_item_log_id`) REFERENCES `notification_system_item_logs` (`id`) ON DELETE CASCADE ON UPDATE CASCADE,
  CONSTRAINT `notification_system_item_feedbacks_ibfk_3` FOREIGN KEY (`notification_system_item_object_id`) REFERENCES `notification_system_items_objects` (`id`) ON DELETE CASCADE ON UPDATE CASCADE
) ENGINE=InnoDB DEFAULT CHARSET=utf8mb4 COLLATE=utf8mb4_unicode_ci;
/*!40101 SET character_set_client = @saved_cs_client */;

--
-- Dumping data for table `notification_system_item_feedbacks`
--

LOCK TABLES `notification_system_item_feedbacks` WRITE;
/*!40000 ALTER TABLE `notification_system_item_feedbacks` DISABLE KEYS */;
/*!40000 ALTER TABLE `notification_system_item_feedbacks` ENABLE KEYS */;
UNLOCK TABLES;

--
-- Table structure for table `notification_system_item_logs`
--

DROP TABLE IF EXISTS `notification_system_item_logs`;
/*!40101 SET @saved_cs_client     = @@character_set_client */;
/*!50503 SET character_set_client = utf8mb4 */;
CREATE TABLE `notification_system_item_logs` (
  `id` int NOT NULL AUTO_INCREMENT,
  `notification_system_item_object_id` int NOT NULL,
  `hash` text COLLATE utf8mb4_unicode_ci,
  `is_new` int NOT NULL DEFAULT '1' COMMENT '1-new, 0-reminder',
  `feedback_resolved` int DEFAULT '0' COMMENT '1-feedback entered',
  `created` datetime NOT NULL,
  `modified` datetime NOT NULL,
  PRIMARY KEY (`id`),
  KEY `notification_system_item_object_id` (`notification_system_item_object_id`),
  CONSTRAINT `notification_system_item_logs_ibfk_1` FOREIGN KEY (`notification_system_item_object_id`) REFERENCES `notification_system_items_objects` (`id`) ON DELETE CASCADE ON UPDATE CASCADE
) ENGINE=InnoDB DEFAULT CHARSET=utf8mb4 COLLATE=utf8mb4_unicode_ci;
/*!40101 SET character_set_client = @saved_cs_client */;

--
-- Dumping data for table `notification_system_item_logs`
--

LOCK TABLES `notification_system_item_logs` WRITE;
/*!40000 ALTER TABLE `notification_system_item_logs` DISABLE KEYS */;
/*!40000 ALTER TABLE `notification_system_item_logs` ENABLE KEYS */;
UNLOCK TABLES;

--
-- Table structure for table `notification_system_items`
--

DROP TABLE IF EXISTS `notification_system_items`;
/*!40101 SET @saved_cs_client     = @@character_set_client */;
/*!50503 SET character_set_client = utf8mb4 */;
CREATE TABLE `notification_system_items` (
  `id` int NOT NULL AUTO_INCREMENT,
  `name` varchar(255) COLLATE utf8mb4_unicode_ci NOT NULL DEFAULT '',
  `description` text COLLATE utf8mb4_unicode_ci NOT NULL,
  `model` varchar(255) COLLATE utf8mb4_unicode_ci NOT NULL,
  `filename` varchar(255) COLLATE utf8mb4_unicode_ci NOT NULL,
  `allow_notification` int NOT NULL DEFAULT '1',
  `allow_webhook` int NOT NULL,
  `feedback` int NOT NULL DEFAULT '0',
  `feedback_message` text COLLATE utf8mb4_unicode_ci NOT NULL,
  `chase_interval` int DEFAULT NULL,
  `chase_amount` int DEFAULT NULL COMMENT 'how many times a notification will be remindered',
  `trigger_period` int DEFAULT NULL COMMENT 'awareness uses this field',
  `automated` int NOT NULL DEFAULT '1',
  `email_customized` int NOT NULL DEFAULT '1',
  `email_subject` varchar(255) COLLATE utf8mb4_unicode_ci NOT NULL,
  `email_body` text COLLATE utf8mb4_unicode_ci NOT NULL,
  `email_type` int NOT NULL DEFAULT '0',
  `report_send_empty_results` int unsigned DEFAULT NULL,
  `report_attachment_type` int unsigned DEFAULT NULL,
  `advanced_filter_id` int DEFAULT NULL,
  `report_id` int DEFAULT NULL,
  `dynamic_status_id` int DEFAULT NULL,
  `dynamic_status_toggle` int DEFAULT NULL,
  `type` varchar(45) COLLATE utf8mb4_unicode_ci NOT NULL,
  `status_feedback` int NOT NULL DEFAULT '0' COMMENT '0-ok, 1- waiting for feedback, 2-feedback ignored',
  `feedback_show_item` int NOT NULL DEFAULT '0',
  `feedback_report_id` int DEFAULT NULL,
  `feedback_completed_notification` int NOT NULL DEFAULT '0',
  `log_count` int NOT NULL,
  `created` datetime NOT NULL,
  `modified` datetime NOT NULL,
  PRIMARY KEY (`id`),
  KEY `report_id` (`report_id`),
  KEY `advanced_filter_id` (`advanced_filter_id`),
  KEY `dynamic_status_id` (`dynamic_status_id`),
  KEY `feedback_report_id` (`feedback_report_id`),
  CONSTRAINT `notification_system_items_ibfk_1` FOREIGN KEY (`report_id`) REFERENCES `reports` (`id`) ON DELETE CASCADE ON UPDATE CASCADE,
  CONSTRAINT `notification_system_items_ibfk_2` FOREIGN KEY (`advanced_filter_id`) REFERENCES `advanced_filters` (`id`) ON DELETE RESTRICT ON UPDATE CASCADE,
  CONSTRAINT `notification_system_items_ibfk_3` FOREIGN KEY (`dynamic_status_id`) REFERENCES `dynamic_statuses` (`id`) ON DELETE RESTRICT ON UPDATE CASCADE,
  CONSTRAINT `notification_system_items_ibfk_4` FOREIGN KEY (`feedback_report_id`) REFERENCES `reports` (`id`) ON DELETE SET NULL ON UPDATE CASCADE
) ENGINE=InnoDB DEFAULT CHARSET=utf8mb4 COLLATE=utf8mb4_unicode_ci;
/*!40101 SET character_set_client = @saved_cs_client */;

--
-- Dumping data for table `notification_system_items`
--

LOCK TABLES `notification_system_items` WRITE;
/*!40000 ALTER TABLE `notification_system_items` DISABLE KEYS */;
/*!40000 ALTER TABLE `notification_system_items` ENABLE KEYS */;
UNLOCK TABLES;

--
-- Table structure for table `notification_system_items_objects`
--

DROP TABLE IF EXISTS `notification_system_items_objects`;
/*!40101 SET @saved_cs_client     = @@character_set_client */;
/*!50503 SET character_set_client = utf8mb4 */;
CREATE TABLE `notification_system_items_objects` (
  `id` int NOT NULL AUTO_INCREMENT,
  `notification_system_item_id` int NOT NULL,
  `model` varchar(250) COLLATE utf8mb4_unicode_ci NOT NULL,
  `foreign_key` int DEFAULT NULL,
  `status_feedback` int NOT NULL DEFAULT '0' COMMENT '0-ok, 1- waiting for feedback, 2-feedback ignored',
  `log_count` int NOT NULL,
  `status` int NOT NULL DEFAULT '1' COMMENT '0-disabled, 1-enabled',
  `created` datetime NOT NULL,
  `modified` datetime NOT NULL,
  PRIMARY KEY (`id`),
  KEY `notification_system_item_id` (`notification_system_item_id`),
  CONSTRAINT `notification_system_items_objects_ibfk_1` FOREIGN KEY (`notification_system_item_id`) REFERENCES `notification_system_items` (`id`) ON DELETE CASCADE ON UPDATE CASCADE
) ENGINE=InnoDB DEFAULT CHARSET=utf8mb4 COLLATE=utf8mb4_unicode_ci;
/*!40101 SET character_set_client = @saved_cs_client */;

--
-- Dumping data for table `notification_system_items_objects`
--

LOCK TABLES `notification_system_items_objects` WRITE;
/*!40000 ALTER TABLE `notification_system_items_objects` DISABLE KEYS */;
/*!40000 ALTER TABLE `notification_system_items_objects` ENABLE KEYS */;
UNLOCK TABLES;

--
-- Table structure for table `notification_system_items_users`
--

DROP TABLE IF EXISTS `notification_system_items_users`;
/*!40101 SET @saved_cs_client     = @@character_set_client */;
/*!50503 SET character_set_client = utf8mb4 */;
CREATE TABLE `notification_system_items_users` (
  `id` int NOT NULL AUTO_INCREMENT,
  `type` int NOT NULL DEFAULT '0',
  `notification_system_item_id` int NOT NULL,
  `user_id` int NOT NULL,
  PRIMARY KEY (`id`),
  KEY `user_id` (`user_id`),
  KEY `notification_system_item_id` (`notification_system_item_id`),
  CONSTRAINT `notification_system_items_users_ibfk_1` FOREIGN KEY (`user_id`) REFERENCES `users` (`id`) ON DELETE CASCADE ON UPDATE CASCADE,
  CONSTRAINT `notification_system_items_users_ibfk_2` FOREIGN KEY (`notification_system_item_id`) REFERENCES `notification_system_items` (`id`) ON DELETE CASCADE ON UPDATE CASCADE
) ENGINE=InnoDB DEFAULT CHARSET=utf8mb4 COLLATE=utf8mb4_unicode_ci;
/*!40101 SET character_set_client = @saved_cs_client */;

--
-- Dumping data for table `notification_system_items_users`
--

LOCK TABLES `notification_system_items_users` WRITE;
/*!40000 ALTER TABLE `notification_system_items_users` DISABLE KEYS */;
/*!40000 ALTER TABLE `notification_system_items_users` ENABLE KEYS */;
UNLOCK TABLES;

--
-- Table structure for table `notifications`
--

DROP TABLE IF EXISTS `notifications`;
/*!40101 SET @saved_cs_client     = @@character_set_client */;
/*!50503 SET character_set_client = utf8mb4 */;
CREATE TABLE `notifications` (
  `id` int NOT NULL AUTO_INCREMENT,
  `title` varchar(255) COLLATE utf8mb4_unicode_ci NOT NULL,
  `model` varchar(150) COLLATE utf8mb4_unicode_ci NOT NULL,
  `user_id` int NOT NULL,
  `url` varchar(255) COLLATE utf8mb4_unicode_ci DEFAULT NULL,
  `status` int NOT NULL DEFAULT '1' COMMENT '1-new, 0-seen',
  `created` datetime NOT NULL,
  `modified` datetime NOT NULL,
  PRIMARY KEY (`id`),
  KEY `user_id` (`user_id`),
  CONSTRAINT `notifications_ibfk_1` FOREIGN KEY (`user_id`) REFERENCES `users` (`id`) ON DELETE CASCADE ON UPDATE CASCADE
) ENGINE=InnoDB DEFAULT CHARSET=utf8mb4 COLLATE=utf8mb4_unicode_ci;
/*!40101 SET character_set_client = @saved_cs_client */;

--
-- Dumping data for table `notifications`
--

LOCK TABLES `notifications` WRITE;
/*!40000 ALTER TABLE `notifications` DISABLE KEYS */;
/*!40000 ALTER TABLE `notifications` ENABLE KEYS */;
UNLOCK TABLES;

--
-- Table structure for table `oauth_connectors`
--

DROP TABLE IF EXISTS `oauth_connectors`;
/*!40101 SET @saved_cs_client     = @@character_set_client */;
/*!50503 SET character_set_client = utf8mb4 */;
CREATE TABLE `oauth_connectors` (
  `id` int NOT NULL AUTO_INCREMENT,
  `name` varchar(255) COLLATE utf8mb4_unicode_ci NOT NULL,
  `client_id` varchar(255) COLLATE utf8mb4_unicode_ci NOT NULL,
  `client_secret` varchar(255) COLLATE utf8mb4_unicode_ci NOT NULL,
  `provider` varchar(255) COLLATE utf8mb4_unicode_ci NOT NULL,
  `status` int NOT NULL DEFAULT '1',
  `created` datetime NOT NULL,
  `modified` datetime NOT NULL,
  `edited` datetime DEFAULT NULL,
  PRIMARY KEY (`id`)
) ENGINE=InnoDB DEFAULT CHARSET=utf8mb4 COLLATE=utf8mb4_unicode_ci;
/*!40101 SET character_set_client = @saved_cs_client */;

--
-- Dumping data for table `oauth_connectors`
--

LOCK TABLES `oauth_connectors` WRITE;
/*!40000 ALTER TABLE `oauth_connectors` DISABLE KEYS */;
/*!40000 ALTER TABLE `oauth_connectors` ENABLE KEYS */;
UNLOCK TABLES;

--
-- Table structure for table `object_status_object_statuses`
--

DROP TABLE IF EXISTS `object_status_object_statuses`;
/*!40101 SET @saved_cs_client     = @@character_set_client */;
/*!50503 SET character_set_client = utf8mb4 */;
CREATE TABLE `object_status_object_statuses` (
  `id` int NOT NULL AUTO_INCREMENT,
  `model` varchar(100) COLLATE utf8mb4_unicode_ci NOT NULL DEFAULT '',
  `foreign_key` int NOT NULL,
  `name` varchar(100) COLLATE utf8mb4_unicode_ci NOT NULL DEFAULT '',
  `status` int NOT NULL,
  `status_id` int NOT NULL,
  `created` datetime NOT NULL,
  `modified` datetime NOT NULL,
  PRIMARY KEY (`id`),
  KEY `status_id` (`status_id`),
  KEY `foreign_key` (`foreign_key`),
  CONSTRAINT `object_status_object_statuses_ibfk_1` FOREIGN KEY (`status_id`) REFERENCES `object_status_statuses` (`id`) ON DELETE CASCADE ON UPDATE CASCADE
) ENGINE=InnoDB DEFAULT CHARSET=utf8mb4 COLLATE=utf8mb4_unicode_ci;
/*!40101 SET character_set_client = @saved_cs_client */;

--
-- Dumping data for table `object_status_object_statuses`
--

LOCK TABLES `object_status_object_statuses` WRITE;
/*!40000 ALTER TABLE `object_status_object_statuses` DISABLE KEYS */;
/*!40000 ALTER TABLE `object_status_object_statuses` ENABLE KEYS */;
UNLOCK TABLES;

--
-- Table structure for table `object_status_statuses`
--

DROP TABLE IF EXISTS `object_status_statuses`;
/*!40101 SET @saved_cs_client     = @@character_set_client */;
/*!50503 SET character_set_client = utf8mb4 */;
CREATE TABLE `object_status_statuses` (
  `id` int NOT NULL AUTO_INCREMENT,
  `model` varchar(50) COLLATE utf8mb4_unicode_ci NOT NULL DEFAULT '',
  `name` varchar(50) COLLATE utf8mb4_unicode_ci NOT NULL DEFAULT '',
  PRIMARY KEY (`id`)
) ENGINE=InnoDB DEFAULT CHARSET=utf8mb4 COLLATE=utf8mb4_unicode_ci;
/*!40101 SET character_set_client = @saved_cs_client */;

--
-- Dumping data for table `object_status_statuses`
--

LOCK TABLES `object_status_statuses` WRITE;
/*!40000 ALTER TABLE `object_status_statuses` DISABLE KEYS */;
/*!40000 ALTER TABLE `object_status_statuses` ENABLE KEYS */;
UNLOCK TABLES;

--
-- Table structure for table `phinxlog`
--

DROP TABLE IF EXISTS `phinxlog`;
/*!40101 SET @saved_cs_client     = @@character_set_client */;
/*!50503 SET character_set_client = utf8mb4 */;
CREATE TABLE `phinxlog` (
  `version` bigint NOT NULL,
  `migration_name` varchar(100) DEFAULT NULL,
  `start_time` timestamp NULL DEFAULT NULL,
  `end_time` timestamp NULL DEFAULT NULL,
  `breakpoint` tinyint(1) NOT NULL DEFAULT '0',
  PRIMARY KEY (`version`)
) ENGINE=InnoDB DEFAULT CHARSET=utf8mb3;
/*!40101 SET character_set_client = @saved_cs_client */;

--
-- Dumping data for table `phinxlog`
--

LOCK TABLES `phinxlog` WRITE;
/*!40000 ALTER TABLE `phinxlog` DISABLE KEYS */;
INSERT INTO `phinxlog` VALUES (20170222204044,'Initial','2023-01-17 19:25:49','2023-01-17 19:26:04',0),(20220401122247,'DiagnosticIncidentsFileAppColumnMigration','2023-01-17 19:26:04','2023-01-17 19:26:04',0),(20220405150015,'LicenseChecksMigration','2023-01-17 19:26:04','2023-01-17 19:26:04',0),(20220512090106,'FormOrganizationMigration','2023-01-17 19:26:04','2023-01-17 19:26:04',0),(20220603093254,'Utf8Mb4MigrationPart1','2023-01-17 19:25:49','2023-01-17 19:25:49',0),(20220603095548,'Utf8Mb4MigrationPart2','2023-01-17 19:25:49','2023-01-17 19:25:49',0),(20220706095554,'ReportBlockSettingsReportIdColumnRemovedMigration','2023-01-17 19:26:04','2023-01-17 19:26:05',0),(20220721185653,'RemoveOldAppNotificationsMigration','2023-01-17 19:26:05','2023-01-17 19:26:05',0),(20220721185933,'NewAppNotificationsMigration','2023-01-17 19:26:05','2023-01-17 19:26:05',0),(20220921113150,'BackupsUpdateMigration','2023-01-17 19:26:05','2023-01-17 19:26:05',0),(20221104131632,'IntegrityCheckFindingsMigration','2023-01-17 19:26:05','2023-01-17 19:26:05',0),(20221122085559,'LoginAttemptsMigration','2023-01-17 19:26:05','2023-01-17 19:26:05',0),(20221122115743,'UserBansRemovedMigration','2023-01-17 19:26:05','2023-01-17 19:26:05',0),(20221220122219,'AccountReviewFeedsApi','2023-01-17 19:26:05','2023-01-17 19:26:05',0);
/*!40000 ALTER TABLE `phinxlog` ENABLE KEYS */;
UNLOCK TABLES;

--
-- Table structure for table `policy_exception_classifications`
--

DROP TABLE IF EXISTS `policy_exception_classifications`;
/*!40101 SET @saved_cs_client     = @@character_set_client */;
/*!50503 SET character_set_client = utf8mb4 */;
CREATE TABLE `policy_exception_classifications` (
  `id` int NOT NULL AUTO_INCREMENT,
  `policy_exception_id` int NOT NULL,
  `name` varchar(255) COLLATE utf8mb4_unicode_ci NOT NULL DEFAULT '',
  `created` datetime NOT NULL,
  PRIMARY KEY (`id`),
  KEY `policy_exception_id` (`policy_exception_id`),
  CONSTRAINT `policy_exception_classifications_ibfk_1` FOREIGN KEY (`policy_exception_id`) REFERENCES `policy_exceptions` (`id`) ON DELETE CASCADE ON UPDATE CASCADE
) ENGINE=InnoDB DEFAULT CHARSET=utf8mb4 COLLATE=utf8mb4_unicode_ci;
/*!40101 SET character_set_client = @saved_cs_client */;

--
-- Dumping data for table `policy_exception_classifications`
--

LOCK TABLES `policy_exception_classifications` WRITE;
/*!40000 ALTER TABLE `policy_exception_classifications` DISABLE KEYS */;
/*!40000 ALTER TABLE `policy_exception_classifications` ENABLE KEYS */;
UNLOCK TABLES;

--
-- Table structure for table `policy_exceptions`
--

DROP TABLE IF EXISTS `policy_exceptions`;
/*!40101 SET @saved_cs_client     = @@character_set_client */;
/*!50503 SET character_set_client = utf8mb4 */;
CREATE TABLE `policy_exceptions` (
  `id` int NOT NULL AUTO_INCREMENT,
  `title` varchar(255) COLLATE utf8mb4_unicode_ci NOT NULL DEFAULT '',
  `description` text COLLATE utf8mb4_unicode_ci NOT NULL,
  `expiration` date NOT NULL,
  `expired` int NOT NULL DEFAULT '0',
  `closure_date_toggle` tinyint(1) NOT NULL DEFAULT '1',
  `closure_date` date DEFAULT NULL,
  `status` int NOT NULL COMMENT '0-closed, 1-open',
  `workflow_owner_id` int DEFAULT NULL,
  `workflow_status` int NOT NULL DEFAULT '0',
  `created` datetime NOT NULL,
  `modified` datetime NOT NULL,
  `edited` datetime DEFAULT NULL,
  `deleted` int NOT NULL DEFAULT '0',
  `deleted_date` datetime DEFAULT NULL,
  PRIMARY KEY (`id`)
) ENGINE=InnoDB DEFAULT CHARSET=utf8mb4 COLLATE=utf8mb4_unicode_ci;
/*!40101 SET character_set_client = @saved_cs_client */;

--
-- Dumping data for table `policy_exceptions`
--

LOCK TABLES `policy_exceptions` WRITE;
/*!40000 ALTER TABLE `policy_exceptions` DISABLE KEYS */;
/*!40000 ALTER TABLE `policy_exceptions` ENABLE KEYS */;
UNLOCK TABLES;

--
-- Table structure for table `policy_exceptions_security_policies`
--

DROP TABLE IF EXISTS `policy_exceptions_security_policies`;
/*!40101 SET @saved_cs_client     = @@character_set_client */;
/*!50503 SET character_set_client = utf8mb4 */;
CREATE TABLE `policy_exceptions_security_policies` (
  `id` int NOT NULL AUTO_INCREMENT,
  `policy_exception_id` int NOT NULL,
  `security_policy_id` int NOT NULL,
  PRIMARY KEY (`id`),
  KEY `security_policy_id` (`security_policy_id`),
  KEY `policy_exception_id` (`policy_exception_id`),
  CONSTRAINT `policy_exceptions_security_policies_ibfk_1` FOREIGN KEY (`security_policy_id`) REFERENCES `security_policies` (`id`) ON DELETE CASCADE ON UPDATE CASCADE,
  CONSTRAINT `policy_exceptions_security_policies_ibfk_2` FOREIGN KEY (`policy_exception_id`) REFERENCES `policy_exceptions` (`id`) ON DELETE CASCADE ON UPDATE CASCADE
) ENGINE=InnoDB DEFAULT CHARSET=utf8mb4 COLLATE=utf8mb4_unicode_ci;
/*!40101 SET character_set_client = @saved_cs_client */;

--
-- Dumping data for table `policy_exceptions_security_policies`
--

LOCK TABLES `policy_exceptions_security_policies` WRITE;
/*!40000 ALTER TABLE `policy_exceptions_security_policies` DISABLE KEYS */;
/*!40000 ALTER TABLE `policy_exceptions_security_policies` ENABLE KEYS */;
UNLOCK TABLES;

--
-- Table structure for table `policy_exceptions_third_parties`
--

DROP TABLE IF EXISTS `policy_exceptions_third_parties`;
/*!40101 SET @saved_cs_client     = @@character_set_client */;
/*!50503 SET character_set_client = utf8mb4 */;
CREATE TABLE `policy_exceptions_third_parties` (
  `id` int NOT NULL AUTO_INCREMENT,
  `policy_exception_id` int NOT NULL,
  `third_party_id` int NOT NULL,
  PRIMARY KEY (`id`),
  KEY `third_party_id` (`third_party_id`),
  KEY `policy_exception_id` (`policy_exception_id`),
  CONSTRAINT `policy_exceptions_third_parties_ibfk_1` FOREIGN KEY (`third_party_id`) REFERENCES `third_parties` (`id`) ON DELETE CASCADE ON UPDATE CASCADE,
  CONSTRAINT `policy_exceptions_third_parties_ibfk_2` FOREIGN KEY (`policy_exception_id`) REFERENCES `policy_exceptions` (`id`) ON DELETE CASCADE ON UPDATE CASCADE
) ENGINE=InnoDB DEFAULT CHARSET=utf8mb4 COLLATE=utf8mb4_unicode_ci;
/*!40101 SET character_set_client = @saved_cs_client */;

--
-- Dumping data for table `policy_exceptions_third_parties`
--

LOCK TABLES `policy_exceptions_third_parties` WRITE;
/*!40000 ALTER TABLE `policy_exceptions_third_parties` DISABLE KEYS */;
/*!40000 ALTER TABLE `policy_exceptions_third_parties` ENABLE KEYS */;
UNLOCK TABLES;

--
-- Table structure for table `policy_users`
--

DROP TABLE IF EXISTS `policy_users`;
/*!40101 SET @saved_cs_client     = @@character_set_client */;
/*!50503 SET character_set_client = utf8mb4 */;
CREATE TABLE `policy_users` (
  `id` int NOT NULL AUTO_INCREMENT,
  `login` varchar(45) COLLATE utf8mb4_unicode_ci NOT NULL,
  `created` datetime NOT NULL,
  PRIMARY KEY (`id`)
) ENGINE=InnoDB DEFAULT CHARSET=utf8mb4 COLLATE=utf8mb4_unicode_ci;
/*!40101 SET character_set_client = @saved_cs_client */;

--
-- Dumping data for table `policy_users`
--

LOCK TABLES `policy_users` WRITE;
/*!40000 ALTER TABLE `policy_users` DISABLE KEYS */;
/*!40000 ALTER TABLE `policy_users` ENABLE KEYS */;
UNLOCK TABLES;

--
-- Table structure for table `portals`
--

DROP TABLE IF EXISTS `portals`;
/*!40101 SET @saved_cs_client     = @@character_set_client */;
/*!50503 SET character_set_client = utf8mb4 */;
CREATE TABLE `portals` (
  `id` int NOT NULL AUTO_INCREMENT,
  `name` varchar(255) COLLATE utf8mb4_unicode_ci NOT NULL,
  PRIMARY KEY (`id`)
) ENGINE=InnoDB AUTO_INCREMENT=6 DEFAULT CHARSET=utf8mb4 COLLATE=utf8mb4_unicode_ci;
/*!40101 SET character_set_client = @saved_cs_client */;

--
-- Dumping data for table `portals`
--

LOCK TABLES `portals` WRITE;
/*!40000 ALTER TABLE `portals` DISABLE KEYS */;
INSERT INTO `portals` VALUES (1,'main'),(2,'vendor_assessments'),(3,'account_reviews'),(4,'awareness'),(5,'policy');
/*!40000 ALTER TABLE `portals` ENABLE KEYS */;
UNLOCK TABLES;

--
-- Table structure for table `processes`
--

DROP TABLE IF EXISTS `processes`;
/*!40101 SET @saved_cs_client     = @@character_set_client */;
/*!50503 SET character_set_client = utf8mb4 */;
CREATE TABLE `processes` (
  `id` int NOT NULL AUTO_INCREMENT,
  `business_unit_id` int NOT NULL,
  `name` varchar(255) COLLATE utf8mb4_unicode_ci NOT NULL DEFAULT '',
  `description` text COLLATE utf8mb4_unicode_ci NOT NULL,
  `rto` int DEFAULT NULL,
  `rpo` int DEFAULT NULL,
  `rpd` int DEFAULT NULL,
  `workflow_status` int NOT NULL DEFAULT '0',
  `workflow_owner_id` int DEFAULT NULL,
  `created` datetime NOT NULL,
  `modified` datetime NOT NULL,
  `edited` datetime DEFAULT NULL,
  `deleted` int NOT NULL DEFAULT '0',
  `deleted_date` datetime DEFAULT NULL,
  PRIMARY KEY (`id`),
  KEY `business_unit_id` (`business_unit_id`),
  FULLTEXT KEY `name` (`name`),
  CONSTRAINT `processes_ibfk_1` FOREIGN KEY (`business_unit_id`) REFERENCES `business_units` (`id`) ON DELETE CASCADE ON UPDATE CASCADE
) ENGINE=InnoDB DEFAULT CHARSET=utf8mb4 COLLATE=utf8mb4_unicode_ci;
/*!40101 SET character_set_client = @saved_cs_client */;

--
-- Dumping data for table `processes`
--

LOCK TABLES `processes` WRITE;
/*!40000 ALTER TABLE `processes` DISABLE KEYS */;
/*!40000 ALTER TABLE `processes` ENABLE KEYS */;
UNLOCK TABLES;

--
-- Table structure for table `program_issue_types`
--

DROP TABLE IF EXISTS `program_issue_types`;
/*!40101 SET @saved_cs_client     = @@character_set_client */;
/*!50503 SET character_set_client = utf8mb4 */;
CREATE TABLE `program_issue_types` (
  `id` int NOT NULL AUTO_INCREMENT,
  `program_issue_id` int NOT NULL,
  `type` int NOT NULL,
  `created` datetime NOT NULL,
  PRIMARY KEY (`id`),
  KEY `program_issue_id` (`program_issue_id`),
  CONSTRAINT `program_issue_types_ibfk_1` FOREIGN KEY (`program_issue_id`) REFERENCES `program_issues` (`id`) ON DELETE CASCADE ON UPDATE CASCADE
) ENGINE=InnoDB DEFAULT CHARSET=utf8mb4 COLLATE=utf8mb4_unicode_ci;
/*!40101 SET character_set_client = @saved_cs_client */;

--
-- Dumping data for table `program_issue_types`
--

LOCK TABLES `program_issue_types` WRITE;
/*!40000 ALTER TABLE `program_issue_types` DISABLE KEYS */;
/*!40000 ALTER TABLE `program_issue_types` ENABLE KEYS */;
UNLOCK TABLES;

--
-- Table structure for table `program_issues`
--

DROP TABLE IF EXISTS `program_issues`;
/*!40101 SET @saved_cs_client     = @@character_set_client */;
/*!50503 SET character_set_client = utf8mb4 */;
CREATE TABLE `program_issues` (
  `id` int NOT NULL AUTO_INCREMENT,
  `name` varchar(255) COLLATE utf8mb4_unicode_ci NOT NULL DEFAULT '',
  `issue_source` varchar(255) COLLATE utf8mb4_unicode_ci NOT NULL,
  `description` text COLLATE utf8mb4_unicode_ci NOT NULL,
  `status` varchar(255) COLLATE utf8mb4_unicode_ci NOT NULL,
  `workflow_owner_id` int DEFAULT NULL,
  `workflow_status` int NOT NULL DEFAULT '0',
  `created` datetime NOT NULL,
  `modified` datetime NOT NULL,
  `edited` datetime DEFAULT NULL,
  `deleted` int NOT NULL DEFAULT '0',
  `deleted_date` datetime DEFAULT NULL,
  PRIMARY KEY (`id`)
) ENGINE=InnoDB DEFAULT CHARSET=utf8mb4 COLLATE=utf8mb4_unicode_ci;
/*!40101 SET character_set_client = @saved_cs_client */;

--
-- Dumping data for table `program_issues`
--

LOCK TABLES `program_issues` WRITE;
/*!40000 ALTER TABLE `program_issues` DISABLE KEYS */;
/*!40000 ALTER TABLE `program_issues` ENABLE KEYS */;
UNLOCK TABLES;

--
-- Table structure for table `program_scopes`
--

DROP TABLE IF EXISTS `program_scopes`;
/*!40101 SET @saved_cs_client     = @@character_set_client */;
/*!50503 SET character_set_client = utf8mb4 */;
CREATE TABLE `program_scopes` (
  `id` int NOT NULL AUTO_INCREMENT,
  `version` varchar(255) COLLATE utf8mb4_unicode_ci NOT NULL DEFAULT '',
  `description` text COLLATE utf8mb4_unicode_ci NOT NULL,
  `status` varchar(255) COLLATE utf8mb4_unicode_ci NOT NULL,
  `workflow_owner_id` int DEFAULT NULL,
  `workflow_status` int NOT NULL DEFAULT '0',
  `created` datetime NOT NULL,
  `modified` datetime NOT NULL,
  `edited` datetime DEFAULT NULL,
  `deleted` int NOT NULL DEFAULT '0',
  `deleted_date` datetime DEFAULT NULL,
  PRIMARY KEY (`id`)
) ENGINE=InnoDB DEFAULT CHARSET=utf8mb4 COLLATE=utf8mb4_unicode_ci;
/*!40101 SET character_set_client = @saved_cs_client */;

--
-- Dumping data for table `program_scopes`
--

LOCK TABLES `program_scopes` WRITE;
/*!40000 ALTER TABLE `program_scopes` DISABLE KEYS */;
/*!40000 ALTER TABLE `program_scopes` ENABLE KEYS */;
UNLOCK TABLES;

--
-- Table structure for table `project_achievements`
--

DROP TABLE IF EXISTS `project_achievements`;
/*!40101 SET @saved_cs_client     = @@character_set_client */;
/*!50503 SET character_set_client = utf8mb4 */;
CREATE TABLE `project_achievements` (
  `id` int NOT NULL AUTO_INCREMENT,
  `description` text COLLATE utf8mb4_unicode_ci NOT NULL,
  `date` date NOT NULL,
  `expired` int NOT NULL DEFAULT '0',
  `completion` int NOT NULL,
  `project_id` int NOT NULL,
  `task_order` int NOT NULL DEFAULT '1',
  `workflow_owner_id` int DEFAULT NULL,
  `workflow_status` int NOT NULL DEFAULT '0',
  `created` datetime NOT NULL,
  `modified` datetime NOT NULL,
  `edited` datetime DEFAULT NULL,
  `deleted` int NOT NULL DEFAULT '0',
  `deleted_date` datetime DEFAULT NULL,
  PRIMARY KEY (`id`),
  KEY `project_id` (`project_id`),
  CONSTRAINT `project_achievements_ibfk_1` FOREIGN KEY (`project_id`) REFERENCES `projects` (`id`) ON DELETE CASCADE ON UPDATE CASCADE
) ENGINE=InnoDB DEFAULT CHARSET=utf8mb4 COLLATE=utf8mb4_unicode_ci;
/*!40101 SET character_set_client = @saved_cs_client */;

--
-- Dumping data for table `project_achievements`
--

LOCK TABLES `project_achievements` WRITE;
/*!40000 ALTER TABLE `project_achievements` DISABLE KEYS */;
/*!40000 ALTER TABLE `project_achievements` ENABLE KEYS */;
UNLOCK TABLES;

--
-- Table structure for table `project_expenses`
--

DROP TABLE IF EXISTS `project_expenses`;
/*!40101 SET @saved_cs_client     = @@character_set_client */;
/*!50503 SET character_set_client = utf8mb4 */;
CREATE TABLE `project_expenses` (
  `id` int NOT NULL AUTO_INCREMENT,
  `amount` float NOT NULL,
  `description` text COLLATE utf8mb4_unicode_ci NOT NULL,
  `date` date NOT NULL,
  `project_id` int NOT NULL,
  `workflow_owner_id` int DEFAULT NULL,
  `workflow_status` int NOT NULL DEFAULT '0',
  `created` datetime NOT NULL,
  `modified` datetime NOT NULL,
  `edited` datetime DEFAULT NULL,
  `deleted` int NOT NULL DEFAULT '0',
  `deleted_date` datetime DEFAULT NULL,
  PRIMARY KEY (`id`),
  KEY `project_id` (`project_id`),
  CONSTRAINT `project_expenses_ibfk_1` FOREIGN KEY (`project_id`) REFERENCES `projects` (`id`) ON DELETE CASCADE ON UPDATE CASCADE
) ENGINE=InnoDB DEFAULT CHARSET=utf8mb4 COLLATE=utf8mb4_unicode_ci;
/*!40101 SET character_set_client = @saved_cs_client */;

--
-- Dumping data for table `project_expenses`
--

LOCK TABLES `project_expenses` WRITE;
/*!40000 ALTER TABLE `project_expenses` DISABLE KEYS */;
/*!40000 ALTER TABLE `project_expenses` ENABLE KEYS */;
UNLOCK TABLES;

--
-- Table structure for table `project_overtime_graphs`
--

DROP TABLE IF EXISTS `project_overtime_graphs`;
/*!40101 SET @saved_cs_client     = @@character_set_client */;
/*!50503 SET character_set_client = utf8mb4 */;
CREATE TABLE `project_overtime_graphs` (
  `id` int NOT NULL AUTO_INCREMENT,
  `project_id` int NOT NULL,
  `current_budget` int NOT NULL,
  `budget` int NOT NULL,
  `timestamp` varchar(45) COLLATE utf8mb4_unicode_ci NOT NULL,
  `created` datetime NOT NULL,
  PRIMARY KEY (`id`),
  KEY `project_id` (`project_id`),
  CONSTRAINT `project_overtime_graphs_ibfk_1` FOREIGN KEY (`project_id`) REFERENCES `projects` (`id`) ON DELETE CASCADE ON UPDATE CASCADE
) ENGINE=InnoDB DEFAULT CHARSET=utf8mb4 COLLATE=utf8mb4_unicode_ci;
/*!40101 SET character_set_client = @saved_cs_client */;

--
-- Dumping data for table `project_overtime_graphs`
--

LOCK TABLES `project_overtime_graphs` WRITE;
/*!40000 ALTER TABLE `project_overtime_graphs` DISABLE KEYS */;
/*!40000 ALTER TABLE `project_overtime_graphs` ENABLE KEYS */;
UNLOCK TABLES;

--
-- Table structure for table `project_statuses`
--

DROP TABLE IF EXISTS `project_statuses`;
/*!40101 SET @saved_cs_client     = @@character_set_client */;
/*!50503 SET character_set_client = utf8mb4 */;
CREATE TABLE `project_statuses` (
  `id` int NOT NULL AUTO_INCREMENT,
  `name` varchar(255) COLLATE utf8mb4_unicode_ci NOT NULL DEFAULT '',
  PRIMARY KEY (`id`)
) ENGINE=InnoDB AUTO_INCREMENT=4 DEFAULT CHARSET=utf8mb4 COLLATE=utf8mb4_unicode_ci;
/*!40101 SET character_set_client = @saved_cs_client */;

--
-- Dumping data for table `project_statuses`
--

LOCK TABLES `project_statuses` WRITE;
/*!40000 ALTER TABLE `project_statuses` DISABLE KEYS */;
INSERT INTO `project_statuses` VALUES (1,'Planned'),(2,'Ongoing'),(3,'Completed');
/*!40000 ALTER TABLE `project_statuses` ENABLE KEYS */;
UNLOCK TABLES;

--
-- Table structure for table `projects`
--

DROP TABLE IF EXISTS `projects`;
/*!40101 SET @saved_cs_client     = @@character_set_client */;
/*!50503 SET character_set_client = utf8mb4 */;
CREATE TABLE `projects` (
  `id` int NOT NULL AUTO_INCREMENT,
  `title` varchar(255) COLLATE utf8mb4_unicode_ci NOT NULL DEFAULT '',
  `goal` text COLLATE utf8mb4_unicode_ci NOT NULL,
  `start` date NOT NULL,
  `deadline` date NOT NULL,
  `plan_budget` int DEFAULT NULL,
  `project_status_id` int DEFAULT NULL,
  `over_budget` int NOT NULL DEFAULT '0',
  `expired_tasks` int NOT NULL DEFAULT '0',
  `expired` int NOT NULL DEFAULT '0',
  `workflow_owner_id` int DEFAULT NULL,
  `workflow_status` int NOT NULL DEFAULT '0',
  `created` datetime NOT NULL,
  `modified` datetime NOT NULL,
  `edited` datetime DEFAULT NULL,
  `deleted` int NOT NULL DEFAULT '0',
  `deleted_date` datetime DEFAULT NULL,
  PRIMARY KEY (`id`),
  KEY `project_status_id` (`project_status_id`),
  FULLTEXT KEY `title` (`title`),
  CONSTRAINT `projects_ibfk_1` FOREIGN KEY (`project_status_id`) REFERENCES `project_statuses` (`id`) ON DELETE SET NULL ON UPDATE CASCADE
) ENGINE=InnoDB DEFAULT CHARSET=utf8mb4 COLLATE=utf8mb4_unicode_ci;
/*!40101 SET character_set_client = @saved_cs_client */;

--
-- Dumping data for table `projects`
--

LOCK TABLES `projects` WRITE;
/*!40000 ALTER TABLE `projects` DISABLE KEYS */;
/*!40000 ALTER TABLE `projects` ENABLE KEYS */;
UNLOCK TABLES;

--
-- Table structure for table `projects_risks`
--

DROP TABLE IF EXISTS `projects_risks`;
/*!40101 SET @saved_cs_client     = @@character_set_client */;
/*!50503 SET character_set_client = utf8mb4 */;
CREATE TABLE `projects_risks` (
  `id` int NOT NULL AUTO_INCREMENT,
  `project_id` int DEFAULT NULL,
  `risk_id` int DEFAULT NULL,
  `created` datetime NOT NULL,
  PRIMARY KEY (`id`),
  KEY `risk_id` (`risk_id`),
  KEY `project_id` (`project_id`),
  CONSTRAINT `projects_risks_ibfk_1` FOREIGN KEY (`risk_id`) REFERENCES `risks` (`id`) ON DELETE CASCADE ON UPDATE CASCADE,
  CONSTRAINT `projects_risks_ibfk_2` FOREIGN KEY (`project_id`) REFERENCES `projects` (`id`) ON DELETE CASCADE ON UPDATE CASCADE
) ENGINE=InnoDB DEFAULT CHARSET=utf8mb4 COLLATE=utf8mb4_unicode_ci;
/*!40101 SET character_set_client = @saved_cs_client */;

--
-- Dumping data for table `projects_risks`
--

LOCK TABLES `projects_risks` WRITE;
/*!40000 ALTER TABLE `projects_risks` DISABLE KEYS */;
/*!40000 ALTER TABLE `projects_risks` ENABLE KEYS */;
UNLOCK TABLES;

--
-- Table structure for table `projects_security_policies`
--

DROP TABLE IF EXISTS `projects_security_policies`;
/*!40101 SET @saved_cs_client     = @@character_set_client */;
/*!50503 SET character_set_client = utf8mb4 */;
CREATE TABLE `projects_security_policies` (
  `id` int NOT NULL AUTO_INCREMENT,
  `project_id` int DEFAULT NULL,
  `security_policy_id` int DEFAULT NULL,
  `created` datetime NOT NULL,
  PRIMARY KEY (`id`),
  KEY `security_policy_id` (`security_policy_id`),
  KEY `project_id` (`project_id`),
  CONSTRAINT `projects_security_policies_ibfk_1` FOREIGN KEY (`security_policy_id`) REFERENCES `security_policies` (`id`) ON DELETE CASCADE ON UPDATE CASCADE,
  CONSTRAINT `projects_security_policies_ibfk_2` FOREIGN KEY (`project_id`) REFERENCES `projects` (`id`) ON DELETE CASCADE ON UPDATE CASCADE
) ENGINE=InnoDB DEFAULT CHARSET=utf8mb4 COLLATE=utf8mb4_unicode_ci;
/*!40101 SET character_set_client = @saved_cs_client */;

--
-- Dumping data for table `projects_security_policies`
--

LOCK TABLES `projects_security_policies` WRITE;
/*!40000 ALTER TABLE `projects_security_policies` DISABLE KEYS */;
/*!40000 ALTER TABLE `projects_security_policies` ENABLE KEYS */;
UNLOCK TABLES;

--
-- Table structure for table `projects_security_service_audit_improvements`
--

DROP TABLE IF EXISTS `projects_security_service_audit_improvements`;
/*!40101 SET @saved_cs_client     = @@character_set_client */;
/*!50503 SET character_set_client = utf8mb4 */;
CREATE TABLE `projects_security_service_audit_improvements` (
  `id` int NOT NULL AUTO_INCREMENT,
  `project_id` int NOT NULL,
  `security_service_audit_improvement_id` int NOT NULL,
  `created` datetime NOT NULL,
  PRIMARY KEY (`id`),
  KEY `security_service_audit_improvement_id` (`security_service_audit_improvement_id`),
  KEY `project_id` (`project_id`),
  CONSTRAINT `projects_security_service_audit_improvements_ibfk_1` FOREIGN KEY (`security_service_audit_improvement_id`) REFERENCES `security_service_audit_improvements` (`id`) ON DELETE CASCADE ON UPDATE CASCADE,
  CONSTRAINT `projects_security_service_audit_improvements_ibfk_2` FOREIGN KEY (`project_id`) REFERENCES `projects` (`id`) ON DELETE CASCADE ON UPDATE CASCADE
) ENGINE=InnoDB DEFAULT CHARSET=utf8mb4 COLLATE=utf8mb4_unicode_ci;
/*!40101 SET character_set_client = @saved_cs_client */;

--
-- Dumping data for table `projects_security_service_audit_improvements`
--

LOCK TABLES `projects_security_service_audit_improvements` WRITE;
/*!40000 ALTER TABLE `projects_security_service_audit_improvements` DISABLE KEYS */;
/*!40000 ALTER TABLE `projects_security_service_audit_improvements` ENABLE KEYS */;
UNLOCK TABLES;

--
-- Table structure for table `projects_security_services`
--

DROP TABLE IF EXISTS `projects_security_services`;
/*!40101 SET @saved_cs_client     = @@character_set_client */;
/*!50503 SET character_set_client = utf8mb4 */;
CREATE TABLE `projects_security_services` (
  `id` int NOT NULL AUTO_INCREMENT,
  `project_id` int DEFAULT NULL,
  `security_service_id` int DEFAULT NULL,
  `created` datetime NOT NULL,
  PRIMARY KEY (`id`),
  KEY `security_service_id` (`security_service_id`),
  KEY `project_id` (`project_id`),
  CONSTRAINT `projects_security_services_ibfk_1` FOREIGN KEY (`security_service_id`) REFERENCES `security_services` (`id`) ON DELETE CASCADE ON UPDATE CASCADE,
  CONSTRAINT `projects_security_services_ibfk_2` FOREIGN KEY (`project_id`) REFERENCES `projects` (`id`) ON DELETE CASCADE ON UPDATE CASCADE
) ENGINE=InnoDB DEFAULT CHARSET=utf8mb4 COLLATE=utf8mb4_unicode_ci;
/*!40101 SET character_set_client = @saved_cs_client */;

--
-- Dumping data for table `projects_security_services`
--

LOCK TABLES `projects_security_services` WRITE;
/*!40000 ALTER TABLE `projects_security_services` DISABLE KEYS */;
/*!40000 ALTER TABLE `projects_security_services` ENABLE KEYS */;
UNLOCK TABLES;

--
-- Table structure for table `projects_third_party_risks`
--

DROP TABLE IF EXISTS `projects_third_party_risks`;
/*!40101 SET @saved_cs_client     = @@character_set_client */;
/*!50503 SET character_set_client = utf8mb4 */;
CREATE TABLE `projects_third_party_risks` (
  `id` int NOT NULL AUTO_INCREMENT,
  `project_id` int DEFAULT NULL,
  `third_party_risk_id` int DEFAULT NULL,
  `created` datetime NOT NULL,
  PRIMARY KEY (`id`),
  KEY `third_party_risk_id` (`third_party_risk_id`),
  KEY `project_id` (`project_id`),
  CONSTRAINT `projects_third_party_risks_ibfk_1` FOREIGN KEY (`third_party_risk_id`) REFERENCES `third_party_risks` (`id`) ON DELETE CASCADE ON UPDATE CASCADE,
  CONSTRAINT `projects_third_party_risks_ibfk_2` FOREIGN KEY (`project_id`) REFERENCES `projects` (`id`) ON DELETE CASCADE ON UPDATE CASCADE
) ENGINE=InnoDB DEFAULT CHARSET=utf8mb4 COLLATE=utf8mb4_unicode_ci;
/*!40101 SET character_set_client = @saved_cs_client */;

--
-- Dumping data for table `projects_third_party_risks`
--

LOCK TABLES `projects_third_party_risks` WRITE;
/*!40000 ALTER TABLE `projects_third_party_risks` DISABLE KEYS */;
/*!40000 ALTER TABLE `projects_third_party_risks` ENABLE KEYS */;
UNLOCK TABLES;

--
-- Table structure for table `purifier_tags`
--

DROP TABLE IF EXISTS `purifier_tags`;
/*!40101 SET @saved_cs_client     = @@character_set_client */;
/*!50503 SET character_set_client = utf8mb4 */;
CREATE TABLE `purifier_tags` (
  `id` int NOT NULL AUTO_INCREMENT,
  `name` varchar(255) COLLATE utf8mb4_unicode_ci NOT NULL,
  `attributes` text COLLATE utf8mb4_unicode_ci NOT NULL,
  `active` tinyint(1) NOT NULL,
  `created` datetime NOT NULL,
  `modified` datetime NOT NULL,
  PRIMARY KEY (`id`),
  UNIQUE KEY `name` (`name`)
) ENGINE=InnoDB AUTO_INCREMENT=33 DEFAULT CHARSET=utf8mb4 COLLATE=utf8mb4_unicode_ci;
/*!40101 SET character_set_client = @saved_cs_client */;

--
-- Dumping data for table `purifier_tags`
--

LOCK TABLES `purifier_tags` WRITE;
/*!40000 ALTER TABLE `purifier_tags` DISABLE KEYS */;
INSERT INTO `purifier_tags` VALUES (1,'a','href,target,title',1,'2022-03-23 19:17:02','2022-03-23 19:17:02'),(2,'em','',1,'2022-03-23 19:17:02','2022-03-23 19:17:02'),(3,'blockquote','',1,'2022-03-23 19:17:02','2022-03-23 19:17:02'),(4,'p','style',1,'2022-03-23 19:17:02','2022-03-23 19:17:02'),(5,'strong','',1,'2022-03-23 19:17:02','2022-03-23 19:17:02'),(6,'b','',1,'2022-03-23 19:17:02','2022-03-23 19:17:02'),(7,'i','',1,'2022-03-23 19:17:02','2022-03-23 19:17:02'),(8,'u','',1,'2022-03-23 19:17:02','2022-03-23 19:17:02'),(9,'pre','',1,'2022-03-23 19:17:02','2022-03-23 19:17:02'),(10,'code','',1,'2022-03-23 19:17:02','2022-03-23 19:17:02'),(11,'span','style',1,'2022-03-23 19:17:02','2022-03-23 19:17:02'),(12,'ul','',1,'2022-03-23 19:17:02','2022-03-23 19:17:02'),(13,'ol','',1,'2022-03-23 19:17:02','2022-03-23 19:17:02'),(14,'li','',1,'2022-03-23 19:17:02','2022-03-23 19:17:02'),(15,'img','src,alt,style',1,'2022-03-23 19:17:02','2022-03-23 19:17:02'),(16,'h1','',1,'2022-03-23 19:17:02','2022-03-23 19:17:02'),(17,'h2','',1,'2022-03-23 19:17:02','2022-03-23 19:17:02'),(18,'h3','',1,'2022-03-23 19:17:02','2022-03-23 19:17:02'),(19,'h4','',1,'2022-03-23 19:17:02','2022-03-23 19:17:02'),(20,'h5','',1,'2022-03-23 19:17:02','2022-03-23 19:17:02'),(21,'h6','',1,'2022-03-23 19:17:02','2022-03-23 19:17:02'),(22,'br','',1,'2022-03-23 19:17:02','2022-03-23 19:17:02'),(23,'table','style,class',1,'2022-03-23 19:17:02','2022-03-23 19:17:02'),(24,'tbody','',1,'2022-03-23 19:17:02','2022-03-23 19:17:02'),(25,'thead','',1,'2022-03-23 19:17:02','2022-03-23 19:17:02'),(26,'tr','',1,'2022-03-23 19:17:02','2022-03-23 19:17:02'),(27,'th','',1,'2022-03-23 19:17:02','2022-03-23 19:17:02'),(28,'td','',1,'2022-03-23 19:17:02','2022-03-23 19:17:02'),(29,'div','',1,'2022-03-23 19:17:02','2022-03-23 19:17:02'),(30,'sub','',1,'2022-03-23 19:17:02','2022-03-23 19:17:02'),(31,'sup','',1,'2022-03-23 19:17:02','2022-03-23 19:17:02'),(32,'hr','',1,'2022-03-23 19:17:02','2022-03-23 19:17:02');
/*!40000 ALTER TABLE `purifier_tags` ENABLE KEYS */;
UNLOCK TABLES;

--
-- Table structure for table `queue`
--

DROP TABLE IF EXISTS `queue`;
/*!40101 SET @saved_cs_client     = @@character_set_client */;
/*!50503 SET character_set_client = utf8mb4 */;
CREATE TABLE `queue` (
  `id` int NOT NULL AUTO_INCREMENT,
  `data` mediumtext COLLATE utf8mb4_unicode_ci,
  `queue_id` varchar(255) COLLATE utf8mb4_unicode_ci DEFAULT NULL,
  `model` varchar(128) COLLATE utf8mb4_unicode_ci DEFAULT NULL,
  `foreign_key` int DEFAULT NULL,
  `description` text COLLATE utf8mb4_unicode_ci,
  `status` int NOT NULL DEFAULT '0',
  `created` datetime NOT NULL,
  `modified` datetime NOT NULL,
  PRIMARY KEY (`id`)
) ENGINE=InnoDB DEFAULT CHARSET=utf8mb4 COLLATE=utf8mb4_unicode_ci;
/*!40101 SET character_set_client = @saved_cs_client */;

--
-- Dumping data for table `queue`
--

LOCK TABLES `queue` WRITE;
/*!40000 ALTER TABLE `queue` DISABLE KEYS */;
/*!40000 ALTER TABLE `queue` ENABLE KEYS */;
UNLOCK TABLES;

--
-- Table structure for table `queue_processes`
--

DROP TABLE IF EXISTS `queue_processes`;
/*!40101 SET @saved_cs_client     = @@character_set_client */;
/*!50503 SET character_set_client = utf8mb4 */;
CREATE TABLE `queue_processes` (
  `id` int NOT NULL AUTO_INCREMENT,
  `pid` varchar(40) COLLATE utf8mb4_unicode_ci NOT NULL,
  `created` datetime NOT NULL,
  `modified` datetime NOT NULL,
  `terminate` tinyint(1) NOT NULL DEFAULT '0',
  `server` varchar(90) COLLATE utf8mb4_unicode_ci DEFAULT NULL,
  `workerkey` varchar(45) COLLATE utf8mb4_unicode_ci NOT NULL,
  PRIMARY KEY (`id`),
  UNIQUE KEY `workerkey` (`workerkey`),
  UNIQUE KEY `pid` (`pid`,`server`)
) ENGINE=InnoDB DEFAULT CHARSET=utf8mb4 COLLATE=utf8mb4_unicode_ci;
/*!40101 SET character_set_client = @saved_cs_client */;

--
-- Dumping data for table `queue_processes`
--

LOCK TABLES `queue_processes` WRITE;
/*!40000 ALTER TABLE `queue_processes` DISABLE KEYS */;
/*!40000 ALTER TABLE `queue_processes` ENABLE KEYS */;
UNLOCK TABLES;

--
-- Table structure for table `queued_jobs`
--

DROP TABLE IF EXISTS `queued_jobs`;
/*!40101 SET @saved_cs_client     = @@character_set_client */;
/*!50503 SET character_set_client = utf8mb4 */;
CREATE TABLE `queued_jobs` (
  `id` int NOT NULL AUTO_INCREMENT,
  `job_task` varchar(90) COLLATE utf8mb4_unicode_ci NOT NULL,
  `data` text COLLATE utf8mb4_unicode_ci,
  `job_group` varchar(255) COLLATE utf8mb4_unicode_ci DEFAULT NULL,
  `reference` varchar(255) COLLATE utf8mb4_unicode_ci DEFAULT NULL,
  `created` datetime NOT NULL,
  `notbefore` datetime DEFAULT NULL,
  `fetched` datetime DEFAULT NULL,
  `completed` datetime DEFAULT NULL,
  `progress` float DEFAULT NULL,
  `failed` int NOT NULL DEFAULT '0',
  `failure_message` text COLLATE utf8mb4_unicode_ci,
  `workerkey` varchar(45) COLLATE utf8mb4_unicode_ci DEFAULT NULL,
  `status` varchar(255) COLLATE utf8mb4_unicode_ci DEFAULT NULL,
  `priority` int NOT NULL DEFAULT '5',
  PRIMARY KEY (`id`)
) ENGINE=InnoDB AUTO_INCREMENT=6 DEFAULT CHARSET=utf8mb4 COLLATE=utf8mb4_unicode_ci;
/*!40101 SET character_set_client = @saved_cs_client */;

--
-- Dumping data for table `queued_jobs`
--

LOCK TABLES `queued_jobs` WRITE;
/*!40000 ALTER TABLE `queued_jobs` DISABLE KEYS */;
INSERT INTO `queued_jobs` VALUES (1,'Queue.Execute','a:3:{s:7:\"command\";s:59:\"/usr/local/bin/php /var/www/eramba/app/upgrade/bin/cake.php\";s:6:\"params\";a:1:{i:0;s:16:\"post_process run\";}s:8:\"redirect\";b:0;}',NULL,NULL,'2023-01-18 10:47:46',NULL,NULL,NULL,NULL,0,NULL,NULL,NULL,1),(2,'Reports.Report','a:5:{s:12:\"notification\";b:0;s:21:\"notificationReference\";s:39:\"report_30eafd5ba459ac08efff99c9a45b8c8e\";s:4:\"user\";O:21:\"App\\Model\\Entity\\User\":11:{s:10:\"\0*\0_fields\";a:22:{s:2:\"id\";i:1;s:4:\"name\";s:5:\"Admin\";s:7:\"surname\";s:5:\"Admin\";s:5:\"email\";s:16:\"admin@eramba.org\";s:5:\"login\";s:5:\"admin\";s:8:\"password\";s:60:\"$2a$10$WhVO3Jj4nFhCj6bToUOztun/oceKY6rT2db2bu430dW5/lU0w9KJ.\";s:8:\"language\";s:3:\"eng\";s:6:\"status\";i:1;s:7:\"blocked\";i:0;s:13:\"local_account\";i:1;s:9:\"api_allow\";i:0;s:16:\"default_password\";i:0;s:13:\"account_ready\";i:1;s:9:\"ldap_sync\";i:0;s:23:\"ldap_synchronization_id\";N;s:7:\"created\";O:20:\"Cake\\I18n\\FrozenTime\":3:{s:4:\"date\";s:26:\"2023-01-17 19:26:05.000000\";s:13:\"timezone_type\";i:3;s:8:\"timezone\";s:3:\"UTC\";}s:8:\"modified\";O:20:\"Cake\\I18n\\FrozenTime\":3:{s:4:\"date\";s:26:\"2023-01-17 19:26:05.000000\";s:13:\"timezone_type\";i:3;s:8:\"timezone\";s:3:\"UTC\";}s:6:\"edited\";N;s:11:\"custom_user\";O:40:\"CustomRoles\\Model\\Entity\\CustomRolesUser\":10:{s:10:\"\0*\0_fields\";a:3:{s:2:\"id\";i:1;s:7:\"user_id\";i:1;s:7:\"created\";O:20:\"Cake\\I18n\\FrozenTime\":3:{s:4:\"date\";s:26:\"2019-05-21 12:35:44.000000\";s:13:\"timezone_type\";i:3;s:8:\"timezone\";s:3:\"UTC\";}}s:12:\"\0*\0_original\";a:0:{}s:10:\"\0*\0_hidden\";a:0:{}s:11:\"\0*\0_virtual\";a:0:{}s:9:\"\0*\0_dirty\";a:0:{}s:7:\"\0*\0_new\";b:0;s:10:\"\0*\0_errors\";a:0:{}s:11:\"\0*\0_invalid\";a:0:{}s:14:\"\0*\0_accessible\";a:2:{s:7:\"user_id\";b:1;s:7:\"created\";b:1;}s:17:\"\0*\0_registryAlias\";s:22:\"CustomRoles.CustomUser\";}s:7:\"portals\";a:3:{i:0;O:23:\"App\\Model\\Entity\\Portal\":10:{s:10:\"\0*\0_fields\";a:3:{s:2:\"id\";i:1;s:4:\"name\";s:4:\"main\";s:9:\"_joinData\";O:15:\"Cake\\ORM\\Entity\":10:{s:10:\"\0*\0_fields\";a:5:{s:2:\"id\";i:1;s:7:\"user_id\";i:1;s:9:\"portal_id\";i:1;s:7:\"created\";O:20:\"Cake\\I18n\\FrozenTime\":3:{s:4:\"date\";s:26:\"2019-05-21 12:35:33.000000\";s:13:\"timezone_type\";i:3;s:8:\"timezone\";s:3:\"UTC\";}s:8:\"modified\";O:20:\"Cake\\I18n\\FrozenTime\":3:{s:4:\"date\";s:26:\"2019-05-21 12:35:33.000000\";s:13:\"timezone_type\";i:3;s:8:\"timezone\";s:3:\"UTC\";}}s:12:\"\0*\0_original\";a:0:{}s:10:\"\0*\0_hidden\";a:0:{}s:11:\"\0*\0_virtual\";a:0:{}s:9:\"\0*\0_dirty\";a:0:{}s:7:\"\0*\0_new\";b:0;s:10:\"\0*\0_errors\";a:0:{}s:11:\"\0*\0_invalid\";a:0:{}s:14:\"\0*\0_accessible\";a:1:{s:1:\"*\";b:1;}s:17:\"\0*\0_registryAlias\";s:12:\"UsersPortals\";}}s:12:\"\0*\0_original\";a:0:{}s:10:\"\0*\0_hidden\";a:0:{}s:11:\"\0*\0_virtual\";a:0:{}s:9:\"\0*\0_dirty\";a:0:{}s:7:\"\0*\0_new\";b:0;s:10:\"\0*\0_errors\";a:0:{}s:11:\"\0*\0_invalid\";a:0:{}s:14:\"\0*\0_accessible\";a:2:{s:2:\"id\";b:0;s:4:\"name\";b:1;}s:17:\"\0*\0_registryAlias\";s:7:\"Portals\";}i:1;O:23:\"App\\Model\\Entity\\Portal\":10:{s:10:\"\0*\0_fields\";a:3:{s:2:\"id\";i:2;s:4:\"name\";s:18:\"vendor_assessments\";s:9:\"_joinData\";O:15:\"Cake\\ORM\\Entity\":10:{s:10:\"\0*\0_fields\";a:5:{s:2:\"id\";i:2;s:7:\"user_id\";i:1;s:9:\"portal_id\";i:2;s:7:\"created\";O:20:\"Cake\\I18n\\FrozenTime\":3:{s:4:\"date\";s:26:\"2022-01-01 12:34:56.000000\";s:13:\"timezone_type\";i:3;s:8:\"timezone\";s:3:\"UTC\";}s:8:\"modified\";O:20:\"Cake\\I18n\\FrozenTime\":3:{s:4:\"date\";s:26:\"2022-01-01 12:34:56.000000\";s:13:\"timezone_type\";i:3;s:8:\"timezone\";s:3:\"UTC\";}}s:12:\"\0*\0_original\";a:0:{}s:10:\"\0*\0_hidden\";a:0:{}s:11:\"\0*\0_virtual\";a:0:{}s:9:\"\0*\0_dirty\";a:0:{}s:7:\"\0*\0_new\";b:0;s:10:\"\0*\0_errors\";a:0:{}s:11:\"\0*\0_invalid\";a:0:{}s:14:\"\0*\0_accessible\";a:1:{s:1:\"*\";b:1;}s:17:\"\0*\0_registryAlias\";s:12:\"UsersPortals\";}}s:12:\"\0*\0_original\";a:0:{}s:10:\"\0*\0_hidden\";a:0:{}s:11:\"\0*\0_virtual\";a:0:{}s:9:\"\0*\0_dirty\";a:0:{}s:7:\"\0*\0_new\";b:0;s:10:\"\0*\0_errors\";a:0:{}s:11:\"\0*\0_invalid\";a:0:{}s:14:\"\0*\0_accessible\";a:2:{s:2:\"id\";b:0;s:4:\"name\";b:1;}s:17:\"\0*\0_registryAlias\";s:7:\"Portals\";}i:2;O:23:\"App\\Model\\Entity\\Portal\":10:{s:10:\"\0*\0_fields\";a:3:{s:2:\"id\";i:3;s:4:\"name\";s:15:\"account_reviews\";s:9:\"_joinData\";O:15:\"Cake\\ORM\\Entity\":10:{s:10:\"\0*\0_fields\";a:5:{s:2:\"id\";i:3;s:7:\"user_id\";i:1;s:9:\"portal_id\";i:3;s:7:\"created\";O:20:\"Cake\\I18n\\FrozenTime\":3:{s:4:\"date\";s:26:\"2022-01-01 12:34:56.000000\";s:13:\"timezone_type\";i:3;s:8:\"timezone\";s:3:\"UTC\";}s:8:\"modified\";O:20:\"Cake\\I18n\\FrozenTime\":3:{s:4:\"date\";s:26:\"2022-01-01 12:34:56.000000\";s:13:\"timezone_type\";i:3;s:8:\"timezone\";s:3:\"UTC\";}}s:12:\"\0*\0_original\";a:0:{}s:10:\"\0*\0_hidden\";a:0:{}s:11:\"\0*\0_virtual\";a:0:{}s:9:\"\0*\0_dirty\";a:0:{}s:7:\"\0*\0_new\";b:0;s:10:\"\0*\0_errors\";a:0:{}s:11:\"\0*\0_invalid\";a:0:{}s:14:\"\0*\0_accessible\";a:1:{s:1:\"*\";b:1;}s:17:\"\0*\0_registryAlias\";s:12:\"UsersPortals\";}}s:12:\"\0*\0_original\";a:0:{}s:10:\"\0*\0_hidden\";a:0:{}s:11:\"\0*\0_virtual\";a:0:{}s:9:\"\0*\0_dirty\";a:0:{}s:7:\"\0*\0_new\";b:0;s:10:\"\0*\0_errors\";a:0:{}s:11:\"\0*\0_invalid\";a:0:{}s:14:\"\0*\0_accessible\";a:2:{s:2:\"id\";b:0;s:4:\"name\";b:1;}s:17:\"\0*\0_registryAlias\";s:7:\"Portals\";}}s:6:\"groups\";a:1:{i:0;O:22:\"App\\Model\\Entity\\Group\":10:{s:10:\"\0*\0_fields\";a:10:{s:2:\"id\";i:10;s:4:\"name\";s:5:\"Admin\";s:11:\"description\";s:106:\"This is a system message, this group might not have updated ACLs please make sure you edit and review them\";s:6:\"status\";i:1;s:4:\"slug\";s:5:\"ADMIN\";s:7:\"created\";O:20:\"Cake\\I18n\\FrozenTime\":3:{s:4:\"date\";s:26:\"2013-10-14 16:18:08.000000\";s:13:\"timezone_type\";i:3;s:8:\"timezone\";s:3:\"UTC\";}s:8:\"modified\";O:20:\"Cake\\I18n\\FrozenTime\":3:{s:4:\"date\";s:26:\"2013-10-14 16:18:08.000000\";s:13:\"timezone_type\";i:3;s:8:\"timezone\";s:3:\"UTC\";}s:6:\"edited\";N;s:9:\"_joinData\";O:15:\"Cake\\ORM\\Entity\":10:{s:10:\"\0*\0_fields\";a:3:{s:2:\"id\";i:1;s:7:\"user_id\";i:1;s:8:\"group_id\";i:10;}s:12:\"\0*\0_original\";a:0:{}s:10:\"\0*\0_hidden\";a:0:{}s:11:\"\0*\0_virtual\";a:0:{}s:9:\"\0*\0_dirty\";a:0:{}s:7:\"\0*\0_new\";b:0;s:10:\"\0*\0_errors\";a:0:{}s:11:\"\0*\0_invalid\";a:0:{}s:14:\"\0*\0_accessible\";a:1:{s:1:\"*\";b:1;}s:17:\"\0*\0_registryAlias\";s:11:\"UsersGroups\";}s:12:\"custom_group\";O:41:\"CustomRoles\\Model\\Entity\\CustomRolesGroup\":10:{s:10:\"\0*\0_fields\";a:3:{s:2:\"id\";i:1;s:8:\"group_id\";i:10;s:7:\"created\";O:20:\"Cake\\I18n\\FrozenTime\":3:{s:4:\"date\";s:26:\"2019-05-21 12:35:44.000000\";s:13:\"timezone_type\";i:3;s:8:\"timezone\";s:3:\"UTC\";}}s:12:\"\0*\0_original\";a:0:{}s:10:\"\0*\0_hidden\";a:0:{}s:11:\"\0*\0_virtual\";a:0:{}s:9:\"\0*\0_dirty\";a:0:{}s:7:\"\0*\0_new\";b:0;s:10:\"\0*\0_errors\";a:0:{}s:11:\"\0*\0_invalid\";a:0:{}s:14:\"\0*\0_accessible\";a:2:{s:8:\"group_id\";b:1;s:7:\"created\";b:1;}s:17:\"\0*\0_registryAlias\";s:23:\"CustomRoles.CustomGroup\";}}s:12:\"\0*\0_original\";a:0:{}s:10:\"\0*\0_hidden\";a:0:{}s:11:\"\0*\0_virtual\";a:0:{}s:9:\"\0*\0_dirty\";a:0:{}s:7:\"\0*\0_new\";b:0;s:10:\"\0*\0_errors\";a:0:{}s:11:\"\0*\0_invalid\";a:0:{}s:14:\"\0*\0_accessible\";a:2:{s:1:\"*\";b:1;s:2:\"id\";b:0;}s:17:\"\0*\0_registryAlias\";s:6:\"Groups\";}}s:13:\"_matchingData\";a:2:{s:7:\"Portals\";O:23:\"App\\Model\\Entity\\Portal\":10:{s:10:\"\0*\0_fields\";a:2:{s:2:\"id\";i:1;s:4:\"name\";s:4:\"main\";}s:12:\"\0*\0_original\";a:0:{}s:10:\"\0*\0_hidden\";a:0:{}s:11:\"\0*\0_virtual\";a:0:{}s:9:\"\0*\0_dirty\";a:0:{}s:7:\"\0*\0_new\";b:0;s:10:\"\0*\0_errors\";a:0:{}s:11:\"\0*\0_invalid\";a:0:{}s:14:\"\0*\0_accessible\";a:2:{s:2:\"id\";b:0;s:4:\"name\";b:1;}s:17:\"\0*\0_registryAlias\";s:7:\"Portals\";}s:12:\"UsersPortals\";O:15:\"Cake\\ORM\\Entity\":10:{s:10:\"\0*\0_fields\";a:5:{s:2:\"id\";i:1;s:7:\"user_id\";i:1;s:9:\"portal_id\";i:1;s:7:\"created\";O:20:\"Cake\\I18n\\FrozenTime\":3:{s:4:\"date\";s:26:\"2019-05-21 12:35:33.000000\";s:13:\"timezone_type\";i:3;s:8:\"timezone\";s:3:\"UTC\";}s:8:\"modified\";O:20:\"Cake\\I18n\\FrozenTime\":3:{s:4:\"date\";s:26:\"2019-05-21 12:35:33.000000\";s:13:\"timezone_type\";i:3;s:8:\"timezone\";s:3:\"UTC\";}}s:12:\"\0*\0_original\";a:0:{}s:10:\"\0*\0_hidden\";a:0:{}s:11:\"\0*\0_virtual\";a:0:{}s:9:\"\0*\0_dirty\";a:0:{}s:7:\"\0*\0_new\";b:0;s:10:\"\0*\0_errors\";a:0:{}s:11:\"\0*\0_invalid\";a:0:{}s:14:\"\0*\0_accessible\";a:1:{s:1:\"*\";b:1;}s:17:\"\0*\0_registryAlias\";s:12:\"UsersPortals\";}}}s:12:\"\0*\0_original\";a:0:{}s:10:\"\0*\0_hidden\";a:1:{i:0;s:8:\"password\";}s:11:\"\0*\0_virtual\";a:0:{}s:9:\"\0*\0_dirty\";a:0:{}s:7:\"\0*\0_new\";b:0;s:10:\"\0*\0_errors\";a:0:{}s:11:\"\0*\0_invalid\";a:0:{}s:14:\"\0*\0_accessible\";a:2:{s:1:\"*\";b:1;s:2:\"id\";b:0;}s:17:\"\0*\0_registryAlias\";s:5:\"Users\";s:16:\"\0*\0authorization\";O:34:\"Authorization\\AuthorizationService\":2:{s:11:\"\0*\0resolver\";O:39:\"Authorization\\Policy\\ResolverCollection\":1:{s:12:\"\0*\0resolvers\";a:2:{i:0;O:32:\"Authorization\\Policy\\MapResolver\":1:{s:6:\"\0*\0map\";a:7:{s:35:\"Attachments\\Model\\Entity\\Attachment\";O:40:\"AccessControl\\Policy\\AccessControlPolicy\":1:{s:9:\"\0*\0portal\";i:1;}s:29:\"Comments\\Model\\Entity\\Comment\";O:40:\"AccessControl\\Policy\\AccessControlPolicy\":1:{s:9:\"\0*\0portal\";i:1;}s:26:\"App\\Model\\Table\\RisksTable\";O:22:\"App\\Policy\\RisksPolicy\":1:{s:9:\"\0*\0portal\";i:1;}s:36:\"App\\Model\\Table\\ThirdPartyRisksTable\";O:32:\"App\\Policy\\ThirdPartyRisksPolicy\":1:{s:9:\"\0*\0portal\";i:1;}s:41:\"App\\Model\\Table\\BusinessContinuitiesTable\";O:37:\"App\\Policy\\BusinessContinuitiesPolicy\":1:{s:9:\"\0*\0portal\";i:1;}s:31:\"Ldap\\Model\\Entity\\LdapConnector\";O:32:\"Ldap\\Policy\\LdapConnectorsPolicy\":1:{s:9:\"\0*\0portal\";i:1;}s:36:\"Ldap\\Model\\Table\\LdapConnectorsTable\";O:32:\"Ldap\\Policy\\LdapConnectorsPolicy\":1:{s:9:\"\0*\0portal\";i:1;}}}i:1;O:42:\"AccessControl\\Policy\\AccessControlResolver\":1:{s:9:\"\0*\0portal\";i:1;}}}s:23:\"\0*\0authorizationChecked\";b:1;}}s:8:\"reportId\";i:29;s:9:\"dashboard\";b:1;}',NULL,'report_30eafd5ba459ac08efff99c9a45b8c8e','2023-01-18 10:51:30',NULL,NULL,NULL,NULL,0,NULL,NULL,NULL,2),(3,'Reports.Report','a:5:{s:12:\"notification\";b:0;s:21:\"notificationReference\";s:39:\"report_b71ab6959a124d1197d2c6efa69651b4\";s:4:\"user\";O:21:\"App\\Model\\Entity\\User\":11:{s:10:\"\0*\0_fields\";a:23:{s:2:\"id\";i:1;s:4:\"name\";s:5:\"Admin\";s:7:\"surname\";s:5:\"Admin\";s:5:\"email\";s:16:\"admin@eramba.org\";s:5:\"login\";s:5:\"admin\";s:8:\"password\";s:60:\"$2a$10$WhVO3Jj4nFhCj6bToUOztun/oceKY6rT2db2bu430dW5/lU0w9KJ.\";s:8:\"language\";s:3:\"eng\";s:6:\"status\";i:1;s:7:\"blocked\";i:0;s:13:\"local_account\";i:1;s:9:\"api_allow\";i:0;s:16:\"default_password\";i:0;s:13:\"account_ready\";i:1;s:9:\"ldap_sync\";i:0;s:23:\"ldap_synchronization_id\";N;s:7:\"created\";O:20:\"Cake\\I18n\\FrozenTime\":3:{s:4:\"date\";s:26:\"2023-01-17 19:26:05.000000\";s:13:\"timezone_type\";i:3;s:8:\"timezone\";s:3:\"UTC\";}s:8:\"modified\";O:20:\"Cake\\I18n\\FrozenTime\":3:{s:4:\"date\";s:26:\"2023-01-17 19:26:05.000000\";s:13:\"timezone_type\";i:3;s:8:\"timezone\";s:3:\"UTC\";}s:6:\"edited\";N;s:11:\"custom_user\";O:40:\"CustomRoles\\Model\\Entity\\CustomRolesUser\":10:{s:10:\"\0*\0_fields\";a:3:{s:2:\"id\";i:1;s:7:\"user_id\";i:1;s:7:\"created\";O:20:\"Cake\\I18n\\FrozenTime\":3:{s:4:\"date\";s:26:\"2019-05-21 12:35:44.000000\";s:13:\"timezone_type\";i:3;s:8:\"timezone\";s:3:\"UTC\";}}s:12:\"\0*\0_original\";a:0:{}s:10:\"\0*\0_hidden\";a:0:{}s:11:\"\0*\0_virtual\";a:0:{}s:9:\"\0*\0_dirty\";a:0:{}s:7:\"\0*\0_new\";b:0;s:10:\"\0*\0_errors\";a:0:{}s:11:\"\0*\0_invalid\";a:0:{}s:14:\"\0*\0_accessible\";a:2:{s:7:\"user_id\";b:1;s:7:\"created\";b:1;}s:17:\"\0*\0_registryAlias\";s:22:\"CustomRoles.CustomUser\";}s:7:\"portals\";a:3:{i:0;O:23:\"App\\Model\\Entity\\Portal\":10:{s:10:\"\0*\0_fields\";a:3:{s:2:\"id\";i:1;s:4:\"name\";s:4:\"main\";s:9:\"_joinData\";O:15:\"Cake\\ORM\\Entity\":10:{s:10:\"\0*\0_fields\";a:5:{s:2:\"id\";i:1;s:7:\"user_id\";i:1;s:9:\"portal_id\";i:1;s:7:\"created\";O:20:\"Cake\\I18n\\FrozenTime\":3:{s:4:\"date\";s:26:\"2019-05-21 12:35:33.000000\";s:13:\"timezone_type\";i:3;s:8:\"timezone\";s:3:\"UTC\";}s:8:\"modified\";O:20:\"Cake\\I18n\\FrozenTime\":3:{s:4:\"date\";s:26:\"2019-05-21 12:35:33.000000\";s:13:\"timezone_type\";i:3;s:8:\"timezone\";s:3:\"UTC\";}}s:12:\"\0*\0_original\";a:0:{}s:10:\"\0*\0_hidden\";a:0:{}s:11:\"\0*\0_virtual\";a:0:{}s:9:\"\0*\0_dirty\";a:0:{}s:7:\"\0*\0_new\";b:0;s:10:\"\0*\0_errors\";a:0:{}s:11:\"\0*\0_invalid\";a:0:{}s:14:\"\0*\0_accessible\";a:1:{s:1:\"*\";b:1;}s:17:\"\0*\0_registryAlias\";s:12:\"UsersPortals\";}}s:12:\"\0*\0_original\";a:0:{}s:10:\"\0*\0_hidden\";a:0:{}s:11:\"\0*\0_virtual\";a:0:{}s:9:\"\0*\0_dirty\";a:0:{}s:7:\"\0*\0_new\";b:0;s:10:\"\0*\0_errors\";a:0:{}s:11:\"\0*\0_invalid\";a:0:{}s:14:\"\0*\0_accessible\";a:2:{s:2:\"id\";b:0;s:4:\"name\";b:1;}s:17:\"\0*\0_registryAlias\";s:7:\"Portals\";}i:1;O:23:\"App\\Model\\Entity\\Portal\":10:{s:10:\"\0*\0_fields\";a:3:{s:2:\"id\";i:2;s:4:\"name\";s:18:\"vendor_assessments\";s:9:\"_joinData\";O:15:\"Cake\\ORM\\Entity\":10:{s:10:\"\0*\0_fields\";a:5:{s:2:\"id\";i:2;s:7:\"user_id\";i:1;s:9:\"portal_id\";i:2;s:7:\"created\";O:20:\"Cake\\I18n\\FrozenTime\":3:{s:4:\"date\";s:26:\"2022-01-01 12:34:56.000000\";s:13:\"timezone_type\";i:3;s:8:\"timezone\";s:3:\"UTC\";}s:8:\"modified\";O:20:\"Cake\\I18n\\FrozenTime\":3:{s:4:\"date\";s:26:\"2022-01-01 12:34:56.000000\";s:13:\"timezone_type\";i:3;s:8:\"timezone\";s:3:\"UTC\";}}s:12:\"\0*\0_original\";a:0:{}s:10:\"\0*\0_hidden\";a:0:{}s:11:\"\0*\0_virtual\";a:0:{}s:9:\"\0*\0_dirty\";a:0:{}s:7:\"\0*\0_new\";b:0;s:10:\"\0*\0_errors\";a:0:{}s:11:\"\0*\0_invalid\";a:0:{}s:14:\"\0*\0_accessible\";a:1:{s:1:\"*\";b:1;}s:17:\"\0*\0_registryAlias\";s:12:\"UsersPortals\";}}s:12:\"\0*\0_original\";a:0:{}s:10:\"\0*\0_hidden\";a:0:{}s:11:\"\0*\0_virtual\";a:0:{}s:9:\"\0*\0_dirty\";a:0:{}s:7:\"\0*\0_new\";b:0;s:10:\"\0*\0_errors\";a:0:{}s:11:\"\0*\0_invalid\";a:0:{}s:14:\"\0*\0_accessible\";a:2:{s:2:\"id\";b:0;s:4:\"name\";b:1;}s:17:\"\0*\0_registryAlias\";s:7:\"Portals\";}i:2;O:23:\"App\\Model\\Entity\\Portal\":10:{s:10:\"\0*\0_fields\";a:3:{s:2:\"id\";i:3;s:4:\"name\";s:15:\"account_reviews\";s:9:\"_joinData\";O:15:\"Cake\\ORM\\Entity\":10:{s:10:\"\0*\0_fields\";a:5:{s:2:\"id\";i:3;s:7:\"user_id\";i:1;s:9:\"portal_id\";i:3;s:7:\"created\";O:20:\"Cake\\I18n\\FrozenTime\":3:{s:4:\"date\";s:26:\"2022-01-01 12:34:56.000000\";s:13:\"timezone_type\";i:3;s:8:\"timezone\";s:3:\"UTC\";}s:8:\"modified\";O:20:\"Cake\\I18n\\FrozenTime\":3:{s:4:\"date\";s:26:\"2022-01-01 12:34:56.000000\";s:13:\"timezone_type\";i:3;s:8:\"timezone\";s:3:\"UTC\";}}s:12:\"\0*\0_original\";a:0:{}s:10:\"\0*\0_hidden\";a:0:{}s:11:\"\0*\0_virtual\";a:0:{}s:9:\"\0*\0_dirty\";a:0:{}s:7:\"\0*\0_new\";b:0;s:10:\"\0*\0_errors\";a:0:{}s:11:\"\0*\0_invalid\";a:0:{}s:14:\"\0*\0_accessible\";a:1:{s:1:\"*\";b:1;}s:17:\"\0*\0_registryAlias\";s:12:\"UsersPortals\";}}s:12:\"\0*\0_original\";a:0:{}s:10:\"\0*\0_hidden\";a:0:{}s:11:\"\0*\0_virtual\";a:0:{}s:9:\"\0*\0_dirty\";a:0:{}s:7:\"\0*\0_new\";b:0;s:10:\"\0*\0_errors\";a:0:{}s:11:\"\0*\0_invalid\";a:0:{}s:14:\"\0*\0_accessible\";a:2:{s:2:\"id\";b:0;s:4:\"name\";b:1;}s:17:\"\0*\0_registryAlias\";s:7:\"Portals\";}}s:6:\"groups\";a:1:{i:0;O:22:\"App\\Model\\Entity\\Group\":10:{s:10:\"\0*\0_fields\";a:10:{s:2:\"id\";i:10;s:4:\"name\";s:5:\"Admin\";s:11:\"description\";s:106:\"This is a system message, this group might not have updated ACLs please make sure you edit and review them\";s:6:\"status\";i:1;s:4:\"slug\";s:5:\"ADMIN\";s:7:\"created\";O:20:\"Cake\\I18n\\FrozenTime\":3:{s:4:\"date\";s:26:\"2013-10-14 16:18:08.000000\";s:13:\"timezone_type\";i:3;s:8:\"timezone\";s:3:\"UTC\";}s:8:\"modified\";O:20:\"Cake\\I18n\\FrozenTime\":3:{s:4:\"date\";s:26:\"2013-10-14 16:18:08.000000\";s:13:\"timezone_type\";i:3;s:8:\"timezone\";s:3:\"UTC\";}s:6:\"edited\";N;s:9:\"_joinData\";O:15:\"Cake\\ORM\\Entity\":10:{s:10:\"\0*\0_fields\";a:3:{s:2:\"id\";i:1;s:7:\"user_id\";i:1;s:8:\"group_id\";i:10;}s:12:\"\0*\0_original\";a:0:{}s:10:\"\0*\0_hidden\";a:0:{}s:11:\"\0*\0_virtual\";a:0:{}s:9:\"\0*\0_dirty\";a:0:{}s:7:\"\0*\0_new\";b:0;s:10:\"\0*\0_errors\";a:0:{}s:11:\"\0*\0_invalid\";a:0:{}s:14:\"\0*\0_accessible\";a:1:{s:1:\"*\";b:1;}s:17:\"\0*\0_registryAlias\";s:11:\"UsersGroups\";}s:12:\"custom_group\";O:41:\"CustomRoles\\Model\\Entity\\CustomRolesGroup\":10:{s:10:\"\0*\0_fields\";a:3:{s:2:\"id\";i:1;s:8:\"group_id\";i:10;s:7:\"created\";O:20:\"Cake\\I18n\\FrozenTime\":3:{s:4:\"date\";s:26:\"2019-05-21 12:35:44.000000\";s:13:\"timezone_type\";i:3;s:8:\"timezone\";s:3:\"UTC\";}}s:12:\"\0*\0_original\";a:0:{}s:10:\"\0*\0_hidden\";a:0:{}s:11:\"\0*\0_virtual\";a:0:{}s:9:\"\0*\0_dirty\";a:0:{}s:7:\"\0*\0_new\";b:0;s:10:\"\0*\0_errors\";a:0:{}s:11:\"\0*\0_invalid\";a:0:{}s:14:\"\0*\0_accessible\";a:2:{s:8:\"group_id\";b:1;s:7:\"created\";b:1;}s:17:\"\0*\0_registryAlias\";s:23:\"CustomRoles.CustomGroup\";}}s:12:\"\0*\0_original\";a:0:{}s:10:\"\0*\0_hidden\";a:0:{}s:11:\"\0*\0_virtual\";a:0:{}s:9:\"\0*\0_dirty\";a:0:{}s:7:\"\0*\0_new\";b:0;s:10:\"\0*\0_errors\";a:0:{}s:11:\"\0*\0_invalid\";a:0:{}s:14:\"\0*\0_accessible\";a:2:{s:1:\"*\";b:1;s:2:\"id\";b:0;}s:17:\"\0*\0_registryAlias\";s:6:\"Groups\";}}s:13:\"_matchingData\";a:2:{s:7:\"Portals\";O:23:\"App\\Model\\Entity\\Portal\":10:{s:10:\"\0*\0_fields\";a:2:{s:2:\"id\";i:1;s:4:\"name\";s:4:\"main\";}s:12:\"\0*\0_original\";a:0:{}s:10:\"\0*\0_hidden\";a:0:{}s:11:\"\0*\0_virtual\";a:0:{}s:9:\"\0*\0_dirty\";a:0:{}s:7:\"\0*\0_new\";b:0;s:10:\"\0*\0_errors\";a:0:{}s:11:\"\0*\0_invalid\";a:0:{}s:14:\"\0*\0_accessible\";a:2:{s:2:\"id\";b:0;s:4:\"name\";b:1;}s:17:\"\0*\0_registryAlias\";s:7:\"Portals\";}s:12:\"UsersPortals\";O:15:\"Cake\\ORM\\Entity\":10:{s:10:\"\0*\0_fields\";a:5:{s:2:\"id\";i:1;s:7:\"user_id\";i:1;s:9:\"portal_id\";i:1;s:7:\"created\";O:20:\"Cake\\I18n\\FrozenTime\":3:{s:4:\"date\";s:26:\"2019-05-21 12:35:33.000000\";s:13:\"timezone_type\";i:3;s:8:\"timezone\";s:3:\"UTC\";}s:8:\"modified\";O:20:\"Cake\\I18n\\FrozenTime\":3:{s:4:\"date\";s:26:\"2019-05-21 12:35:33.000000\";s:13:\"timezone_type\";i:3;s:8:\"timezone\";s:3:\"UTC\";}}s:12:\"\0*\0_original\";a:0:{}s:10:\"\0*\0_hidden\";a:0:{}s:11:\"\0*\0_virtual\";a:0:{}s:9:\"\0*\0_dirty\";a:0:{}s:7:\"\0*\0_new\";b:0;s:10:\"\0*\0_errors\";a:0:{}s:11:\"\0*\0_invalid\";a:0:{}s:14:\"\0*\0_accessible\";a:1:{s:1:\"*\";b:1;}s:17:\"\0*\0_registryAlias\";s:12:\"UsersPortals\";}}s:22:\"autoUpdatePendingShown\";b:1;}s:12:\"\0*\0_original\";a:0:{}s:10:\"\0*\0_hidden\";a:1:{i:0;s:8:\"password\";}s:11:\"\0*\0_virtual\";a:0:{}s:9:\"\0*\0_dirty\";a:1:{s:22:\"autoUpdatePendingShown\";b:1;}s:7:\"\0*\0_new\";b:0;s:10:\"\0*\0_errors\";a:0:{}s:11:\"\0*\0_invalid\";a:0:{}s:14:\"\0*\0_accessible\";a:2:{s:1:\"*\";b:1;s:2:\"id\";b:0;}s:17:\"\0*\0_registryAlias\";s:5:\"Users\";s:16:\"\0*\0authorization\";O:34:\"Authorization\\AuthorizationService\":2:{s:11:\"\0*\0resolver\";O:39:\"Authorization\\Policy\\ResolverCollection\":1:{s:12:\"\0*\0resolvers\";a:2:{i:0;O:32:\"Authorization\\Policy\\MapResolver\":1:{s:6:\"\0*\0map\";a:7:{s:35:\"Attachments\\Model\\Entity\\Attachment\";O:40:\"AccessControl\\Policy\\AccessControlPolicy\":1:{s:9:\"\0*\0portal\";i:1;}s:29:\"Comments\\Model\\Entity\\Comment\";O:40:\"AccessControl\\Policy\\AccessControlPolicy\":1:{s:9:\"\0*\0portal\";i:1;}s:26:\"App\\Model\\Table\\RisksTable\";O:22:\"App\\Policy\\RisksPolicy\":1:{s:9:\"\0*\0portal\";i:1;}s:36:\"App\\Model\\Table\\ThirdPartyRisksTable\";O:32:\"App\\Policy\\ThirdPartyRisksPolicy\":1:{s:9:\"\0*\0portal\";i:1;}s:41:\"App\\Model\\Table\\BusinessContinuitiesTable\";O:37:\"App\\Policy\\BusinessContinuitiesPolicy\":1:{s:9:\"\0*\0portal\";i:1;}s:31:\"Ldap\\Model\\Entity\\LdapConnector\";O:32:\"Ldap\\Policy\\LdapConnectorsPolicy\":1:{s:9:\"\0*\0portal\";i:1;}s:36:\"Ldap\\Model\\Table\\LdapConnectorsTable\";O:32:\"Ldap\\Policy\\LdapConnectorsPolicy\":1:{s:9:\"\0*\0portal\";i:1;}}}i:1;O:42:\"AccessControl\\Policy\\AccessControlResolver\":1:{s:9:\"\0*\0portal\";i:1;}}}s:23:\"\0*\0authorizationChecked\";b:1;}}s:8:\"reportId\";i:29;s:9:\"dashboard\";b:1;}',NULL,'report_b71ab6959a124d1197d2c6efa69651b4','2023-01-18 10:51:32',NULL,NULL,NULL,NULL,0,NULL,NULL,NULL,2),(4,'Reports.Report','a:5:{s:12:\"notification\";b:0;s:21:\"notificationReference\";s:39:\"report_f8b5fe0365825f6c0c7a052bf35d131d\";s:4:\"user\";O:21:\"App\\Model\\Entity\\User\":11:{s:10:\"\0*\0_fields\";a:22:{s:2:\"id\";i:1;s:4:\"name\";s:10:\"Admin_test\";s:7:\"surname\";s:5:\"Admin\";s:5:\"email\";s:16:\"admin@eramba.org\";s:5:\"login\";s:5:\"admin\";s:8:\"password\";s:60:\"$2y$10$UTTHvRaPFWpcUAY7hdT5yuiWbsSawPHZlom.wz8o2/fsRGIHFBCUK\";s:8:\"language\";s:3:\"eng\";s:6:\"status\";i:1;s:7:\"blocked\";i:0;s:13:\"local_account\";i:1;s:9:\"api_allow\";i:0;s:16:\"default_password\";i:0;s:13:\"account_ready\";i:1;s:9:\"ldap_sync\";i:0;s:23:\"ldap_synchronization_id\";N;s:7:\"created\";O:20:\"Cake\\I18n\\FrozenTime\":3:{s:4:\"date\";s:26:\"2023-01-17 19:26:05.000000\";s:13:\"timezone_type\";i:3;s:8:\"timezone\";s:3:\"UTC\";}s:8:\"modified\";O:20:\"Cake\\I18n\\FrozenTime\":3:{s:4:\"date\";s:26:\"2023-01-18 10:51:28.000000\";s:13:\"timezone_type\";i:3;s:8:\"timezone\";s:3:\"UTC\";}s:6:\"edited\";N;s:11:\"custom_user\";O:40:\"CustomRoles\\Model\\Entity\\CustomRolesUser\":10:{s:10:\"\0*\0_fields\";a:3:{s:2:\"id\";i:1;s:7:\"user_id\";i:1;s:7:\"created\";O:20:\"Cake\\I18n\\FrozenTime\":3:{s:4:\"date\";s:26:\"2019-05-21 12:35:44.000000\";s:13:\"timezone_type\";i:3;s:8:\"timezone\";s:3:\"UTC\";}}s:12:\"\0*\0_original\";a:0:{}s:10:\"\0*\0_hidden\";a:0:{}s:11:\"\0*\0_virtual\";a:0:{}s:9:\"\0*\0_dirty\";a:0:{}s:7:\"\0*\0_new\";b:0;s:10:\"\0*\0_errors\";a:0:{}s:11:\"\0*\0_invalid\";a:0:{}s:14:\"\0*\0_accessible\";a:2:{s:7:\"user_id\";b:1;s:7:\"created\";b:1;}s:17:\"\0*\0_registryAlias\";s:22:\"CustomRoles.CustomUser\";}s:7:\"portals\";a:3:{i:0;O:23:\"App\\Model\\Entity\\Portal\":10:{s:10:\"\0*\0_fields\";a:3:{s:2:\"id\";i:1;s:4:\"name\";s:4:\"main\";s:9:\"_joinData\";O:15:\"Cake\\ORM\\Entity\":10:{s:10:\"\0*\0_fields\";a:5:{s:2:\"id\";i:1;s:7:\"user_id\";i:1;s:9:\"portal_id\";i:1;s:7:\"created\";O:20:\"Cake\\I18n\\FrozenTime\":3:{s:4:\"date\";s:26:\"2019-05-21 12:35:33.000000\";s:13:\"timezone_type\";i:3;s:8:\"timezone\";s:3:\"UTC\";}s:8:\"modified\";O:20:\"Cake\\I18n\\FrozenTime\":3:{s:4:\"date\";s:26:\"2019-05-21 12:35:33.000000\";s:13:\"timezone_type\";i:3;s:8:\"timezone\";s:3:\"UTC\";}}s:12:\"\0*\0_original\";a:0:{}s:10:\"\0*\0_hidden\";a:0:{}s:11:\"\0*\0_virtual\";a:0:{}s:9:\"\0*\0_dirty\";a:0:{}s:7:\"\0*\0_new\";b:0;s:10:\"\0*\0_errors\";a:0:{}s:11:\"\0*\0_invalid\";a:0:{}s:14:\"\0*\0_accessible\";a:1:{s:1:\"*\";b:1;}s:17:\"\0*\0_registryAlias\";s:12:\"UsersPortals\";}}s:12:\"\0*\0_original\";a:0:{}s:10:\"\0*\0_hidden\";a:0:{}s:11:\"\0*\0_virtual\";a:0:{}s:9:\"\0*\0_dirty\";a:0:{}s:7:\"\0*\0_new\";b:0;s:10:\"\0*\0_errors\";a:0:{}s:11:\"\0*\0_invalid\";a:0:{}s:14:\"\0*\0_accessible\";a:2:{s:2:\"id\";b:0;s:4:\"name\";b:1;}s:17:\"\0*\0_registryAlias\";s:7:\"Portals\";}i:1;O:23:\"App\\Model\\Entity\\Portal\":10:{s:10:\"\0*\0_fields\";a:3:{s:2:\"id\";i:2;s:4:\"name\";s:18:\"vendor_assessments\";s:9:\"_joinData\";O:15:\"Cake\\ORM\\Entity\":10:{s:10:\"\0*\0_fields\";a:5:{s:2:\"id\";i:2;s:7:\"user_id\";i:1;s:9:\"portal_id\";i:2;s:7:\"created\";O:20:\"Cake\\I18n\\FrozenTime\":3:{s:4:\"date\";s:26:\"2022-01-01 12:34:56.000000\";s:13:\"timezone_type\";i:3;s:8:\"timezone\";s:3:\"UTC\";}s:8:\"modified\";O:20:\"Cake\\I18n\\FrozenTime\":3:{s:4:\"date\";s:26:\"2022-01-01 12:34:56.000000\";s:13:\"timezone_type\";i:3;s:8:\"timezone\";s:3:\"UTC\";}}s:12:\"\0*\0_original\";a:0:{}s:10:\"\0*\0_hidden\";a:0:{}s:11:\"\0*\0_virtual\";a:0:{}s:9:\"\0*\0_dirty\";a:0:{}s:7:\"\0*\0_new\";b:0;s:10:\"\0*\0_errors\";a:0:{}s:11:\"\0*\0_invalid\";a:0:{}s:14:\"\0*\0_accessible\";a:1:{s:1:\"*\";b:1;}s:17:\"\0*\0_registryAlias\";s:12:\"UsersPortals\";}}s:12:\"\0*\0_original\";a:0:{}s:10:\"\0*\0_hidden\";a:0:{}s:11:\"\0*\0_virtual\";a:0:{}s:9:\"\0*\0_dirty\";a:0:{}s:7:\"\0*\0_new\";b:0;s:10:\"\0*\0_errors\";a:0:{}s:11:\"\0*\0_invalid\";a:0:{}s:14:\"\0*\0_accessible\";a:2:{s:2:\"id\";b:0;s:4:\"name\";b:1;}s:17:\"\0*\0_registryAlias\";s:7:\"Portals\";}i:2;O:23:\"App\\Model\\Entity\\Portal\":10:{s:10:\"\0*\0_fields\";a:3:{s:2:\"id\";i:3;s:4:\"name\";s:15:\"account_reviews\";s:9:\"_joinData\";O:15:\"Cake\\ORM\\Entity\":10:{s:10:\"\0*\0_fields\";a:5:{s:2:\"id\";i:3;s:7:\"user_id\";i:1;s:9:\"portal_id\";i:3;s:7:\"created\";O:20:\"Cake\\I18n\\FrozenTime\":3:{s:4:\"date\";s:26:\"2022-01-01 12:34:56.000000\";s:13:\"timezone_type\";i:3;s:8:\"timezone\";s:3:\"UTC\";}s:8:\"modified\";O:20:\"Cake\\I18n\\FrozenTime\":3:{s:4:\"date\";s:26:\"2022-01-01 12:34:56.000000\";s:13:\"timezone_type\";i:3;s:8:\"timezone\";s:3:\"UTC\";}}s:12:\"\0*\0_original\";a:0:{}s:10:\"\0*\0_hidden\";a:0:{}s:11:\"\0*\0_virtual\";a:0:{}s:9:\"\0*\0_dirty\";a:0:{}s:7:\"\0*\0_new\";b:0;s:10:\"\0*\0_errors\";a:0:{}s:11:\"\0*\0_invalid\";a:0:{}s:14:\"\0*\0_accessible\";a:1:{s:1:\"*\";b:1;}s:17:\"\0*\0_registryAlias\";s:12:\"UsersPortals\";}}s:12:\"\0*\0_original\";a:0:{}s:10:\"\0*\0_hidden\";a:0:{}s:11:\"\0*\0_virtual\";a:0:{}s:9:\"\0*\0_dirty\";a:0:{}s:7:\"\0*\0_new\";b:0;s:10:\"\0*\0_errors\";a:0:{}s:11:\"\0*\0_invalid\";a:0:{}s:14:\"\0*\0_accessible\";a:2:{s:2:\"id\";b:0;s:4:\"name\";b:1;}s:17:\"\0*\0_registryAlias\";s:7:\"Portals\";}}s:6:\"groups\";a:1:{i:0;O:22:\"App\\Model\\Entity\\Group\":10:{s:10:\"\0*\0_fields\";a:10:{s:2:\"id\";i:10;s:4:\"name\";s:5:\"Admin\";s:11:\"description\";s:106:\"This is a system message, this group might not have updated ACLs please make sure you edit and review them\";s:6:\"status\";i:1;s:4:\"slug\";s:5:\"ADMIN\";s:7:\"created\";O:20:\"Cake\\I18n\\FrozenTime\":3:{s:4:\"date\";s:26:\"2013-10-14 16:18:08.000000\";s:13:\"timezone_type\";i:3;s:8:\"timezone\";s:3:\"UTC\";}s:8:\"modified\";O:20:\"Cake\\I18n\\FrozenTime\":3:{s:4:\"date\";s:26:\"2013-10-14 16:18:08.000000\";s:13:\"timezone_type\";i:3;s:8:\"timezone\";s:3:\"UTC\";}s:6:\"edited\";N;s:9:\"_joinData\";O:15:\"Cake\\ORM\\Entity\":10:{s:10:\"\0*\0_fields\";a:3:{s:2:\"id\";i:1;s:7:\"user_id\";i:1;s:8:\"group_id\";i:10;}s:12:\"\0*\0_original\";a:0:{}s:10:\"\0*\0_hidden\";a:0:{}s:11:\"\0*\0_virtual\";a:0:{}s:9:\"\0*\0_dirty\";a:0:{}s:7:\"\0*\0_new\";b:0;s:10:\"\0*\0_errors\";a:0:{}s:11:\"\0*\0_invalid\";a:0:{}s:14:\"\0*\0_accessible\";a:1:{s:1:\"*\";b:1;}s:17:\"\0*\0_registryAlias\";s:11:\"UsersGroups\";}s:12:\"custom_group\";O:41:\"CustomRoles\\Model\\Entity\\CustomRolesGroup\":10:{s:10:\"\0*\0_fields\";a:3:{s:2:\"id\";i:1;s:8:\"group_id\";i:10;s:7:\"created\";O:20:\"Cake\\I18n\\FrozenTime\":3:{s:4:\"date\";s:26:\"2019-05-21 12:35:44.000000\";s:13:\"timezone_type\";i:3;s:8:\"timezone\";s:3:\"UTC\";}}s:12:\"\0*\0_original\";a:0:{}s:10:\"\0*\0_hidden\";a:0:{}s:11:\"\0*\0_virtual\";a:0:{}s:9:\"\0*\0_dirty\";a:0:{}s:7:\"\0*\0_new\";b:0;s:10:\"\0*\0_errors\";a:0:{}s:11:\"\0*\0_invalid\";a:0:{}s:14:\"\0*\0_accessible\";a:2:{s:8:\"group_id\";b:1;s:7:\"created\";b:1;}s:17:\"\0*\0_registryAlias\";s:23:\"CustomRoles.CustomGroup\";}}s:12:\"\0*\0_original\";a:0:{}s:10:\"\0*\0_hidden\";a:0:{}s:11:\"\0*\0_virtual\";a:0:{}s:9:\"\0*\0_dirty\";a:0:{}s:7:\"\0*\0_new\";b:0;s:10:\"\0*\0_errors\";a:0:{}s:11:\"\0*\0_invalid\";a:0:{}s:14:\"\0*\0_accessible\";a:2:{s:1:\"*\";b:1;s:2:\"id\";b:0;}s:17:\"\0*\0_registryAlias\";s:6:\"Groups\";}}s:13:\"_matchingData\";a:2:{s:7:\"Portals\";O:23:\"App\\Model\\Entity\\Portal\":10:{s:10:\"\0*\0_fields\";a:2:{s:2:\"id\";i:1;s:4:\"name\";s:4:\"main\";}s:12:\"\0*\0_original\";a:0:{}s:10:\"\0*\0_hidden\";a:0:{}s:11:\"\0*\0_virtual\";a:0:{}s:9:\"\0*\0_dirty\";a:0:{}s:7:\"\0*\0_new\";b:0;s:10:\"\0*\0_errors\";a:0:{}s:11:\"\0*\0_invalid\";a:0:{}s:14:\"\0*\0_accessible\";a:2:{s:2:\"id\";b:0;s:4:\"name\";b:1;}s:17:\"\0*\0_registryAlias\";s:7:\"Portals\";}s:12:\"UsersPortals\";O:15:\"Cake\\ORM\\Entity\":10:{s:10:\"\0*\0_fields\";a:5:{s:2:\"id\";i:1;s:7:\"user_id\";i:1;s:9:\"portal_id\";i:1;s:7:\"created\";O:20:\"Cake\\I18n\\FrozenTime\":3:{s:4:\"date\";s:26:\"2019-05-21 12:35:33.000000\";s:13:\"timezone_type\";i:3;s:8:\"timezone\";s:3:\"UTC\";}s:8:\"modified\";O:20:\"Cake\\I18n\\FrozenTime\":3:{s:4:\"date\";s:26:\"2019-05-21 12:35:33.000000\";s:13:\"timezone_type\";i:3;s:8:\"timezone\";s:3:\"UTC\";}}s:12:\"\0*\0_original\";a:0:{}s:10:\"\0*\0_hidden\";a:0:{}s:11:\"\0*\0_virtual\";a:0:{}s:9:\"\0*\0_dirty\";a:0:{}s:7:\"\0*\0_new\";b:0;s:10:\"\0*\0_errors\";a:0:{}s:11:\"\0*\0_invalid\";a:0:{}s:14:\"\0*\0_accessible\";a:1:{s:1:\"*\";b:1;}s:17:\"\0*\0_registryAlias\";s:12:\"UsersPortals\";}}}s:12:\"\0*\0_original\";a:0:{}s:10:\"\0*\0_hidden\";a:1:{i:0;s:8:\"password\";}s:11:\"\0*\0_virtual\";a:0:{}s:9:\"\0*\0_dirty\";a:0:{}s:7:\"\0*\0_new\";b:0;s:10:\"\0*\0_errors\";a:0:{}s:11:\"\0*\0_invalid\";a:0:{}s:14:\"\0*\0_accessible\";a:2:{s:1:\"*\";b:1;s:2:\"id\";b:0;}s:17:\"\0*\0_registryAlias\";s:5:\"Users\";s:16:\"\0*\0authorization\";O:34:\"Authorization\\AuthorizationService\":2:{s:11:\"\0*\0resolver\";O:39:\"Authorization\\Policy\\ResolverCollection\":1:{s:12:\"\0*\0resolvers\";a:2:{i:0;O:32:\"Authorization\\Policy\\MapResolver\":1:{s:6:\"\0*\0map\";a:7:{s:35:\"Attachments\\Model\\Entity\\Attachment\";O:40:\"AccessControl\\Policy\\AccessControlPolicy\":1:{s:9:\"\0*\0portal\";i:1;}s:29:\"Comments\\Model\\Entity\\Comment\";O:40:\"AccessControl\\Policy\\AccessControlPolicy\":1:{s:9:\"\0*\0portal\";i:1;}s:26:\"App\\Model\\Table\\RisksTable\";O:22:\"App\\Policy\\RisksPolicy\":1:{s:9:\"\0*\0portal\";i:1;}s:36:\"App\\Model\\Table\\ThirdPartyRisksTable\";O:32:\"App\\Policy\\ThirdPartyRisksPolicy\":1:{s:9:\"\0*\0portal\";i:1;}s:41:\"App\\Model\\Table\\BusinessContinuitiesTable\";O:37:\"App\\Policy\\BusinessContinuitiesPolicy\":1:{s:9:\"\0*\0portal\";i:1;}s:31:\"Ldap\\Model\\Entity\\LdapConnector\";O:32:\"Ldap\\Policy\\LdapConnectorsPolicy\":1:{s:9:\"\0*\0portal\";i:1;}s:36:\"Ldap\\Model\\Table\\LdapConnectorsTable\";O:32:\"Ldap\\Policy\\LdapConnectorsPolicy\":1:{s:9:\"\0*\0portal\";i:1;}}}i:1;O:42:\"AccessControl\\Policy\\AccessControlResolver\":1:{s:9:\"\0*\0portal\";i:1;}}}s:23:\"\0*\0authorizationChecked\";b:1;}}s:8:\"reportId\";i:29;s:9:\"dashboard\";b:1;}',NULL,'report_f8b5fe0365825f6c0c7a052bf35d131d','2023-01-18 11:03:36',NULL,NULL,NULL,NULL,0,NULL,NULL,NULL,2),(5,'Reports.Report','a:5:{s:12:\"notification\";b:0;s:21:\"notificationReference\";s:39:\"report_8e3d95e485b90f453026abedcc632032\";s:4:\"user\";O:21:\"App\\Model\\Entity\\User\":11:{s:10:\"\0*\0_fields\";a:23:{s:2:\"id\";i:1;s:4:\"name\";s:10:\"Admin_test\";s:7:\"surname\";s:5:\"Admin\";s:5:\"email\";s:16:\"admin@eramba.org\";s:5:\"login\";s:5:\"admin\";s:8:\"password\";s:60:\"$2y$10$UTTHvRaPFWpcUAY7hdT5yuiWbsSawPHZlom.wz8o2/fsRGIHFBCUK\";s:8:\"language\";s:3:\"eng\";s:6:\"status\";i:1;s:7:\"blocked\";i:0;s:13:\"local_account\";i:1;s:9:\"api_allow\";i:0;s:16:\"default_password\";i:0;s:13:\"account_ready\";i:1;s:9:\"ldap_sync\";i:0;s:23:\"ldap_synchronization_id\";N;s:7:\"created\";O:20:\"Cake\\I18n\\FrozenTime\":3:{s:4:\"date\";s:26:\"2023-01-17 19:26:05.000000\";s:13:\"timezone_type\";i:3;s:8:\"timezone\";s:3:\"UTC\";}s:8:\"modified\";O:20:\"Cake\\I18n\\FrozenTime\":3:{s:4:\"date\";s:26:\"2023-01-18 10:51:28.000000\";s:13:\"timezone_type\";i:3;s:8:\"timezone\";s:3:\"UTC\";}s:6:\"edited\";N;s:11:\"custom_user\";O:40:\"CustomRoles\\Model\\Entity\\CustomRolesUser\":10:{s:10:\"\0*\0_fields\";a:3:{s:2:\"id\";i:1;s:7:\"user_id\";i:1;s:7:\"created\";O:20:\"Cake\\I18n\\FrozenTime\":3:{s:4:\"date\";s:26:\"2019-05-21 12:35:44.000000\";s:13:\"timezone_type\";i:3;s:8:\"timezone\";s:3:\"UTC\";}}s:12:\"\0*\0_original\";a:0:{}s:10:\"\0*\0_hidden\";a:0:{}s:11:\"\0*\0_virtual\";a:0:{}s:9:\"\0*\0_dirty\";a:0:{}s:7:\"\0*\0_new\";b:0;s:10:\"\0*\0_errors\";a:0:{}s:11:\"\0*\0_invalid\";a:0:{}s:14:\"\0*\0_accessible\";a:2:{s:7:\"user_id\";b:1;s:7:\"created\";b:1;}s:17:\"\0*\0_registryAlias\";s:22:\"CustomRoles.CustomUser\";}s:7:\"portals\";a:3:{i:0;O:23:\"App\\Model\\Entity\\Portal\":10:{s:10:\"\0*\0_fields\";a:3:{s:2:\"id\";i:1;s:4:\"name\";s:4:\"main\";s:9:\"_joinData\";O:15:\"Cake\\ORM\\Entity\":10:{s:10:\"\0*\0_fields\";a:5:{s:2:\"id\";i:1;s:7:\"user_id\";i:1;s:9:\"portal_id\";i:1;s:7:\"created\";O:20:\"Cake\\I18n\\FrozenTime\":3:{s:4:\"date\";s:26:\"2019-05-21 12:35:33.000000\";s:13:\"timezone_type\";i:3;s:8:\"timezone\";s:3:\"UTC\";}s:8:\"modified\";O:20:\"Cake\\I18n\\FrozenTime\":3:{s:4:\"date\";s:26:\"2019-05-21 12:35:33.000000\";s:13:\"timezone_type\";i:3;s:8:\"timezone\";s:3:\"UTC\";}}s:12:\"\0*\0_original\";a:0:{}s:10:\"\0*\0_hidden\";a:0:{}s:11:\"\0*\0_virtual\";a:0:{}s:9:\"\0*\0_dirty\";a:0:{}s:7:\"\0*\0_new\";b:0;s:10:\"\0*\0_errors\";a:0:{}s:11:\"\0*\0_invalid\";a:0:{}s:14:\"\0*\0_accessible\";a:1:{s:1:\"*\";b:1;}s:17:\"\0*\0_registryAlias\";s:12:\"UsersPortals\";}}s:12:\"\0*\0_original\";a:0:{}s:10:\"\0*\0_hidden\";a:0:{}s:11:\"\0*\0_virtual\";a:0:{}s:9:\"\0*\0_dirty\";a:0:{}s:7:\"\0*\0_new\";b:0;s:10:\"\0*\0_errors\";a:0:{}s:11:\"\0*\0_invalid\";a:0:{}s:14:\"\0*\0_accessible\";a:2:{s:2:\"id\";b:0;s:4:\"name\";b:1;}s:17:\"\0*\0_registryAlias\";s:7:\"Portals\";}i:1;O:23:\"App\\Model\\Entity\\Portal\":10:{s:10:\"\0*\0_fields\";a:3:{s:2:\"id\";i:2;s:4:\"name\";s:18:\"vendor_assessments\";s:9:\"_joinData\";O:15:\"Cake\\ORM\\Entity\":10:{s:10:\"\0*\0_fields\";a:5:{s:2:\"id\";i:2;s:7:\"user_id\";i:1;s:9:\"portal_id\";i:2;s:7:\"created\";O:20:\"Cake\\I18n\\FrozenTime\":3:{s:4:\"date\";s:26:\"2022-01-01 12:34:56.000000\";s:13:\"timezone_type\";i:3;s:8:\"timezone\";s:3:\"UTC\";}s:8:\"modified\";O:20:\"Cake\\I18n\\FrozenTime\":3:{s:4:\"date\";s:26:\"2022-01-01 12:34:56.000000\";s:13:\"timezone_type\";i:3;s:8:\"timezone\";s:3:\"UTC\";}}s:12:\"\0*\0_original\";a:0:{}s:10:\"\0*\0_hidden\";a:0:{}s:11:\"\0*\0_virtual\";a:0:{}s:9:\"\0*\0_dirty\";a:0:{}s:7:\"\0*\0_new\";b:0;s:10:\"\0*\0_errors\";a:0:{}s:11:\"\0*\0_invalid\";a:0:{}s:14:\"\0*\0_accessible\";a:1:{s:1:\"*\";b:1;}s:17:\"\0*\0_registryAlias\";s:12:\"UsersPortals\";}}s:12:\"\0*\0_original\";a:0:{}s:10:\"\0*\0_hidden\";a:0:{}s:11:\"\0*\0_virtual\";a:0:{}s:9:\"\0*\0_dirty\";a:0:{}s:7:\"\0*\0_new\";b:0;s:10:\"\0*\0_errors\";a:0:{}s:11:\"\0*\0_invalid\";a:0:{}s:14:\"\0*\0_accessible\";a:2:{s:2:\"id\";b:0;s:4:\"name\";b:1;}s:17:\"\0*\0_registryAlias\";s:7:\"Portals\";}i:2;O:23:\"App\\Model\\Entity\\Portal\":10:{s:10:\"\0*\0_fields\";a:3:{s:2:\"id\";i:3;s:4:\"name\";s:15:\"account_reviews\";s:9:\"_joinData\";O:15:\"Cake\\ORM\\Entity\":10:{s:10:\"\0*\0_fields\";a:5:{s:2:\"id\";i:3;s:7:\"user_id\";i:1;s:9:\"portal_id\";i:3;s:7:\"created\";O:20:\"Cake\\I18n\\FrozenTime\":3:{s:4:\"date\";s:26:\"2022-01-01 12:34:56.000000\";s:13:\"timezone_type\";i:3;s:8:\"timezone\";s:3:\"UTC\";}s:8:\"modified\";O:20:\"Cake\\I18n\\FrozenTime\":3:{s:4:\"date\";s:26:\"2022-01-01 12:34:56.000000\";s:13:\"timezone_type\";i:3;s:8:\"timezone\";s:3:\"UTC\";}}s:12:\"\0*\0_original\";a:0:{}s:10:\"\0*\0_hidden\";a:0:{}s:11:\"\0*\0_virtual\";a:0:{}s:9:\"\0*\0_dirty\";a:0:{}s:7:\"\0*\0_new\";b:0;s:10:\"\0*\0_errors\";a:0:{}s:11:\"\0*\0_invalid\";a:0:{}s:14:\"\0*\0_accessible\";a:1:{s:1:\"*\";b:1;}s:17:\"\0*\0_registryAlias\";s:12:\"UsersPortals\";}}s:12:\"\0*\0_original\";a:0:{}s:10:\"\0*\0_hidden\";a:0:{}s:11:\"\0*\0_virtual\";a:0:{}s:9:\"\0*\0_dirty\";a:0:{}s:7:\"\0*\0_new\";b:0;s:10:\"\0*\0_errors\";a:0:{}s:11:\"\0*\0_invalid\";a:0:{}s:14:\"\0*\0_accessible\";a:2:{s:2:\"id\";b:0;s:4:\"name\";b:1;}s:17:\"\0*\0_registryAlias\";s:7:\"Portals\";}}s:6:\"groups\";a:1:{i:0;O:22:\"App\\Model\\Entity\\Group\":10:{s:10:\"\0*\0_fields\";a:10:{s:2:\"id\";i:10;s:4:\"name\";s:5:\"Admin\";s:11:\"description\";s:106:\"This is a system message, this group might not have updated ACLs please make sure you edit and review them\";s:6:\"status\";i:1;s:4:\"slug\";s:5:\"ADMIN\";s:7:\"created\";O:20:\"Cake\\I18n\\FrozenTime\":3:{s:4:\"date\";s:26:\"2013-10-14 16:18:08.000000\";s:13:\"timezone_type\";i:3;s:8:\"timezone\";s:3:\"UTC\";}s:8:\"modified\";O:20:\"Cake\\I18n\\FrozenTime\":3:{s:4:\"date\";s:26:\"2013-10-14 16:18:08.000000\";s:13:\"timezone_type\";i:3;s:8:\"timezone\";s:3:\"UTC\";}s:6:\"edited\";N;s:9:\"_joinData\";O:15:\"Cake\\ORM\\Entity\":10:{s:10:\"\0*\0_fields\";a:3:{s:2:\"id\";i:1;s:7:\"user_id\";i:1;s:8:\"group_id\";i:10;}s:12:\"\0*\0_original\";a:0:{}s:10:\"\0*\0_hidden\";a:0:{}s:11:\"\0*\0_virtual\";a:0:{}s:9:\"\0*\0_dirty\";a:0:{}s:7:\"\0*\0_new\";b:0;s:10:\"\0*\0_errors\";a:0:{}s:11:\"\0*\0_invalid\";a:0:{}s:14:\"\0*\0_accessible\";a:1:{s:1:\"*\";b:1;}s:17:\"\0*\0_registryAlias\";s:11:\"UsersGroups\";}s:12:\"custom_group\";O:41:\"CustomRoles\\Model\\Entity\\CustomRolesGroup\":10:{s:10:\"\0*\0_fields\";a:3:{s:2:\"id\";i:1;s:8:\"group_id\";i:10;s:7:\"created\";O:20:\"Cake\\I18n\\FrozenTime\":3:{s:4:\"date\";s:26:\"2019-05-21 12:35:44.000000\";s:13:\"timezone_type\";i:3;s:8:\"timezone\";s:3:\"UTC\";}}s:12:\"\0*\0_original\";a:0:{}s:10:\"\0*\0_hidden\";a:0:{}s:11:\"\0*\0_virtual\";a:0:{}s:9:\"\0*\0_dirty\";a:0:{}s:7:\"\0*\0_new\";b:0;s:10:\"\0*\0_errors\";a:0:{}s:11:\"\0*\0_invalid\";a:0:{}s:14:\"\0*\0_accessible\";a:2:{s:8:\"group_id\";b:1;s:7:\"created\";b:1;}s:17:\"\0*\0_registryAlias\";s:23:\"CustomRoles.CustomGroup\";}}s:12:\"\0*\0_original\";a:0:{}s:10:\"\0*\0_hidden\";a:0:{}s:11:\"\0*\0_virtual\";a:0:{}s:9:\"\0*\0_dirty\";a:0:{}s:7:\"\0*\0_new\";b:0;s:10:\"\0*\0_errors\";a:0:{}s:11:\"\0*\0_invalid\";a:0:{}s:14:\"\0*\0_accessible\";a:2:{s:1:\"*\";b:1;s:2:\"id\";b:0;}s:17:\"\0*\0_registryAlias\";s:6:\"Groups\";}}s:13:\"_matchingData\";a:2:{s:7:\"Portals\";O:23:\"App\\Model\\Entity\\Portal\":10:{s:10:\"\0*\0_fields\";a:2:{s:2:\"id\";i:1;s:4:\"name\";s:4:\"main\";}s:12:\"\0*\0_original\";a:0:{}s:10:\"\0*\0_hidden\";a:0:{}s:11:\"\0*\0_virtual\";a:0:{}s:9:\"\0*\0_dirty\";a:0:{}s:7:\"\0*\0_new\";b:0;s:10:\"\0*\0_errors\";a:0:{}s:11:\"\0*\0_invalid\";a:0:{}s:14:\"\0*\0_accessible\";a:2:{s:2:\"id\";b:0;s:4:\"name\";b:1;}s:17:\"\0*\0_registryAlias\";s:7:\"Portals\";}s:12:\"UsersPortals\";O:15:\"Cake\\ORM\\Entity\":10:{s:10:\"\0*\0_fields\";a:5:{s:2:\"id\";i:1;s:7:\"user_id\";i:1;s:9:\"portal_id\";i:1;s:7:\"created\";O:20:\"Cake\\I18n\\FrozenTime\":3:{s:4:\"date\";s:26:\"2019-05-21 12:35:33.000000\";s:13:\"timezone_type\";i:3;s:8:\"timezone\";s:3:\"UTC\";}s:8:\"modified\";O:20:\"Cake\\I18n\\FrozenTime\":3:{s:4:\"date\";s:26:\"2019-05-21 12:35:33.000000\";s:13:\"timezone_type\";i:3;s:8:\"timezone\";s:3:\"UTC\";}}s:12:\"\0*\0_original\";a:0:{}s:10:\"\0*\0_hidden\";a:0:{}s:11:\"\0*\0_virtual\";a:0:{}s:9:\"\0*\0_dirty\";a:0:{}s:7:\"\0*\0_new\";b:0;s:10:\"\0*\0_errors\";a:0:{}s:11:\"\0*\0_invalid\";a:0:{}s:14:\"\0*\0_accessible\";a:1:{s:1:\"*\";b:1;}s:17:\"\0*\0_registryAlias\";s:12:\"UsersPortals\";}}s:22:\"autoUpdatePendingShown\";b:1;}s:12:\"\0*\0_original\";a:0:{}s:10:\"\0*\0_hidden\";a:1:{i:0;s:8:\"password\";}s:11:\"\0*\0_virtual\";a:0:{}s:9:\"\0*\0_dirty\";a:1:{s:22:\"autoUpdatePendingShown\";b:1;}s:7:\"\0*\0_new\";b:0;s:10:\"\0*\0_errors\";a:0:{}s:11:\"\0*\0_invalid\";a:0:{}s:14:\"\0*\0_accessible\";a:2:{s:1:\"*\";b:1;s:2:\"id\";b:0;}s:17:\"\0*\0_registryAlias\";s:5:\"Users\";s:16:\"\0*\0authorization\";O:34:\"Authorization\\AuthorizationService\":2:{s:11:\"\0*\0resolver\";O:39:\"Authorization\\Policy\\ResolverCollection\":1:{s:12:\"\0*\0resolvers\";a:2:{i:0;O:32:\"Authorization\\Policy\\MapResolver\":1:{s:6:\"\0*\0map\";a:7:{s:35:\"Attachments\\Model\\Entity\\Attachment\";O:40:\"AccessControl\\Policy\\AccessControlPolicy\":1:{s:9:\"\0*\0portal\";i:1;}s:29:\"Comments\\Model\\Entity\\Comment\";O:40:\"AccessControl\\Policy\\AccessControlPolicy\":1:{s:9:\"\0*\0portal\";i:1;}s:26:\"App\\Model\\Table\\RisksTable\";O:22:\"App\\Policy\\RisksPolicy\":1:{s:9:\"\0*\0portal\";i:1;}s:36:\"App\\Model\\Table\\ThirdPartyRisksTable\";O:32:\"App\\Policy\\ThirdPartyRisksPolicy\":1:{s:9:\"\0*\0portal\";i:1;}s:41:\"App\\Model\\Table\\BusinessContinuitiesTable\";O:37:\"App\\Policy\\BusinessContinuitiesPolicy\":1:{s:9:\"\0*\0portal\";i:1;}s:31:\"Ldap\\Model\\Entity\\LdapConnector\";O:32:\"Ldap\\Policy\\LdapConnectorsPolicy\":1:{s:9:\"\0*\0portal\";i:1;}s:36:\"Ldap\\Model\\Table\\LdapConnectorsTable\";O:32:\"Ldap\\Policy\\LdapConnectorsPolicy\":1:{s:9:\"\0*\0portal\";i:1;}}}i:1;O:42:\"AccessControl\\Policy\\AccessControlResolver\":1:{s:9:\"\0*\0portal\";i:1;}}}s:23:\"\0*\0authorizationChecked\";b:1;}}s:8:\"reportId\";i:29;s:9:\"dashboard\";b:1;}',NULL,'report_8e3d95e485b90f453026abedcc632032','2023-01-18 11:03:39',NULL,NULL,NULL,NULL,0,NULL,NULL,NULL,2);
/*!40000 ALTER TABLE `queued_jobs` ENABLE KEYS */;
UNLOCK TABLES;

--
-- Table structure for table `report_block_calendar_settings`
--

DROP TABLE IF EXISTS `report_block_calendar_settings`;
/*!40101 SET @saved_cs_client     = @@character_set_client */;
/*!50503 SET character_set_client = utf8mb4 */;
CREATE TABLE `report_block_calendar_settings` (
  `id` int NOT NULL AUTO_INCREMENT,
  `report_block_id` int NOT NULL,
  `content` text COLLATE utf8mb4_unicode_ci NOT NULL,
  `created` datetime NOT NULL,
  `modified` datetime NOT NULL,
  PRIMARY KEY (`id`),
  KEY `report_block_id` (`report_block_id`),
  CONSTRAINT `report_block_calendar_settings_ibfk_2` FOREIGN KEY (`report_block_id`) REFERENCES `report_blocks` (`id`) ON DELETE CASCADE ON UPDATE CASCADE
) ENGINE=InnoDB DEFAULT CHARSET=utf8mb4 COLLATE=utf8mb4_unicode_ci;
/*!40101 SET character_set_client = @saved_cs_client */;

--
-- Dumping data for table `report_block_calendar_settings`
--

LOCK TABLES `report_block_calendar_settings` WRITE;
/*!40000 ALTER TABLE `report_block_calendar_settings` DISABLE KEYS */;
/*!40000 ALTER TABLE `report_block_calendar_settings` ENABLE KEYS */;
UNLOCK TABLES;

--
-- Table structure for table `report_block_chart_settings`
--

DROP TABLE IF EXISTS `report_block_chart_settings`;
/*!40101 SET @saved_cs_client     = @@character_set_client */;
/*!50503 SET character_set_client = utf8mb4 */;
CREATE TABLE `report_block_chart_settings` (
  `id` int NOT NULL AUTO_INCREMENT,
  `report_block_id` int NOT NULL,
  `chart_id` varchar(255) COLLATE utf8mb4_unicode_ci DEFAULT NULL,
  `model` varchar(255) COLLATE utf8mb4_unicode_ci NOT NULL DEFAULT '',
  `visualisations` int NOT NULL DEFAULT '1',
  `content` text COLLATE utf8mb4_unicode_ci NOT NULL,
  `created` datetime NOT NULL,
  `modified` datetime NOT NULL,
  PRIMARY KEY (`id`),
  KEY `report_block_id` (`report_block_id`),
  CONSTRAINT `report_block_chart_settings_ibfk_2` FOREIGN KEY (`report_block_id`) REFERENCES `report_blocks` (`id`) ON DELETE CASCADE ON UPDATE CASCADE
) ENGINE=InnoDB AUTO_INCREMENT=112 DEFAULT CHARSET=utf8mb4 COLLATE=utf8mb4_unicode_ci;
/*!40101 SET character_set_client = @saved_cs_client */;

--
-- Dumping data for table `report_block_chart_settings`
--

LOCK TABLES `report_block_chart_settings` WRITE;
/*!40000 ALTER TABLE `report_block_chart_settings` DISABLE KEYS */;
INSERT INTO `report_block_chart_settings` VALUES (1,3,'1','Assets',0,'<h2><b>Asset and related Objects</b></h2><p>This tree shows the asset and its associated risks, compliance packages, incidents and account reviews.</p>','2023-01-17 19:26:11','2023-01-17 19:26:11'),(2,7,'17','BusinessContinuities',0,'<h2><b>Risk Matrix (Thresholds)</b></h2><p>This chart shows risks based on their classification, the matrix includes the description and colour of thresholds.</p>','2023-01-17 19:26:11','2023-01-17 19:26:11'),(3,9,'12','BusinessContinuities',0,'<h2><b>Risks by Tags</b></h2><p>This chart shows risks based on their assigned tags.</p>','2023-01-17 19:26:11','2023-01-17 19:26:11'),(4,10,'11','BusinessContinuities',0,'<h2><b>Risks by Treatment Option</b></h2><p>This chart shows the amount of risks by treatment option.</p>','2023-01-17 19:26:11','2023-01-17 19:26:11'),(5,11,'16','BusinessContinuities',0,'<h2><b>Risk Matrix (Thresholds)</b></h2><p>This chart shows risks based on their classification, the matrix includes the description and colour of thresholds.</p>','2023-01-17 19:26:11','2023-01-17 19:26:11'),(6,12,'13','BusinessContinuities',0,'<h2><b>Risk Score and Residual over time</b></h2><p>This chart shows the amount of risk and residual over time.</p>','2023-01-17 19:26:11','2023-01-17 19:26:11'),(7,13,'18','BusinessContinuities',0,'<h2><b>Top 20 Risk Owner</b></h2><p>The chart shows the top 20 risk owners.</p>','2023-01-17 19:26:11','2023-01-17 19:26:11'),(8,14,'19','BusinessContinuities',0,'<h2><b>Top 20 Risk Stakeholders</b></h2><p>The chart shows the top 20 risk stakeholders.</p>','2023-01-17 19:26:11','2023-01-17 19:26:11'),(9,15,'20','BusinessContinuities',0,'<h2><b>Accumulated Risk by Owner</b></h2><p>This chart shows risk score grouped by Risk Owner.</p>','2023-01-17 19:26:11','2023-01-17 19:26:11'),(10,16,'21','BusinessContinuities',0,'<h2><b>Accumulated Risk by Stakeholder</b></h2><p>This chart shows risk score grouped by Risk Stakeholder.</p>','2023-01-17 19:26:11','2023-01-17 19:26:11'),(11,17,'26','BusinessContinuities',0,'<h2><b>Risks by Status</b></h2><p>This chart shows risks by their associated treatment options status, no that risks can have more than one status and therefore you might have more items in the pie than actual number of risks.</p>','2023-01-17 19:26:11','2023-01-17 19:26:11'),(12,18,'27','BusinessContinuities',0,'<h2><b>Top 10 Threats</b></h2><p>The chart shows the top 10 used threats.</p>','2023-01-17 19:26:11','2023-01-17 19:26:11'),(13,19,'28','BusinessContinuities',0,'<h2><b>Top 10 Vulnerabilities</b></h2><p>The chart shows the top 10 used vulnerabilities.</p>','2023-01-17 19:26:11','2023-01-17 19:26:11'),(14,20,'29','BusinessContinuities',0,'<h2><b>Top 10 Tags</b></h2><p>The chart shows the top 10 used tags.</p>','2023-01-17 19:26:11','2023-01-17 19:26:11'),(15,25,'risk-score-over-time-item','BusinessUnits',0,'<h3>%BUSINESSUNIT_NAME% Asset Risk Score Over Time</h3><p>This overtime chart shows the total addition amount of Analysis and Treatment risk score assigned to this Business Unit over time</p>','2023-01-17 19:26:11','2023-01-17 19:26:11'),(16,26,'business-risk-score-over-time-item','BusinessUnits',0,'<h3>%BUSINESSUNIT_NAME% Business Risk Score Over Time</h3><p>This overtime chart shows the total addition amount of Analysis and Treatment business risk score assigned to this Business Unit over time</p>','2023-01-17 19:26:11','2023-01-17 19:26:11'),(17,27,'business-risk-score-item','BusinessUnits',0,'<h3>%BUSINESSUNIT_NAME% Share of Total Business Risk</h3><p>This pie chart shows the share of treatment Business risk that this Business Unit has assigned</p>','2023-01-17 19:26:11','2023-01-17 19:26:11'),(18,28,'asset-risk-score-item','BusinessUnits',0,'<h3>%BUSINESSUNIT_NAME% Share of Total Asset Risk</h3><p>This pie chart shows the share of treatment Asset risk that this Business Unit has assigned</p>','2023-01-17 19:26:11','2023-01-17 19:26:11'),(19,30,'crud-actions-section','BusinessUnits',1,'<h2>Module Activity</h2><p>This chart shows the level of activity in terms of creation, edition and deletion of Business Units</p>','2023-01-17 19:26:11','2023-01-17 19:26:11'),(20,31,'asset-risk-score-ratio-section','BusinessUnits',1,'<h2>Asset Risk Reduction Factor</h2><p>This overtime chart shows the Asset based Risk treatment / analysis ratio overtime. This is calculated by dividing the addition of risk analysis over the summary of risk treatment and showing in this chart</p>','2023-01-17 19:26:11','2023-01-17 19:26:11'),(21,32,'business-risk-score-ratio-section','BusinessUnits',1,'<h2>Business Risk Reduction Factor</h2><p>This overtime chart shows the Business based Risk treatment / analysis ratio overtime. This is calculated by dividing the addition of risk analysis over the summary of risk treatment and showing in this chart</p>','2023-01-17 19:26:11','2023-01-17 19:26:11'),(22,33,'top-by-business-continuity-risk-score-treatment-section','BusinessUnits',1,'<h2>Top 10 Business Units by Amount of Business Risks Score</h2><p>This chart shows the top 10 business units (those that own the most amount of business risk treatment score) by the amount of Risk score they have</p>','2023-01-17 19:26:11','2023-01-17 19:26:11'),(23,34,'top-by-business-continuities','BusinessUnits',1,'<h2>Top 5 Business Units by Number of Business Risks</h2><p>This pie chart shows the top 5 business units by the number of Business Risks related to them</p>','2023-01-17 19:26:11','2023-01-17 19:26:11'),(24,35,'top-by-risk-score-treatment-section','BusinessUnits',1,'<h2>Top 10 Business Units by Amount of Asset Risks Score</h2><p>This chart shows the top 10 business units (those that own the most amount of asset risk treatment score) by the amount of Risk score they have assigned to them</p>','2023-01-17 19:26:11','2023-01-17 19:26:11'),(25,36,'top-by-risks','BusinessUnits',1,'<h2>Top 5 Business Units by Number of Asset Risks</h2><p>This pie chart shows the top 5 business units by the number of Asset Risks related to them</p>','2023-01-17 19:26:11','2023-01-17 19:26:11'),(26,37,'missing-business-risks-section','BusinessUnits',1,'<h2>Business&nbsp;Units Missing Business Risk Analysis</h2><p>This pie chart shows, for each business unit, the percentage of processes which have no Business Risks associated</p>','2023-01-17 19:26:11','2023-01-17 19:26:11'),(27,38,'missing-risks-section','BusinessUnits',1,'<h2>Business Units Missing Asset Risk Analysis</h2><p>This pie chart shows, for each business unit, the percentage of assets which have no Risks associated</p>','2023-01-17 19:26:11','2023-01-17 19:26:11'),(28,46,'1','ComplianceExceptions',0,'<h2><b>Top Ten Exceptions by Compliance Package</b></h2><p>This pie charts shows the top 10 compliance packages by their number of asociated exceptions.</p>','2023-01-17 19:26:11','2023-01-17 19:26:11'),(29,47,'2','ComplianceExceptions',0,'<h2><b>Exceptions by Duration</b></h2><p>This chart shows exceptions distributed by their duration from start to close date.</p>','2023-01-17 19:26:11','2023-01-17 19:26:11'),(30,50,'3','CompliancePackageRegulators',0,'<h3>Current Compliance Status</h3><p>This chart shows for each chapter what is the current compliance status and the number of compliance requirements that have some sort of issue. This is calculated by looking at the treatment selected for each compliance package and their related statuses</p>','2023-01-17 19:26:11','2023-01-17 19:26:11'),(31,51,'package-requirements-item','CompliancePackageRegulators',0,'<h3>Compliance by Proportion of Requirements</h3><p>This chart shows for every chapter what percentage of the requirements has what type of treatment assigned: policies, projects, internal controls and exceptions.</p>','2023-01-17 19:26:11','2023-01-17 19:26:11'),(32,52,'dashboard-chart','ComplianceManagements',1,'<h3>Items grouped by Status</h3><p>This chart shows for every compliance item the current treatment status. This is achieved by looking at the treatment objects (Controls, Policies, Risks, Projects, Etc) status. Longer bars indicate more issues and a higher likelihood of non-compliance</p>','2023-01-17 19:26:11','2023-01-17 19:26:11'),(33,53,'1','CompliancePackageRegulators',0,'<h3>Compliance Strategy</h3><p>This chart shows the treatment strategy the organisation has chosen for every item (summarised per chapter) in this compliance package. Strategy does not necessarily mean compliance, non-compliance, Etc</p>','2023-01-17 19:26:11','2023-01-17 19:26:11'),(34,54,'5','CompliancePackageRegulators',0,'<h3>Top 10 Controls that failed the most Audits</h3><p>This charts looks at all controls used this compliance package and sorts them by those that proportionally failed the most audits. This indicates what controls should be addressed to improve your compliance posture</p>','2023-01-17 19:26:11','2023-01-17 19:26:11'),(35,57,'4','CompliancePackageRegulators',1,'<h3>Compliance Status</h3><p>This chart shows for each compliance package what is the current compliance status. Compliance requirements are treated by the use of Controls, Policies, Projects, Exceptions, Risks, Etc and these treatment elements have status of their own (Missing Audits, Failed Audits, Missing Reviews, Etc). This charts shows the number of compliance items that are affected by a treatment option that has a non-ok status. The longer the bars are the more issues the package has and therefore the less likely to be compliant is</p>','2023-01-17 19:26:11','2023-01-17 19:26:11'),(36,58,'dashboard-chart','ComplianceManagements',1,'<h3>Compliance Status Over Time</h3><p>This chart shows the percentage of compliance requirements with some form of treatment issue. The higher the numbers on the chart the more issues of a given type (Review Expired, Audit Failed, Etc) the organisation has and therefore the more unlikely is to be compliant</p>','2023-01-17 19:26:11','2023-01-17 19:26:11'),(37,59,'2','CompliancePackageRegulators',1,'<h3><b>Compliance Strategy</b></h3><p>This chart shows the treatment strategy for each compliance package. This means what we the organisation aims to achieve, not if it has actually achieved it</p>','2023-01-17 19:26:11','2023-01-17 19:26:11'),(38,62,'1','DataAssetInstances',0,'<h2><b>Data Flow Tree</b></h2><p>This tree chart shows for a given asset all its stages, flows and mitigation controls, policies, risks and projects.</p>','2023-01-17 19:26:11','2023-01-17 19:26:11'),(39,68,'1','PolicyExceptions',0,'<h2><b>Top 10 Exceptions by Policy</b></h2><p>This pie charts shows the top 10 policies by their number of asociated exceptions.</p>','2023-01-17 19:26:11','2023-01-17 19:26:11'),(40,69,'2','PolicyExceptions',0,'<h2><b>Exceptions by Duration</b></h2><p>This chart shows exceptions distributed by their duration from start to close date.</p>','2023-01-17 19:26:11','2023-01-17 19:26:11'),(41,72,'1','Projects',0,'<h2><b>Project Relationships</b></h2><p>This chart shows what GRC elements are associated with this project.</p>','2023-01-17 19:26:11','2023-01-17 19:26:11'),(42,80,'1','RiskExceptions',0,'<h2><b>Top 10 Exceptions by Risk</b></h2><p>This pie charts shows the top 10 risks by their number of associated exceptions.</p>','2023-01-17 19:26:11','2023-01-17 19:26:11'),(43,81,'2','RiskExceptions',0,'<h2><b>Exceptions by Duration</b></h2><p>This chart shows exceptions distributed by their duration from start to close date.</p>','2023-01-17 19:26:11','2023-01-17 19:26:11'),(44,85,'2','Risks',0,'<h2><b>Risks and related Objects</b></h2><p>This tree shows the risks and its associated assets, third parties, vulnerabilities, threats, controls, policies and exceptions.</p>','2023-01-17 19:26:11','2023-01-17 19:26:11'),(45,87,'17','Risks',0,'<h2><b>Risk Matrix (Thresholds)</b></h2><p>This chart shows risks based on their classification, the matrix includes the description and colour of thresholds.</p>','2023-01-17 19:26:11','2023-01-17 19:26:11'),(46,89,'16','Risks',0,'<h2><b>Risk Matrix</b></h2><p>This chart shows risks based on their classification, the matrix includes the description and colour of thresholds.</p>','2023-01-17 19:26:11','2023-01-17 19:26:11'),(47,90,'13','Risks',0,'<h2><b>Risk Score and Residual over time</b></h2><p>This chart shows the amount of risk and residual over time.</p>','2023-01-17 19:26:11','2023-01-17 19:26:11'),(48,91,'11','Risks',0,'<h2><b>Risks by Treatment Option</b></h2><p>This chart shows the amount of risks by treatment option.</p>','2023-01-17 19:26:11','2023-01-17 19:26:11'),(49,92,'12','Risks',0,'<h2><b>Risks by Tags</b></h2><p>This chart shows risks based on their assigned tags.</p>','2023-01-17 19:26:11','2023-01-17 19:26:11'),(50,93,'18','Risks',0,'<h2><b>Top 20 Risk Owner</b></h2><p>The chart shows the top 20 risk owners.</p>','2023-01-17 19:26:11','2023-01-17 19:26:11'),(51,94,'19','Risks',0,'<h2><b>Top 20 Risk Stakeholders</b></h2><p>The chart shows the top 20 risk stakeholders.</p>','2023-01-17 19:26:11','2023-01-17 19:26:11'),(52,95,'20','Risks',0,'<h2><b>Accumulated Risk by Owner</b></h2><p>This chart shows risk score grouped by Risk Owner.</p>','2023-01-17 19:26:11','2023-01-17 19:26:11'),(53,96,'21','Risks',0,'<h2><b>Accumulated Risk by Stakeholder</b></h2><p>This chart shows risk score grouped by Risk Stakeholder.</p>','2023-01-17 19:26:11','2023-01-17 19:26:11'),(54,97,'26','Risks',0,'<h2><b>Risks by Status</b></h2><p>This chart shows risks by their associated treatment options status, no that risks can have more than one status and therefore you might have more items in the pie than actual number of risks.</p>','2023-01-17 19:26:11','2023-01-17 19:26:11'),(55,98,'27','Risks',0,'<h2><b>Top 10 Threats</b></h2><p>The chart shows the top 10 used threats.</p>','2023-01-17 19:26:11','2023-01-17 19:26:11'),(56,99,'28','Risks',0,'<h2><b>Top 10 Vulnerabilities</b></h2><p>The chart shows the top 10 used vulnerabilities.</p>','2023-01-17 19:26:11','2023-01-17 19:26:11'),(57,100,'29','Risks',0,'<h2><b>Top 10 Tags</b></h2><p>The chart shows the top 10 used tags.</p>','2023-01-17 19:26:11','2023-01-17 19:26:11'),(58,103,'1','SecurityIncidents',0,'<h2><b>Incident Relationships</b></h2><p>This chart shows what GRC elements are associated with this incident.</p>','2023-01-17 19:26:11','2023-01-17 19:26:11'),(59,107,'6','SecurityPolicies',0,'<h2><b>Related Risk Items</b></h2><p>This tree chart shows all related risk items linked.</p>','2023-01-17 19:26:11','2023-01-17 19:26:11'),(60,108,'5','SecurityPolicies',0,'<h2><b>Related Compliance Items</b></h2><p>This tree chart shows all related compliance requirements linked to this item.</p>','2023-01-17 19:26:11','2023-01-17 19:26:11'),(61,109,'1','SecurityPolicies',0,'<h2><b>Policies by Mitigation</b></h2><p>This ven diagram shows the proportion on how policies are used against Internal Controls, Asset Risks, Third Party Risks, Business Risks, Compliance and Data Flow Analysis.</p>','2023-01-17 19:26:11','2023-01-17 19:26:11'),(62,111,'3','SecurityPolicies',0,'<h2><b>Policy Reviews Over Time</b></h2><p>This chart shows all policy review records over time: completed, missing and pending. It also shows the quantity based on the size of the circle.</p>','2023-01-17 19:26:11','2023-01-17 19:26:11'),(63,113,'2','SecurityPolicies',0,'<h2><b>Policies by Mitigation</b></h2><p>This ven diagram shows the proportion on how policies are used against Internal Controls, Asset Risks, Third Party Risks, Business Risks, Compliance and Data Flow Analysis.</p>','2023-01-17 19:26:11','2023-01-17 19:26:11'),(64,114,'4','SecurityPolicies',0,'<h2><b>Policy Reviews Over Time</b></h2><p>This chart shows all policy review records over time: completed, missing and pending. It also shows the quantity based on the size of the circle.</p>','2023-01-17 19:26:11','2023-01-17 19:26:11'),(65,119,'9','SecurityServices',0,'<h2><b>Related Policy Items</b></h2><p>This tree chart shows all related policies linked to this item.</p>','2023-01-17 19:26:12','2023-01-17 19:26:12'),(66,120,'8','SecurityServices',0,'<h2><b>Related Risk Items</b></h2><p>This tree chart shows all related risk items linked.</p>','2023-01-17 19:26:12','2023-01-17 19:26:12'),(67,121,'7','SecurityServices',0,'<h2><b>Related Compliance Items</b></h2><p>This tree chart shows all related compliance requirements linked to this item.</p>','2023-01-17 19:26:12','2023-01-17 19:26:12'),(68,122,'3','SecurityServices',0,'<h2><b>Controls by Mitigation</b></h2><p>This ven diagram shows the proportion on how controls are used against Asset Risks, Third Party Risks, Business Risks, Compliance and Data Flow Analysis.</p>','2023-01-17 19:26:12','2023-01-17 19:26:12'),(69,124,'12','SecurityServices',0,'<h2><b>Audits by Result (current calendar year)</b></h2><p>This chart shows the proportion of pass, failed and missing audits for this current year.</p>','2023-01-17 19:26:12','2023-01-17 19:26:12'),(70,125,'14','SecurityServices',0,'<h2><b>Audits by Result (past calendar year)</b></h2><p>This chart shows the proportion of pass, failed and missing audits for past year.</p>','2023-01-17 19:26:12','2023-01-17 19:26:12'),(71,126,'5','SecurityServices',0,'<h2><b>Audits Results Over Time</b></h2><p>This chart shows all audit records over time which ones failed, pass, are missing or are scheduled in the future.</p>','2023-01-17 19:26:12','2023-01-17 19:26:12'),(72,129,'4','SecurityServices',0,'<h2><b>Controls by Mitigation</b></h2><p>This ven diagram shows the proportion on how controls are used against Asset Risks, Third Party Risks, Business Risks, Compliance and Data Flow Analysis.</p>','2023-01-17 19:26:12','2023-01-17 19:26:12'),(73,130,'2','SecurityServices',0,'<h2><b>Controls by Audit Results</b></h2><p>This pie chart shows the proportion on how controls against their testing results.</p>','2023-01-17 19:26:12','2023-01-17 19:26:12'),(74,131,'13','SecurityServices',0,'<h2><b>Audits by Result (current calendar year)</b></h2><p>This chart shows the proportion of pass, failed and missing audits for this current year.</p>','2023-01-17 19:26:12','2023-01-17 19:26:12'),(75,132,'15','SecurityServices',0,'<h2><b>Audits by Result (past calendar year)</b></h2><p>This chart shows the proportion of pass, failed and missing audits for past year.</p>','2023-01-17 19:26:12','2023-01-17 19:26:12'),(76,133,'6','SecurityServices',0,'<h2><b>Audits Results Over Time</b></h2><p>This chart shows all audit records over time which ones failed, pass, are missing or are scheduled in the future. It also shows the quantity based on the size of the circle.</p>','2023-01-17 19:26:12','2023-01-17 19:26:12'),(77,134,'10','SecurityServices',0,'<h2><b>Top 10 Fail Controls by Testing (by proportion)</b></h2><p>This chart shows the top ten controls for the last calendar year that failed the largest proportion of audits.</p>','2023-01-17 19:26:12','2023-01-17 19:26:12'),(78,135,'11','SecurityServices',0,'<h2><b>Top 10 Fail Controls by Testing (by counter)</b></h2><p>This chart shows the top ten controls for the last calendar year based on the total number of failed audits. A second bar shows the total number of audits.</p>','2023-01-17 19:26:12','2023-01-17 19:26:12'),(79,143,'3','ThirdPartyRisks',0,'<h2><b>Risks and related Objects</b></h2><p>This tree shows the risks and its associated assets, third parties, vulnerabilities, threats, controls, policies and exceptions.</p>','2023-01-17 19:26:12','2023-01-17 19:26:12'),(80,145,'17','ThirdPartyRisks',0,'<h2><b>Risk Matrix (Thresholds)</b></h2><p>This chart shows risks based on their classification, the matrix includes the description and colour of thresholds.</p>','2023-01-17 19:26:12','2023-01-17 19:26:12'),(81,147,'16','ThirdPartyRisks',0,'<h2><b>Risk Matrix</b></h2><p>This chart shows risks based on their classification, the matrix includes the description and colour of thresholds.</p>','2023-01-17 19:26:12','2023-01-17 19:26:12'),(82,148,'13','ThirdPartyRisks',0,'<h2><b>Risk Score and Residual over time</b></h2><p>This chart shows the amount of risk and residual over time.</p>','2023-01-17 19:26:12','2023-01-17 19:26:12'),(83,149,'11','ThirdPartyRisks',0,'<h2><b>Risks by Treatment Option</b></h2><p>This chart shows the amount of risks by treatment option.</p>','2023-01-17 19:26:12','2023-01-17 19:26:12'),(84,150,'12','ThirdPartyRisks',0,'<h2><b>Risks by Tags</b></h2><p>This chart shows risks based on their assigned tags.</p>','2023-01-17 19:26:12','2023-01-17 19:26:12'),(85,151,'18','ThirdPartyRisks',0,'<h2><b>Top 20 Risk Owner</b></h2><p>The chart shows the top 20 risk owners.</p>','2023-01-17 19:26:12','2023-01-17 19:26:12'),(86,152,'19','ThirdPartyRisks',0,'<h2><b>Top 20 Risk Stakeholders</b></h2><p>The chart shows the top 20 risk stakeholders.</p>','2023-01-17 19:26:12','2023-01-17 19:26:12'),(87,153,'20','ThirdPartyRisks',0,'<h2><b>Accumulated Risk by Owner</b></h2><p>This chart shows risk score grouped by Risk Owner.</p>','2023-01-17 19:26:12','2023-01-17 19:26:12'),(88,154,'21','ThirdPartyRisks',0,'<h2><b>Accumulated Risk by Stakeholder</b></h2><p>This chart shows risk score grouped by Risk Stakeholder.</p>','2023-01-17 19:26:12','2023-01-17 19:26:12'),(89,155,'26','ThirdPartyRisks',0,'<h2><b>Risks by Status</b></h2><p>This chart shows risks by their associated treatment options status, no that risks can have more than one status and therefore you might have more items in the pie than actual number of risks.</p>','2023-01-17 19:26:12','2023-01-17 19:26:12'),(90,156,'27','ThirdPartyRisks',0,'<h2><b>Top 10 Threats</b></h2><p>The chart shows the top 10 used threats.</p>','2023-01-17 19:26:12','2023-01-17 19:26:12'),(91,157,'28','ThirdPartyRisks',0,'<h2><b>Top 10 Vulnerabilities</b></h2><p>The chart shows the top 10 used vulnerabilities.</p>','2023-01-17 19:26:12','2023-01-17 19:26:12'),(92,158,'29','ThirdPartyRisks',0,'<h2><b>Top 10 Tags</b></h2><p>The chart shows the top 10 used tags.</p>','2023-01-17 19:26:12','2023-01-17 19:26:12'),(93,160,'top-by-risk-score-analysis-section','ThirdParties',0,'<h1><b>Top 10 Third Parties By Risk Score (Analysis)</b></h1><p>The chart below lists the top Third Parties based on the associated Risk Score (Analysis).</p>','2023-01-17 19:26:12','2023-01-17 19:26:12'),(94,161,'top-by-risk-score-treatment-section','ThirdParties',0,'<h1><b>Top 10 Third Parties By Risk Score (Treatment)</b></h1><p>The chart below lists the top Third Parties based on the associated Risk Score (Treatment).</p>','2023-01-17 19:26:12','2023-01-17 19:26:12'),(95,166,'16','Risks',1,'<h3>Asset Based Risks Matrix</h3><p>Risks grouped by their threshold classification at the analysis and treatment stages</p>','2023-01-17 19:26:12','2023-01-17 19:26:12'),(96,167,'4','CompliancePackageRegulators',1,'<h3>Current Compliance Status</h3><p>This chart shows for each compliance package what is the current compliance status. Compliance requirements are treated by the use of Controls, Policies, Projects, Exceptions, Risks, Etc and these treatment elements have status of their own (Missing Audits, Failed Audits, Missing Reviews, Etc). This charts shows the number of compliance items that are affected by a treatment option that has a non-ok status. The longer the bars are the more issues the package has and therefore the less likely to be compliant is.</p>','2023-01-17 19:26:12','2023-01-17 19:26:12'),(97,171,'16','Risks',1,'<h3>Asset Based Risks Matrix</h3><p>Risks grouped by their threshold classification at the analysis and treatment stages</p>','2023-01-17 19:26:12','2023-01-17 19:26:12'),(98,172,'13','Risks',1,'<h3>Asset Based Risk Score</h3><p>This chart shows the accumulated risk score at the analysis and treatment stages over time</p>','2023-01-17 19:26:12','2023-01-17 19:26:12'),(99,173,'asset-risk-score-ratio-section','BusinessUnits',1,'<h3>Asset Risk Reduction Factor</h3><p>This overtime chart shows the Asset based Risk treatment / analysis ratio overtime. This is calculated by dividing the addition of risk analysis over the summary of risk treatment and showing in this chart</p>','2023-01-17 19:26:12','2023-01-17 19:26:12'),(100,174,'top-by-risk-score-treatment-section','BusinessUnits',1,'<h3>Top 10 Business Units by Amount of Asset Risks Score</h3><p>This chart shows the top 10 business units (those that own the most amount of asset risk treatment score) by the amount of Risk score they have</p>','2023-01-17 19:26:12','2023-01-17 19:26:12'),(101,175,'18','Risks',1,'<h3>Top 20 Risk Owners</h3><p>The chart shows the top 20 risk owners</p>','2023-01-17 19:26:12','2023-01-17 19:26:12'),(102,176,'19','Risks',1,'<h3>Top 20 Risk Stakeholders</h3><p>The chart shows the top 20 risk stakeholders.</p>','2023-01-17 19:26:12','2023-01-17 19:26:12'),(103,177,'dashboard-chart','Risks',1,'<h3>Risks Grouped by Status</h3><p>This chart groups items by their status and shows them in terms of percentage</p>','2023-01-17 19:26:12','2023-01-17 19:26:12'),(104,178,'2','CompliancePackageRegulators',1,'<h3>Compliance Strategy</h3><p>This chart shows the treatment strategy for each compliance package. This means what we the organisation aims to achieve, not if it has actually achieved it</p>','2023-01-17 19:26:12','2023-01-17 19:26:12'),(105,179,'dashboard-chart','ComplianceManagements',1,'<h3>Compliance Status Over Time</h3><p>This chart shows the percentage of compliance requirements with some form of treatment issue. The higher the numbers on the chart the more issues of a given type (Review Expired, Audit Failed, Etc) the organisation has and therefore the more unlikely is to be compliant</p>','2023-01-17 19:26:12','2023-01-17 19:26:12'),(106,180,'4','CompliancePackageRegulators',1,'<h3>Current Compliance Status</h3><p>This chart shows for each compliance package what is the current compliance status. Compliance requirements are treated by the use of Controls, Policies, Projects, Exceptions, Risks, Etc and these treatment elements have status of their own (Missing Audits, Failed Audits, Missing Reviews, Etc). This charts shows the number of compliance items that are affected by a treatment option that has a non-ok status. The longer the bars are the more issues the package has and therefore the less likely to be compliant is</p>','2023-01-17 19:26:12','2023-01-17 19:26:12'),(107,181,'10','SecurityServices',1,'<h3>Top 10 Fail Controls by Testing</h3><p>This chart shows the top ten controls for the last calendar year that failed the largest proportion of audits</p>','2023-01-17 19:26:12','2023-01-17 19:26:12'),(108,182,'dashboard-chart','SecurityServices',1,'<h3>Internal Controls Grouped by Status</h3><p>This charts shows the percentage of internal controls you are related to grouped by their status</p>','2023-01-17 19:26:12','2023-01-17 19:26:12'),(109,183,'13','SecurityServices',1,'<h3>Internal Control Audits by Result - Current Year</h3><p>All audits results (this calendar year) grouped by result</p>','2023-01-17 19:26:12','2023-01-17 19:26:12'),(110,184,'15','SecurityServices',1,'<h3>Internal Control Audits by Result - Last Year</h3><p>This chart shows the proportion of pass, failed and missing audits for past year.<p/>','2023-01-17 19:26:12','2023-01-17 19:26:12'),(111,185,'dashboard-chart','SecurityPolicies',1,'<h3>GRC Documents Grouped by Status</h3><p>This charts shows the percentage of documents you are related to grouped by their status</p>','2023-01-17 19:26:12','2023-01-17 19:26:12');
/*!40000 ALTER TABLE `report_block_chart_settings` ENABLE KEYS */;
UNLOCK TABLES;

--
-- Table structure for table `report_block_filter_settings`
--

DROP TABLE IF EXISTS `report_block_filter_settings`;
/*!40101 SET @saved_cs_client     = @@character_set_client */;
/*!50503 SET character_set_client = utf8mb4 */;
CREATE TABLE `report_block_filter_settings` (
  `id` int NOT NULL AUTO_INCREMENT,
  `report_block_id` int NOT NULL,
  `advanced_filter_id` int DEFAULT NULL,
  `model` varchar(255) COLLATE utf8mb4_unicode_ci NOT NULL DEFAULT '',
  `type` int NOT NULL DEFAULT '1',
  `visualisations` int NOT NULL DEFAULT '1',
  `color` varchar(255) COLLATE utf8mb4_unicode_ci DEFAULT NULL,
  `content` text COLLATE utf8mb4_unicode_ci NOT NULL,
  `created` datetime NOT NULL,
  `modified` datetime NOT NULL,
  PRIMARY KEY (`id`),
  KEY `report_block_id` (`report_block_id`),
  KEY `advanced_filter_id` (`advanced_filter_id`),
  CONSTRAINT `report_block_filter_settings_ibfk_1` FOREIGN KEY (`report_block_id`) REFERENCES `report_blocks` (`id`) ON DELETE CASCADE ON UPDATE CASCADE,
  CONSTRAINT `report_block_filter_settings_ibfk_2` FOREIGN KEY (`advanced_filter_id`) REFERENCES `advanced_filters` (`id`) ON DELETE SET NULL ON UPDATE CASCADE
) ENGINE=InnoDB DEFAULT CHARSET=utf8mb4 COLLATE=utf8mb4_unicode_ci;
/*!40101 SET character_set_client = @saved_cs_client */;

--
-- Dumping data for table `report_block_filter_settings`
--

LOCK TABLES `report_block_filter_settings` WRITE;
/*!40000 ALTER TABLE `report_block_filter_settings` DISABLE KEYS */;
/*!40000 ALTER TABLE `report_block_filter_settings` ENABLE KEYS */;
UNLOCK TABLES;

--
-- Table structure for table `report_block_table_fields`
--

DROP TABLE IF EXISTS `report_block_table_fields`;
/*!40101 SET @saved_cs_client     = @@character_set_client */;
/*!50503 SET character_set_client = utf8mb4 */;
CREATE TABLE `report_block_table_fields` (
  `id` int NOT NULL AUTO_INCREMENT,
  `report_block_table_setting_id` int NOT NULL,
  `field` varchar(255) COLLATE utf8mb4_unicode_ci NOT NULL DEFAULT '',
  `order` int NOT NULL DEFAULT '1',
  `created` datetime NOT NULL,
  PRIMARY KEY (`id`),
  KEY `report_block_table_setting_id` (`report_block_table_setting_id`),
  CONSTRAINT `report_block_table_fields_ibfk_1` FOREIGN KEY (`report_block_table_setting_id`) REFERENCES `report_block_table_settings` (`id`) ON DELETE CASCADE ON UPDATE CASCADE
) ENGINE=InnoDB AUTO_INCREMENT=168 DEFAULT CHARSET=utf8mb4 COLLATE=utf8mb4_unicode_ci;
/*!40101 SET character_set_client = @saved_cs_client */;

--
-- Dumping data for table `report_block_table_fields`
--

LOCK TABLES `report_block_table_fields` WRITE;
/*!40000 ALTER TABLE `report_block_table_fields` DISABLE KEYS */;
INSERT INTO `report_block_table_fields` VALUES (1,1,'description',0,'2023-01-17 19:26:11'),(2,1,'BusinessUnit',1,'2023-01-17 19:26:11'),(3,1,'Legal',2,'2023-01-17 19:26:11'),(4,1,'asset_media_type_id',3,'2023-01-17 19:26:11'),(5,2,'planned_date',0,'2023-01-17 19:26:11'),(6,2,'actual_date',1,'2023-01-17 19:26:11'),(7,2,'description',2,'2023-01-17 19:26:11'),(8,2,'completed',3,'2023-01-17 19:26:11'),(9,3,'description',0,'2023-01-17 19:26:11'),(10,3,'BusinessUnit',1,'2023-01-17 19:26:11'),(11,3,'Process',2,'2023-01-17 19:26:11'),(12,3,'Owner',3,'2023-01-17 19:26:11'),(13,3,'Stakeholder',4,'2023-01-17 19:26:11'),(14,4,'name',0,'2023-01-17 19:26:11'),(15,4,'description',1,'2023-01-17 19:26:11'),(16,4,'BusinessUnitOwner',2,'2023-01-17 19:26:11'),(17,4,'Legal',3,'2023-01-17 19:26:11'),(18,5,'Process',0,'2023-01-17 19:26:11'),(19,6,'Asset',0,'2023-01-17 19:26:11'),(20,7,'description',0,'2023-01-17 19:26:11'),(21,7,'due_date',1,'2023-01-17 19:26:11'),(22,7,'Owner',2,'2023-01-17 19:26:11'),(23,7,'Collaborator',3,'2023-01-17 19:26:11'),(24,7,'status',4,'2023-01-17 19:26:11'),(25,8,'package_id',0,'2023-01-17 19:26:11'),(26,8,'package_name',1,'2023-01-17 19:26:11'),(27,8,'item_id',2,'2023-01-17 19:26:11'),(28,8,'item_name',3,'2023-01-17 19:26:11'),(29,8,'item_description',4,'2023-01-17 19:26:11'),(30,9,'description',0,'2023-01-17 19:26:11'),(31,9,'expiration',1,'2023-01-17 19:26:11'),(32,9,'closure_date',2,'2023-01-17 19:26:11'),(33,9,'Requestor',3,'2023-01-17 19:26:11'),(34,9,'status',4,'2023-01-17 19:26:11'),(35,10,'item_id',0,'2023-01-17 19:26:11'),(36,10,'item_name',1,'2023-01-17 19:26:11'),(37,10,'item_description',2,'2023-01-17 19:26:11'),(38,11,'name',0,'2023-01-17 19:26:11'),(39,11,'description',1,'2023-01-17 19:26:11'),(40,11,'publisher_name',2,'2023-01-17 19:26:11'),(41,11,'version',3,'2023-01-17 19:26:11'),(42,11,'Owner',4,'2023-01-17 19:26:11'),(43,12,'item_id',0,'2023-01-17 19:26:11'),(44,12,'Owner',1,'2023-01-17 19:26:11'),(45,12,'SecurityService',2,'2023-01-17 19:26:11'),(46,12,'SecurityPolicy',3,'2023-01-17 19:26:11'),(47,12,'Project',4,'2023-01-17 19:26:11'),(48,12,'Risk',5,'2023-01-17 19:26:11'),(49,12,'ComplianceAnalysisFinding',6,'2023-01-17 19:26:11'),(50,13,'data_asset_status_id',0,'2023-01-17 19:26:11'),(51,13,'title',1,'2023-01-17 19:26:11'),(52,13,'BusinessUnit',2,'2023-01-17 19:26:11'),(53,13,'ThirdParty',3,'2023-01-17 19:26:11'),(54,13,'SecurityService',4,'2023-01-17 19:26:11'),(55,13,'SecurityPolicy',5,'2023-01-17 19:26:11'),(56,13,'Project',6,'2023-01-17 19:26:11'),(57,14,'gdpr_enabled',0,'2023-01-17 19:26:11'),(58,14,'driver_for_compliance',1,'2023-01-17 19:26:11'),(59,14,'DataOwner',2,'2023-01-17 19:26:11'),(60,14,'Dpo',3,'2023-01-17 19:26:11'),(61,14,'Processor',4,'2023-01-17 19:26:11'),(62,14,'Controller',5,'2023-01-17 19:26:11'),(63,14,'ControllerRepresentative',6,'2023-01-17 19:26:11'),(64,14,'SupervisoryAuthority',7,'2023-01-17 19:26:11'),(65,15,'description',0,'2023-01-17 19:26:11'),(66,15,'expiration',1,'2023-01-17 19:26:11'),(67,15,'closure_date',2,'2023-01-17 19:26:11'),(68,15,'Requestor',3,'2023-01-17 19:26:11'),(69,15,'status',4,'2023-01-17 19:26:11'),(70,16,'index',0,'2023-01-17 19:26:11'),(71,16,'version',1,'2023-01-17 19:26:11'),(72,16,'published_date',2,'2023-01-17 19:26:11'),(73,16,'Owner',3,'2023-01-17 19:26:11'),(74,17,'goal',0,'2023-01-17 19:26:11'),(75,17,'start',1,'2023-01-17 19:26:11'),(76,17,'deadline',2,'2023-01-17 19:26:11'),(77,17,'plan_budget',3,'2023-01-17 19:26:11'),(78,17,'Owner',4,'2023-01-17 19:26:11'),(79,17,'project_status_id',5,'2023-01-17 19:26:11'),(80,18,'task_order',0,'2023-01-17 19:26:11'),(81,18,'description',1,'2023-01-17 19:26:11'),(82,18,'date',2,'2023-01-17 19:26:11'),(83,18,'completion',3,'2023-01-17 19:26:11'),(84,18,'TaskOwner',4,'2023-01-17 19:26:11'),(85,19,'description',0,'2023-01-17 19:26:11'),(86,19,'expiration',1,'2023-01-17 19:26:11'),(87,19,'closure_date',2,'2023-01-17 19:26:11'),(88,19,'Requestor',3,'2023-01-17 19:26:11'),(89,19,'status',4,'2023-01-17 19:26:11'),(90,20,'title',0,'2023-01-17 19:26:11'),(91,20,'description',1,'2023-01-17 19:26:11'),(92,21,'title',0,'2023-01-17 19:26:11'),(93,21,'description',1,'2023-01-17 19:26:11'),(94,22,'title',0,'2023-01-17 19:26:11'),(95,22,'description',1,'2023-01-17 19:26:11'),(96,23,'description',0,'2023-01-17 19:26:11'),(97,23,'Asset',1,'2023-01-17 19:26:11'),(98,23,'Owner',2,'2023-01-17 19:26:11'),(99,23,'Stakeholder',3,'2023-01-17 19:26:11'),(100,24,'planned_date',0,'2023-01-17 19:26:11'),(101,24,'actual_date',1,'2023-01-17 19:26:11'),(102,24,'description',2,'2023-01-17 19:26:11'),(103,24,'Reviewer',3,'2023-01-17 19:26:11'),(104,25,'risk_mitigation_strategy_id',0,'2023-01-17 19:26:11'),(105,25,'SecurityService',1,'2023-01-17 19:26:11'),(106,25,'SecurityPolicyTreatment',2,'2023-01-17 19:26:11'),(107,25,'Project',3,'2023-01-17 19:26:11'),(108,25,'RiskException',4,'2023-01-17 19:26:11'),(109,26,'type',0,'2023-01-17 19:26:11'),(110,26,'description',1,'2023-01-17 19:26:11'),(111,26,'open_date',2,'2023-01-17 19:26:11'),(112,26,'closure_date',3,'2023-01-17 19:26:11'),(113,26,'reporter',4,'2023-01-17 19:26:11'),(114,26,'victim',5,'2023-01-17 19:26:11'),(115,27,'stage_name',0,'2023-01-17 19:26:11'),(116,27,'stage_description',1,'2023-01-17 19:26:11'),(117,27,'status',2,'2023-01-17 19:26:11'),(118,28,'short_description',0,'2023-01-17 19:26:11'),(119,28,'published_date',1,'2023-01-17 19:26:11'),(120,28,'version',2,'2023-01-17 19:26:11'),(121,28,'Owner',3,'2023-01-17 19:26:11'),(122,28,'Collaborator',4,'2023-01-17 19:26:11'),(123,29,'planned_date',0,'2023-01-17 19:26:11'),(124,29,'actual_date',1,'2023-01-17 19:26:11'),(125,29,'description',2,'2023-01-17 19:26:11'),(126,29,'version',3,'2023-01-17 19:26:11'),(127,29,'use_attachments',4,'2023-01-17 19:26:11'),(128,30,'audit_metric_description',0,'2023-01-17 19:26:11'),(129,30,'audit_success_criteria',1,'2023-01-17 19:26:11'),(130,30,'result_description',2,'2023-01-17 19:26:11'),(131,30,'result',3,'2023-01-17 19:26:11'),(132,31,'objective',0,'2023-01-17 19:26:12'),(133,31,'ServiceOwner',1,'2023-01-17 19:26:12'),(134,31,'Collaborator',2,'2023-01-17 19:26:12'),(135,31,'SecurityPolicy',3,'2023-01-17 19:26:12'),(136,32,'audit_metric_description',0,'2023-01-17 19:26:12'),(137,32,'audit_success_criteria',1,'2023-01-17 19:26:12'),(138,32,'AuditEvidenceOwner',2,'2023-01-17 19:26:12'),(139,32,'AuditOwner',3,'2023-01-17 19:26:12'),(140,33,'audit_metric_description',0,'2023-01-17 19:26:12'),(141,33,'audit_success_criteria',1,'2023-01-17 19:26:12'),(142,33,'result',2,'2023-01-17 19:26:12'),(143,33,'result_description',3,'2023-01-17 19:26:12'),(144,33,'planned_date',4,'2023-01-17 19:26:12'),(145,33,'end_date',5,'2023-01-17 19:26:12'),(146,34,'name',0,'2023-01-17 19:26:12'),(147,34,'description',1,'2023-01-17 19:26:12'),(148,34,'third_party_type_id',2,'2023-01-17 19:26:12'),(149,34,'Sponsor',3,'2023-01-17 19:26:12'),(150,34,'Legal',4,'2023-01-17 19:26:12'),(151,35,'SecurityIncident',0,'2023-01-17 19:26:12'),(152,36,'ThirdPartyRisk',0,'2023-01-17 19:26:12'),(153,37,'description',0,'2023-01-17 19:26:12'),(154,37,'Asset',1,'2023-01-17 19:26:12'),(155,37,'ThirdParty',2,'2023-01-17 19:26:12'),(156,37,'Owner',3,'2023-01-17 19:26:12'),(157,37,'Stakeholder',4,'2023-01-17 19:26:12'),(158,38,'planned_date',0,'2023-01-17 19:26:12'),(159,38,'actual_date',1,'2023-01-17 19:26:12'),(160,38,'description',2,'2023-01-17 19:26:12'),(161,38,'description',3,'2023-01-17 19:26:12'),(162,38,'Reviewer',4,'2023-01-17 19:26:12'),(163,39,'risk_mitigation_strategy_id',0,'2023-01-17 19:26:12'),(164,39,'SecurityService',1,'2023-01-17 19:26:12'),(165,39,'SecurityPolicyTreatment',2,'2023-01-17 19:26:12'),(166,39,'Project',3,'2023-01-17 19:26:12'),(167,39,'RiskException',4,'2023-01-17 19:26:12');
/*!40000 ALTER TABLE `report_block_table_fields` ENABLE KEYS */;
UNLOCK TABLES;

--
-- Table structure for table `report_block_table_settings`
--

DROP TABLE IF EXISTS `report_block_table_settings`;
/*!40101 SET @saved_cs_client     = @@character_set_client */;
/*!50503 SET character_set_client = utf8mb4 */;
CREATE TABLE `report_block_table_settings` (
  `id` int NOT NULL AUTO_INCREMENT,
  `report_block_id` int NOT NULL,
  `model` varchar(255) COLLATE utf8mb4_unicode_ci NOT NULL,
  `content` text COLLATE utf8mb4_unicode_ci NOT NULL,
  `created` datetime NOT NULL,
  `modified` datetime NOT NULL,
  PRIMARY KEY (`id`),
  KEY `report_block_id` (`report_block_id`),
  CONSTRAINT `report_block_table_settings_ibfk_2` FOREIGN KEY (`report_block_id`) REFERENCES `report_blocks` (`id`) ON DELETE CASCADE ON UPDATE CASCADE
) ENGINE=InnoDB AUTO_INCREMENT=40 DEFAULT CHARSET=utf8mb4 COLLATE=utf8mb4_unicode_ci;
/*!40101 SET character_set_client = @saved_cs_client */;

--
-- Dumping data for table `report_block_table_settings`
--

LOCK TABLES `report_block_table_settings` WRITE;
/*!40000 ALTER TABLE `report_block_table_settings` DISABLE KEYS */;
INSERT INTO `report_block_table_settings` VALUES (1,2,'Assets','<h2><b>Basic Attributes</b></h2><p>The table below shows general settings for this asset.</p>','2023-01-17 19:26:11','2023-01-17 19:26:11'),(2,4,'AssetReviews','<h2><b>Asset Reviews</b></h2><p>The table below shows a full list of reviews for this asset.</p>','2023-01-17 19:26:11','2023-01-17 19:26:11'),(3,6,'BusinessContinuities','<h2><b>Basic Attributes</b></h2><p>The table below shows general settings for this Risk.</p>','2023-01-17 19:26:11','2023-01-17 19:26:11'),(4,22,'BusinessUnits','<h3>General BU Attributes</h3><p>The following table shows the general attributes of this Business Unit</p>','2023-01-17 19:26:11','2023-01-17 19:26:11'),(5,23,'BusinessUnits','<h3>Related Processes</h3><p>Business units act as parent for Processes, the reason for this is because Business Risks will be linked to Processes</p>','2023-01-17 19:26:11','2023-01-17 19:26:11'),(6,24,'BusinessUnits','<h3>Related Assets</h3><p>Business Units act as parents to Assets, the reason for this is because Asset Risks are linked to Assets</p>','2023-01-17 19:26:11','2023-01-17 19:26:11'),(7,40,'ComplianceAnalysisFindings','<h2><b>Basic Attributes</b></h2><p>The table below shows general settings for this Finding.</p>','2023-01-17 19:26:11','2023-01-17 19:26:11'),(8,41,'ComplianceManagements','<h2><b>Compliance Analysis Item</b></h2><p>The table below shows the items affected by this Audit finding.</p>','2023-01-17 19:26:11','2023-01-17 19:26:11'),(9,43,'ComplianceExceptions','<h2><b>Basic Attributes</b></h2><p>The table below shows general settings for this exception.</p>','2023-01-17 19:26:11','2023-01-17 19:26:11'),(10,44,'ComplianceManagements','<h2><b>Associated Compliance Items</b></h2><p>The table below shows all compliance items related to this exception.</p>','2023-01-17 19:26:11','2023-01-17 19:26:11'),(11,49,'CompliancePackageRegulators','<h3>%COMPLIANCEPACKAGEREGULATOR_NAME% General Attributes</h3><p>The following are the general attributes for this compliance package</p>','2023-01-17 19:26:11','2023-01-17 19:26:11'),(12,55,'CompliancePackages.CompliancePackageItems.ComplianceManagements','<h3>%COMPLIANCEPACKAGEREGULATOR_NAME% Treatment Report</h3><p>This table shows compliance requirements and their associated treatment options</p>','2023-01-17 19:26:11','2023-01-17 19:26:11'),(13,61,'DataAssets','<h2><b>Basic Attributes</b></h2><p>The table below displays basic attributes for each data flow.</p>','2023-01-17 19:26:11','2023-01-17 19:26:11'),(14,63,'DataAssetSettings','<h2><b>General GDPR Attributes</b></h2><p>The table below describes basic GDPR settings for this asset.</p>','2023-01-17 19:26:11','2023-01-17 19:26:11'),(15,65,'PolicyExceptions','<h2><b>Basic Attributes</b></h2><p>The table below shows general settings for this policy Exception.</p>','2023-01-17 19:26:11','2023-01-17 19:26:11'),(16,66,'SecurityPolicies','<h2><b>Associated Policies with this Exception</b></h2><p>The table below shows all policies associated with this exception.</p>','2023-01-17 19:26:11','2023-01-17 19:26:11'),(17,71,'Projects','<h2><b>Basic Project Attributes</b></h2><p>The table below shows general settings for this Project.</p>','2023-01-17 19:26:11','2023-01-17 19:26:11'),(18,73,'ProjectAchievements','<h2><b>Project Task</b></h2><p>The table below shows the tasks for this project.</p>','2023-01-17 19:26:11','2023-01-17 19:26:11'),(19,75,'RiskExceptions','<h2><b>Basic Attributes</b></h2><p>The table below shows general settings for this exception.</p>','2023-01-17 19:26:11','2023-01-17 19:26:11'),(20,76,'Risks','<h2><b>Associated Asset Risks</b></h2><p>The table below shows all associated Asset Risks for this Exception.</p>','2023-01-17 19:26:11','2023-01-17 19:26:11'),(21,77,'ThirdPartyRisks','<h2><b>Associated Third Party Risks</b></h2><p>The table below shows all associated Third Party risk for this exception.</p>','2023-01-17 19:26:11','2023-01-17 19:26:11'),(22,78,'BusinessContinuities','<h2><b>Associated Business Risks</b></h2><p>The table below shows all associated Business Risks for this exception.</p>','2023-01-17 19:26:11','2023-01-17 19:26:11'),(23,83,'Risks','<h2><b>Basic Attributes</b></h2><p>The table below shows general settings for this Risk.</p>','2023-01-17 19:26:11','2023-01-17 19:26:11'),(24,84,'RiskReviews','<h2><b>Review</b></h2><p>The table below shows all reviews for this Risk.</p>','2023-01-17 19:26:11','2023-01-17 19:26:11'),(25,86,'Risks','<h2><b>Risk Treatment</b></h2><p>The table below shows the risk treatment strategy for this risk.</p>','2023-01-17 19:26:11','2023-01-17 19:26:11'),(26,102,'SecurityIncidents','<h2><b>Basic Attributes</b></h2><p>The table below shows general settings for this Incident.</p>','2023-01-17 19:26:11','2023-01-17 19:26:11'),(27,104,'SecurityIncidentStagesSecurityIncidents','<h2><b>Stage Attributes</b></h2><p>The table below shows stages and status for this incident.</p>','2023-01-17 19:26:11','2023-01-17 19:26:11'),(28,106,'SecurityPolicies','<h2><b>Basic Attributes</b></h2><p>The table below shows general settings for this policy.</p>','2023-01-17 19:26:11','2023-01-17 19:26:11'),(29,110,'SecurityPolicyReviews','<h2><b>Document Reviews</b></h2><p>The table below shows a list of all reviews for this document.</p>','2023-01-17 19:26:11','2023-01-17 19:26:11'),(30,116,'SecurityServiceAudits',' ','2023-01-17 19:26:11','2023-01-17 19:26:11'),(31,118,'SecurityServices','<h2><b>Basic Attributes</b></h2><p>The table below shows general settings for this control.</p>','2023-01-17 19:26:12','2023-01-17 19:26:12'),(32,123,'SecurityServices','<h2><b>Audit Attributes</b></h2><p>The table below shows the audit methodology and stakeholders involved in submitting evidence and analysing it.</p>','2023-01-17 19:26:12','2023-01-17 19:26:12'),(33,127,'SecurityServiceAudits','<h2><b>Audits for this Control</b></h2><p>The table below shows a list of all audit records for this control.</p>','2023-01-17 19:26:12','2023-01-17 19:26:12'),(34,137,'ThirdParties','<h2><b>Basic Attributes</b></h2><p>The table below shows the basic attributes for this Third Party.</p>','2023-01-17 19:26:12','2023-01-17 19:26:12'),(35,138,'ThirdParties','<h2><b>Associated Incidents</b></h2><p>The table below shows associated Incidents for this Third Party.</p>','2023-01-17 19:26:12','2023-01-17 19:26:12'),(36,139,'ThirdParties','<h2><b>Associated Third Party Risks</b></h2><p>The table below shows the associated third party Risks.</p>','2023-01-17 19:26:12','2023-01-17 19:26:12'),(37,141,'ThirdPartyRisks','<h2><b>Basic Attributes</b></h2><p>The table below shows general settings for this Third Party Risk.</p>','2023-01-17 19:26:12','2023-01-17 19:26:12'),(38,142,'ThirdPartyRiskReviews','<h2><b>Review</b></h2><p>The table below shows all reviews for this Third Party Risk.</p>','2023-01-17 19:26:12','2023-01-17 19:26:12'),(39,144,'ThirdPartyRisks','<h2><b>Risk Treatment</b></h2><p>The table below shows the risk treatment strategy for this risk.</p>','2023-01-17 19:26:12','2023-01-17 19:26:12');
/*!40000 ALTER TABLE `report_block_table_settings` ENABLE KEYS */;
UNLOCK TABLES;

--
-- Table structure for table `report_block_tasklist_setting_tasks`
--

DROP TABLE IF EXISTS `report_block_tasklist_setting_tasks`;
/*!40101 SET @saved_cs_client     = @@character_set_client */;
/*!50503 SET character_set_client = utf8mb4 */;
CREATE TABLE `report_block_tasklist_setting_tasks` (
  `id` int NOT NULL AUTO_INCREMENT,
  `report_block_tasklist_setting_id` int NOT NULL,
  `task` varchar(255) COLLATE utf8mb4_unicode_ci NOT NULL DEFAULT '',
  `created` datetime NOT NULL,
  PRIMARY KEY (`id`),
  KEY `report_block_tasklist_setting_id` (`report_block_tasklist_setting_id`),
  CONSTRAINT `report_block_tasklist_setting_tasks_ibfk_1` FOREIGN KEY (`report_block_tasklist_setting_id`) REFERENCES `report_block_tasklist_settings` (`id`) ON DELETE CASCADE ON UPDATE CASCADE
) ENGINE=InnoDB AUTO_INCREMENT=88 DEFAULT CHARSET=utf8mb4 COLLATE=utf8mb4_unicode_ci;
/*!40101 SET character_set_client = @saved_cs_client */;

--
-- Dumping data for table `report_block_tasklist_setting_tasks`
--

LOCK TABLES `report_block_tasklist_setting_tasks` WRITE;
/*!40000 ALTER TABLE `report_block_tasklist_setting_tasks` DISABLE KEYS */;
INSERT INTO `report_block_tasklist_setting_tasks` VALUES (1,1,'AssetReviews','2023-01-17 19:26:12'),(2,1,'RiskReviews','2023-01-17 19:26:12'),(3,1,'ThirdPartyRiskReviews','2023-01-17 19:26:12'),(4,1,'BusinessContinuityReviews','2023-01-17 19:26:12'),(5,1,'SecurityPolicyReviews','2023-01-17 19:26:12'),(6,1,'SecurityServiceAudits','2023-01-17 19:26:12'),(7,1,'SecurityServiceMaintenances','2023-01-17 19:26:12'),(8,1,'RiskExceptions','2023-01-17 19:26:12'),(9,1,'ComplianceExceptions','2023-01-17 19:26:12'),(10,1,'PolicyExceptions','2023-01-17 19:26:12'),(11,1,'ComplianceAnalysisFindings','2023-01-17 19:26:12'),(12,1,'Projects','2023-01-17 19:26:12'),(13,1,'ProjectAchievements','2023-01-17 19:26:12'),(14,1,'BusinessContinuityPlanAudits','2023-01-17 19:26:12'),(15,2,'AssetReviews','2023-01-17 19:26:12'),(16,2,'RiskReviews','2023-01-17 19:26:12'),(17,2,'ThirdPartyRiskReviews','2023-01-17 19:26:12'),(18,2,'BusinessContinuityReviews','2023-01-17 19:26:12'),(19,2,'SecurityPolicyReviews','2023-01-17 19:26:12'),(20,2,'SecurityServiceAudits','2023-01-17 19:26:12'),(21,2,'SecurityServiceMaintenances','2023-01-17 19:26:12'),(22,2,'RiskExceptions','2023-01-17 19:26:12'),(23,2,'ComplianceExceptions','2023-01-17 19:26:12'),(24,2,'PolicyExceptions','2023-01-17 19:26:12'),(25,2,'ComplianceAnalysisFindings','2023-01-17 19:26:12'),(26,2,'Projects','2023-01-17 19:26:12'),(27,2,'ProjectAchievements','2023-01-17 19:26:12'),(28,2,'BusinessContinuityPlanAudits','2023-01-17 19:26:12'),(29,3,'AssetReviews','2023-01-17 19:26:12'),(30,3,'RiskReviews','2023-01-17 19:26:12'),(31,3,'ThirdPartyRiskReviews','2023-01-17 19:26:12'),(32,3,'BusinessContinuityReviews','2023-01-17 19:26:12'),(33,3,'SecurityPolicyReviews','2023-01-17 19:26:12'),(34,3,'SecurityServiceAudits','2023-01-17 19:26:12'),(35,3,'SecurityServiceMaintenances','2023-01-17 19:26:12'),(36,3,'RiskExceptions','2023-01-17 19:26:12'),(37,3,'ComplianceExceptions','2023-01-17 19:26:12'),(38,3,'PolicyExceptions','2023-01-17 19:26:12'),(39,3,'ComplianceAnalysisFindings','2023-01-17 19:26:12'),(40,3,'Projects','2023-01-17 19:26:12'),(41,3,'ProjectAchievements','2023-01-17 19:26:12'),(42,3,'BusinessContinuityPlanAudits','2023-01-17 19:26:12'),(43,4,'AssetReviews','2023-01-17 19:26:12'),(44,4,'RiskReviews','2023-01-17 19:26:12'),(45,4,'ThirdPartyRiskReviews','2023-01-17 19:26:12'),(46,4,'BusinessContinuityReviews','2023-01-17 19:26:12'),(47,4,'SecurityPolicyReviews','2023-01-17 19:26:12'),(48,4,'SecurityServiceAudits','2023-01-17 19:26:12'),(49,4,'SecurityServiceMaintenances','2023-01-17 19:26:12'),(50,4,'RiskExceptions','2023-01-17 19:26:12'),(51,4,'ComplianceExceptions','2023-01-17 19:26:12'),(52,4,'PolicyExceptions','2023-01-17 19:26:12'),(53,4,'ComplianceAnalysisFindings','2023-01-17 19:26:12'),(54,4,'VendorAssessments.VendorAssessmentFindings','2023-01-17 19:26:12'),(55,4,'Projects','2023-01-17 19:26:12'),(56,4,'ProjectAchievements','2023-01-17 19:26:12'),(57,4,'BusinessContinuityPlanAudits','2023-01-17 19:26:12'),(58,5,'AssetReviews','2023-01-17 19:26:12'),(59,5,'RiskReviews','2023-01-17 19:26:12'),(60,5,'ThirdPartyRiskReviews','2023-01-17 19:26:12'),(61,5,'BusinessContinuityReviews','2023-01-17 19:26:12'),(62,5,'SecurityPolicyReviews','2023-01-17 19:26:12'),(63,5,'SecurityServiceAudits','2023-01-17 19:26:12'),(64,5,'SecurityServiceMaintenances','2023-01-17 19:26:12'),(65,5,'RiskExceptions','2023-01-17 19:26:12'),(66,5,'ComplianceExceptions','2023-01-17 19:26:12'),(67,5,'PolicyExceptions','2023-01-17 19:26:12'),(68,5,'ComplianceAnalysisFindings','2023-01-17 19:26:12'),(69,5,'VendorAssessments.VendorAssessmentFindings','2023-01-17 19:26:12'),(70,5,'Projects','2023-01-17 19:26:12'),(71,5,'ProjectAchievements','2023-01-17 19:26:12'),(72,5,'BusinessContinuityPlanAudits','2023-01-17 19:26:12'),(73,6,'AssetReviews','2023-01-17 19:26:12'),(74,6,'RiskReviews','2023-01-17 19:26:12'),(75,6,'ThirdPartyRiskReviews','2023-01-17 19:26:12'),(76,6,'BusinessContinuityReviews','2023-01-17 19:26:12'),(77,6,'SecurityPolicyReviews','2023-01-17 19:26:12'),(78,6,'SecurityServiceAudits','2023-01-17 19:26:12'),(79,6,'SecurityServiceMaintenances','2023-01-17 19:26:12'),(80,6,'RiskExceptions','2023-01-17 19:26:12'),(81,6,'ComplianceExceptions','2023-01-17 19:26:12'),(82,6,'PolicyExceptions','2023-01-17 19:26:12'),(83,6,'ComplianceAnalysisFindings','2023-01-17 19:26:12'),(84,6,'VendorAssessments.VendorAssessmentFindings','2023-01-17 19:26:12'),(85,6,'Projects','2023-01-17 19:26:12'),(86,6,'ProjectAchievements','2023-01-17 19:26:12'),(87,6,'BusinessContinuityPlanAudits','2023-01-17 19:26:12');
/*!40000 ALTER TABLE `report_block_tasklist_setting_tasks` ENABLE KEYS */;
UNLOCK TABLES;

--
-- Table structure for table `report_block_tasklist_settings`
--

DROP TABLE IF EXISTS `report_block_tasklist_settings`;
/*!40101 SET @saved_cs_client     = @@character_set_client */;
/*!50503 SET character_set_client = utf8mb4 */;
CREATE TABLE `report_block_tasklist_settings` (
  `id` int NOT NULL AUTO_INCREMENT,
  `report_block_id` int NOT NULL,
  `content` text COLLATE utf8mb4_unicode_ci NOT NULL,
  `type` int NOT NULL DEFAULT '1',
  `created` datetime NOT NULL,
  `modified` datetime NOT NULL,
  PRIMARY KEY (`id`),
  KEY `report_block_id` (`report_block_id`),
  CONSTRAINT `report_block_tasklist_settings_ibfk_2` FOREIGN KEY (`report_block_id`) REFERENCES `report_blocks` (`id`) ON DELETE CASCADE ON UPDATE CASCADE
) ENGINE=InnoDB AUTO_INCREMENT=7 DEFAULT CHARSET=utf8mb4 COLLATE=utf8mb4_unicode_ci;
/*!40101 SET character_set_client = @saved_cs_client */;

--
-- Dumping data for table `report_block_tasklist_settings`
--

LOCK TABLES `report_block_tasklist_settings` WRITE;
/*!40000 ALTER TABLE `report_block_tasklist_settings` DISABLE KEYS */;
INSERT INTO `report_block_tasklist_settings` VALUES (1,163,'<h3>Expired Tasks</h3>',2,'2023-01-17 19:26:12','2023-01-17 19:26:12'),(2,164,'<h3>Today Tasks</h3>',1,'2023-01-17 19:26:12','2023-01-17 19:26:12'),(3,165,'<h3>Future Tasks</h3>',3,'2023-01-17 19:26:12','2023-01-17 19:26:12'),(4,168,'<h3>Expired Tasks</h3>',2,'2023-01-17 19:26:12','2023-01-17 19:26:12'),(5,169,'<h3>Today Tasks</h3>',1,'2023-01-17 19:26:12','2023-01-17 19:26:12'),(6,170,'<h3>Future Tasks</h3>',3,'2023-01-17 19:26:12','2023-01-17 19:26:12');
/*!40000 ALTER TABLE `report_block_tasklist_settings` ENABLE KEYS */;
UNLOCK TABLES;

--
-- Table structure for table `report_block_text_settings`
--

DROP TABLE IF EXISTS `report_block_text_settings`;
/*!40101 SET @saved_cs_client     = @@character_set_client */;
/*!50503 SET character_set_client = utf8mb4 */;
CREATE TABLE `report_block_text_settings` (
  `id` int NOT NULL AUTO_INCREMENT,
  `report_block_id` int NOT NULL,
  `content` text COLLATE utf8mb4_unicode_ci NOT NULL,
  `created` datetime NOT NULL,
  `modified` datetime NOT NULL,
  PRIMARY KEY (`id`),
  KEY `report_block_id` (`report_block_id`),
  CONSTRAINT `report_block_text_settings_ibfk_2` FOREIGN KEY (`report_block_id`) REFERENCES `report_blocks` (`id`) ON DELETE CASCADE ON UPDATE CASCADE
) ENGINE=InnoDB AUTO_INCREMENT=30 DEFAULT CHARSET=utf8mb4 COLLATE=utf8mb4_unicode_ci;
/*!40101 SET character_set_client = @saved_cs_client */;

--
-- Dumping data for table `report_block_text_settings`
--

LOCK TABLES `report_block_text_settings` WRITE;
/*!40000 ALTER TABLE `report_block_text_settings` DISABLE KEYS */;
INSERT INTO `report_block_text_settings` VALUES (1,1,'<h1><b>Asset Report: %ASSET_NAME%</b></h1><p>This report describes general attributes for this asset.</p>','2023-01-17 19:26:11','2023-01-17 19:26:11'),(2,5,'<h1><b>Business Risk Report: %BUSINESSCONTINUITY_TITLE%</b></h1><p>This report describes general attributes for this Business Risk.</p>','2023-01-17 19:26:11','2023-01-17 19:26:11'),(3,8,'<h1><b>Business Risk Summary</b></h1><p>This report describes general attributes for all Business Risks in the scope of this GRC program.</p>','2023-01-17 19:26:11','2023-01-17 19:26:11'),(4,21,'<h1>%BUSINESSUNIT_NAME% Business Units Report</h1><h5>Business Units are linked to two main types of Risks: Assets and Business Risks. This report shows those relationships in terms of the number and amount of risks. This report focuses on the business unit %BUSINESSUNIT_NAME% alone.</h5>','2023-01-17 19:26:11','2023-01-17 19:26:11'),(5,29,'<h1>Business Units Report</h1><h5>Business Units are linked to two main types of Risks: Assets and Business Risks. This report shows those relationships in terms of the number and amount of risks.</h5>','2023-01-17 19:26:11','2023-01-17 19:26:11'),(6,39,'<h1><b>Compliance Analysis Finding Report: %COMPLIANCEANALYSISFINDING_TITLE%</b></h1><p>This report describes general attributes for this Compliance Audit Finding.</p>','2023-01-17 19:26:11','2023-01-17 19:26:11'),(7,42,'<h1><b>Compliance Exception Report: %COMPLIANCEEXCEPTION_TITLE%</b></h1><p>This report describes general attributes for this exception.</p>','2023-01-17 19:26:11','2023-01-17 19:26:11'),(8,45,'<h1><b>Compliance Exception Summary</b></h1>','2023-01-17 19:26:11','2023-01-17 19:26:11'),(9,48,'<h1>%COMPLIANCEPACKAGEREGULATOR_NAME% Compliance Report</h1><h5>This report reflects the current and overt time compliance status for this organisation</h5>','2023-01-17 19:26:11','2023-01-17 19:26:11'),(10,56,'<h1>General Compliance Status</h1><h5>This report intends to explain, for all compliance packages in the system, their overall compliance status. The report shows the desired strategy, the current status, the amount of items not compliant over time, Etc.</h5>','2023-01-17 19:26:11','2023-01-17 19:26:11'),(11,60,'<h1><b>Data Flow Basic Report %DATAASSETINSTANCE_ASSET_ID%</b></h1><p>This report describes general attributes for this asset data flow.</p>','2023-01-17 19:26:11','2023-01-17 19:26:11'),(12,64,'<h1><b>Policy Exception Report: %POLICYEXCEPTION_TITLE%</b></h1><p>This report describes general attributes for this policy exception.</p>','2023-01-17 19:26:11','2023-01-17 19:26:11'),(13,67,'<h1><b>Policy Exception Summary</b></h1>','2023-01-17 19:26:11','2023-01-17 19:26:11'),(14,70,'<h1><b>Project Report: %PROJECT_TITLE%</b></h1><p>This report describes general attributes for this Project.</p>','2023-01-17 19:26:11','2023-01-17 19:26:11'),(15,74,'<h1><b>Risk Exception Report: %RISKEXCEPTION_TITLE%</b></h1><p>This report describes general attributes for this Risk Exception.</p>','2023-01-17 19:26:11','2023-01-17 19:26:11'),(16,79,'<h1><b>Risk Exception Summary</b></h1>','2023-01-17 19:26:11','2023-01-17 19:26:11'),(17,82,'<h1><b>Asset Risk Report: %RISK_TITLE%</b></h1><p>This report describes general attributes for this Risk.</p>','2023-01-17 19:26:11','2023-01-17 19:26:11'),(18,88,'<h1><b>Asset Risk Summary</b></h1><p>This report describes general attributes for all Asset Risks in the scope of this GRC program.</p>','2023-01-17 19:26:11','2023-01-17 19:26:11'),(19,101,'<h1><b>Incident Report: %SECURITYINCIDENT_TITLE%</b></h1><p>This report describes general attributes for this Incident.</p>','2023-01-17 19:26:11','2023-01-17 19:26:11'),(20,105,'<h1><b>Security Policy Report: %SECURITYPOLICY_TITLE%</b></h1><p>This report general attributes for this policy.</p>','2023-01-17 19:26:11','2023-01-17 19:26:11'),(21,112,'<h1><b>Policies Summary</b></h1><p>This report describes general attributes for all policies in the scope of this GRC program.</p>','2023-01-17 19:26:11','2023-01-17 19:26:11'),(22,115,'<h1><b>Control Audit Report: %INTERNAL_CONTROL_NAME%</b></h1><p>This is the report for the testing planned for the date %SECURITYSERVICEAUDIT_PLANNED_DATE% which started on %SECURITYSERVICEAUDIT_START_DATE% and finished on %SECURITYSERVICEAUDIT_END_DATE%.</p>','2023-01-17 19:26:11','2023-01-17 19:26:11'),(23,117,'<h1><b>Internal Control Report: %INTERNAL_CONTROL_NAME%</b></h1><p>This report describes general attributes for this control.</p>','2023-01-17 19:26:12','2023-01-17 19:26:12'),(24,128,'<h1><b>Internal Controls Summary</b></h1><p>This report describes general attributes for all controls in the scope of this GRC program.</p>','2023-01-17 19:26:12','2023-01-17 19:26:12'),(25,136,'<h1><b>Third Party: %THIRDPARTY_NAME%</b></h1><p>This is a brief report on the Third Party related risks and Online Assessments</p>','2023-01-17 19:26:12','2023-01-17 19:26:12'),(26,140,'<h1><b>Third Party Risk Report: %THIRDPARTYRISK_TITLE%</b></h1><p>This report describes general attributes for this Third Party Risk.</p>','2023-01-17 19:26:12','2023-01-17 19:26:12'),(27,146,'<h1><b>Third Party Risk Summary</b></h1><p>This report describes general attributes for all Third Party Risks in the scope of this GRC program.</p>','2023-01-17 19:26:12','2023-01-17 19:26:12'),(28,159,'<h1><b>Third Party OA Summary</b></h1><p>The charts and reports bellow summarises Third Parties related Online Assessments status.</p>','2023-01-17 19:26:12','2023-01-17 19:26:12'),(29,162,'<h3>This is a community install - this dashboard has limited charts. Upgrade to enterprise for more chart options and support this project!</h3>','2023-01-17 19:26:12','2023-01-17 19:26:12');
/*!40000 ALTER TABLE `report_block_text_settings` ENABLE KEYS */;
UNLOCK TABLES;

--
-- Table structure for table `report_blocks`
--

DROP TABLE IF EXISTS `report_blocks`;
/*!40101 SET @saved_cs_client     = @@character_set_client */;
/*!50503 SET character_set_client = utf8mb4 */;
CREATE TABLE `report_blocks` (
  `id` int NOT NULL AUTO_INCREMENT,
  `report_template_id` int NOT NULL,
  `parent_id` int DEFAULT NULL,
  `type` int NOT NULL,
  `design` int NOT NULL DEFAULT '1',
  `size` int NOT NULL DEFAULT '1',
  `order` int NOT NULL,
  `created` datetime NOT NULL,
  `modified` datetime NOT NULL,
  PRIMARY KEY (`id`),
  KEY `report_template_id` (`report_template_id`),
  KEY `parent_id` (`parent_id`),
  CONSTRAINT `report_blocks_ibfk_1` FOREIGN KEY (`report_template_id`) REFERENCES `report_templates` (`id`) ON DELETE CASCADE ON UPDATE CASCADE,
  CONSTRAINT `report_blocks_ibfk_2` FOREIGN KEY (`parent_id`) REFERENCES `report_blocks` (`id`) ON DELETE SET NULL ON UPDATE CASCADE
) ENGINE=InnoDB AUTO_INCREMENT=186 DEFAULT CHARSET=utf8mb4 COLLATE=utf8mb4_unicode_ci;
/*!40101 SET character_set_client = @saved_cs_client */;

--
-- Dumping data for table `report_blocks`
--

LOCK TABLES `report_blocks` WRITE;
/*!40000 ALTER TABLE `report_blocks` DISABLE KEYS */;
INSERT INTO `report_blocks` VALUES (1,1,NULL,2,1,12,0,'2023-01-17 19:26:11','2023-01-17 19:26:11'),(2,1,NULL,3,1,12,1,'2023-01-17 19:26:11','2023-01-17 19:26:11'),(3,1,NULL,5,1,12,2,'2023-01-17 19:26:11','2023-01-17 19:26:11'),(4,1,NULL,3,1,12,3,'2023-01-17 19:26:11','2023-01-17 19:26:11'),(5,2,NULL,2,1,12,0,'2023-01-17 19:26:11','2023-01-17 19:26:11'),(6,2,NULL,3,1,12,1,'2023-01-17 19:26:11','2023-01-17 19:26:11'),(7,2,NULL,5,1,12,2,'2023-01-17 19:26:11','2023-01-17 19:26:11'),(8,3,NULL,2,1,12,0,'2023-01-17 19:26:11','2023-01-17 19:26:11'),(9,3,NULL,5,1,6,1,'2023-01-17 19:26:11','2023-01-17 19:26:11'),(10,3,NULL,5,1,6,2,'2023-01-17 19:26:11','2023-01-17 19:26:11'),(11,3,NULL,5,1,12,3,'2023-01-17 19:26:11','2023-01-17 19:26:11'),(12,3,NULL,5,1,12,4,'2023-01-17 19:26:11','2023-01-17 19:26:11'),(13,3,NULL,5,1,6,5,'2023-01-17 19:26:11','2023-01-17 19:26:11'),(14,3,NULL,5,1,6,6,'2023-01-17 19:26:11','2023-01-17 19:26:11'),(15,3,NULL,5,1,12,7,'2023-01-17 19:26:11','2023-01-17 19:26:11'),(16,3,NULL,5,1,12,8,'2023-01-17 19:26:11','2023-01-17 19:26:11'),(17,3,NULL,5,1,6,9,'2023-01-17 19:26:11','2023-01-17 19:26:11'),(18,3,NULL,5,1,6,10,'2023-01-17 19:26:11','2023-01-17 19:26:11'),(19,3,NULL,5,1,6,11,'2023-01-17 19:26:11','2023-01-17 19:26:11'),(20,3,NULL,5,1,6,12,'2023-01-17 19:26:11','2023-01-17 19:26:11'),(21,4,NULL,2,1,12,0,'2023-01-17 19:26:11','2023-01-17 19:26:11'),(22,4,NULL,3,1,12,1,'2023-01-17 19:26:11','2023-01-17 19:26:11'),(23,4,NULL,3,1,6,2,'2023-01-17 19:26:11','2023-01-17 19:26:11'),(24,4,NULL,3,1,6,3,'2023-01-17 19:26:11','2023-01-17 19:26:11'),(25,4,NULL,5,1,12,4,'2023-01-17 19:26:11','2023-01-17 19:26:11'),(26,4,NULL,5,1,12,5,'2023-01-17 19:26:11','2023-01-17 19:26:11'),(27,4,NULL,5,1,6,6,'2023-01-17 19:26:11','2023-01-17 19:26:11'),(28,4,NULL,5,1,6,7,'2023-01-17 19:26:11','2023-01-17 19:26:11'),(29,5,NULL,2,1,12,0,'2023-01-17 19:26:11','2023-01-17 19:26:11'),(30,5,NULL,5,1,12,1,'2023-01-17 19:26:11','2023-01-17 19:26:11'),(31,5,NULL,5,1,12,2,'2023-01-17 19:26:11','2023-01-17 19:26:11'),(32,5,NULL,5,1,12,3,'2023-01-17 19:26:11','2023-01-17 19:26:11'),(33,5,NULL,5,1,6,4,'2023-01-17 19:26:11','2023-01-17 19:26:11'),(34,5,NULL,5,1,6,5,'2023-01-17 19:26:11','2023-01-17 19:26:11'),(35,5,NULL,5,1,6,6,'2023-01-17 19:26:11','2023-01-17 19:26:11'),(36,5,NULL,5,1,6,7,'2023-01-17 19:26:11','2023-01-17 19:26:11'),(37,5,NULL,5,1,6,8,'2023-01-17 19:26:11','2023-01-17 19:26:11'),(38,5,NULL,5,1,6,9,'2023-01-17 19:26:11','2023-01-17 19:26:11'),(39,6,NULL,2,1,12,0,'2023-01-17 19:26:11','2023-01-17 19:26:11'),(40,6,NULL,3,1,12,1,'2023-01-17 19:26:11','2023-01-17 19:26:11'),(41,6,NULL,3,1,12,2,'2023-01-17 19:26:11','2023-01-17 19:26:11'),(42,7,NULL,2,1,12,0,'2023-01-17 19:26:11','2023-01-17 19:26:11'),(43,7,NULL,3,1,12,1,'2023-01-17 19:26:11','2023-01-17 19:26:11'),(44,7,NULL,3,1,12,2,'2023-01-17 19:26:11','2023-01-17 19:26:11'),(45,8,NULL,2,1,12,0,'2023-01-17 19:26:11','2023-01-17 19:26:11'),(46,8,NULL,5,1,6,1,'2023-01-17 19:26:11','2023-01-17 19:26:11'),(47,8,NULL,5,1,12,2,'2023-01-17 19:26:11','2023-01-17 19:26:11'),(48,9,NULL,2,1,12,0,'2023-01-17 19:26:11','2023-01-17 19:26:11'),(49,9,NULL,3,1,12,1,'2023-01-17 19:26:11','2023-01-17 19:26:11'),(50,9,NULL,5,1,12,2,'2023-01-17 19:26:11','2023-01-17 19:26:11'),(51,9,NULL,5,1,12,3,'2023-01-17 19:26:11','2023-01-17 19:26:11'),(52,9,NULL,5,1,12,4,'2023-01-17 19:26:11','2023-01-17 19:26:11'),(53,9,NULL,5,1,12,5,'2023-01-17 19:26:11','2023-01-17 19:26:11'),(54,9,NULL,5,1,12,6,'2023-01-17 19:26:11','2023-01-17 19:26:11'),(55,9,NULL,3,1,12,7,'2023-01-17 19:26:11','2023-01-17 19:26:11'),(56,10,NULL,2,1,12,0,'2023-01-17 19:26:11','2023-01-17 19:26:11'),(57,10,NULL,5,1,12,1,'2023-01-17 19:26:11','2023-01-17 19:26:11'),(58,10,NULL,5,1,12,2,'2023-01-17 19:26:11','2023-01-17 19:26:11'),(59,10,NULL,5,1,12,3,'2023-01-17 19:26:11','2023-01-17 19:26:11'),(60,11,NULL,2,1,12,0,'2023-01-17 19:26:11','2023-01-17 19:26:11'),(61,11,NULL,3,1,12,1,'2023-01-17 19:26:11','2023-01-17 19:26:11'),(62,11,NULL,5,1,12,2,'2023-01-17 19:26:11','2023-01-17 19:26:11'),(63,11,NULL,3,1,12,3,'2023-01-17 19:26:11','2023-01-17 19:26:11'),(64,12,NULL,2,1,12,0,'2023-01-17 19:26:11','2023-01-17 19:26:11'),(65,12,NULL,3,1,12,1,'2023-01-17 19:26:11','2023-01-17 19:26:11'),(66,12,NULL,3,1,12,2,'2023-01-17 19:26:11','2023-01-17 19:26:11'),(67,13,NULL,2,1,12,0,'2023-01-17 19:26:11','2023-01-17 19:26:11'),(68,13,NULL,5,1,6,1,'2023-01-17 19:26:11','2023-01-17 19:26:11'),(69,13,NULL,5,1,12,2,'2023-01-17 19:26:11','2023-01-17 19:26:11'),(70,14,NULL,2,1,12,0,'2023-01-17 19:26:11','2023-01-17 19:26:11'),(71,14,NULL,3,1,12,1,'2023-01-17 19:26:11','2023-01-17 19:26:11'),(72,14,NULL,5,1,12,2,'2023-01-17 19:26:11','2023-01-17 19:26:11'),(73,14,NULL,3,1,12,3,'2023-01-17 19:26:11','2023-01-17 19:26:11'),(74,15,NULL,2,1,12,0,'2023-01-17 19:26:11','2023-01-17 19:26:11'),(75,15,NULL,3,1,12,1,'2023-01-17 19:26:11','2023-01-17 19:26:11'),(76,15,NULL,3,1,12,2,'2023-01-17 19:26:11','2023-01-17 19:26:11'),(77,15,NULL,3,1,12,3,'2023-01-17 19:26:11','2023-01-17 19:26:11'),(78,15,NULL,3,1,12,4,'2023-01-17 19:26:11','2023-01-17 19:26:11'),(79,16,NULL,2,1,12,0,'2023-01-17 19:26:11','2023-01-17 19:26:11'),(80,16,NULL,5,1,6,1,'2023-01-17 19:26:11','2023-01-17 19:26:11'),(81,16,NULL,5,1,12,2,'2023-01-17 19:26:11','2023-01-17 19:26:11'),(82,17,NULL,2,1,12,0,'2023-01-17 19:26:11','2023-01-17 19:26:11'),(83,17,NULL,3,1,12,1,'2023-01-17 19:26:11','2023-01-17 19:26:11'),(84,17,NULL,3,1,12,2,'2023-01-17 19:26:11','2023-01-17 19:26:11'),(85,17,NULL,5,1,12,3,'2023-01-17 19:26:11','2023-01-17 19:26:11'),(86,17,NULL,3,1,12,4,'2023-01-17 19:26:11','2023-01-17 19:26:11'),(87,17,NULL,5,1,12,5,'2023-01-17 19:26:11','2023-01-17 19:26:11'),(88,18,NULL,2,1,12,0,'2023-01-17 19:26:11','2023-01-17 19:26:11'),(89,18,NULL,5,1,12,1,'2023-01-17 19:26:11','2023-01-17 19:26:11'),(90,18,NULL,5,1,12,2,'2023-01-17 19:26:11','2023-01-17 19:26:11'),(91,18,NULL,5,1,6,3,'2023-01-17 19:26:11','2023-01-17 19:26:11'),(92,18,NULL,5,1,6,4,'2023-01-17 19:26:11','2023-01-17 19:26:11'),(93,18,NULL,5,1,6,5,'2023-01-17 19:26:11','2023-01-17 19:26:11'),(94,18,NULL,5,1,6,6,'2023-01-17 19:26:11','2023-01-17 19:26:11'),(95,18,NULL,5,1,12,7,'2023-01-17 19:26:11','2023-01-17 19:26:11'),(96,18,NULL,5,1,12,8,'2023-01-17 19:26:11','2023-01-17 19:26:11'),(97,18,NULL,5,1,6,9,'2023-01-17 19:26:11','2023-01-17 19:26:11'),(98,18,NULL,5,1,6,10,'2023-01-17 19:26:11','2023-01-17 19:26:11'),(99,18,NULL,5,1,6,11,'2023-01-17 19:26:11','2023-01-17 19:26:11'),(100,18,NULL,5,1,6,12,'2023-01-17 19:26:11','2023-01-17 19:26:11'),(101,19,NULL,2,1,12,0,'2023-01-17 19:26:11','2023-01-17 19:26:11'),(102,19,NULL,3,1,12,1,'2023-01-17 19:26:11','2023-01-17 19:26:11'),(103,19,NULL,5,1,12,2,'2023-01-17 19:26:11','2023-01-17 19:26:11'),(104,19,NULL,3,1,12,3,'2023-01-17 19:26:11','2023-01-17 19:26:11'),(105,20,NULL,2,1,12,0,'2023-01-17 19:26:11','2023-01-17 19:26:11'),(106,20,NULL,3,1,12,1,'2023-01-17 19:26:11','2023-01-17 19:26:11'),(107,20,NULL,5,1,12,2,'2023-01-17 19:26:11','2023-01-17 19:26:11'),(108,20,NULL,5,1,12,3,'2023-01-17 19:26:11','2023-01-17 19:26:11'),(109,20,NULL,5,1,12,4,'2023-01-17 19:26:11','2023-01-17 19:26:11'),(110,20,NULL,3,1,12,5,'2023-01-17 19:26:11','2023-01-17 19:26:11'),(111,20,NULL,5,1,12,6,'2023-01-17 19:26:11','2023-01-17 19:26:11'),(112,21,NULL,2,1,12,0,'2023-01-17 19:26:11','2023-01-17 19:26:11'),(113,21,NULL,5,1,12,1,'2023-01-17 19:26:11','2023-01-17 19:26:11'),(114,21,NULL,5,1,12,2,'2023-01-17 19:26:11','2023-01-17 19:26:11'),(115,22,NULL,2,1,12,0,'2023-01-17 19:26:11','2023-01-17 19:26:11'),(116,22,NULL,3,1,12,1,'2023-01-17 19:26:11','2023-01-17 19:26:11'),(117,23,NULL,2,1,12,0,'2023-01-17 19:26:12','2023-01-17 19:26:12'),(118,23,NULL,3,1,12,1,'2023-01-17 19:26:12','2023-01-17 19:26:12'),(119,23,NULL,5,1,12,2,'2023-01-17 19:26:12','2023-01-17 19:26:12'),(120,23,NULL,5,1,12,3,'2023-01-17 19:26:12','2023-01-17 19:26:12'),(121,23,NULL,5,1,12,4,'2023-01-17 19:26:12','2023-01-17 19:26:12'),(122,23,NULL,5,1,12,5,'2023-01-17 19:26:12','2023-01-17 19:26:12'),(123,23,NULL,3,1,12,6,'2023-01-17 19:26:12','2023-01-17 19:26:12'),(124,23,NULL,5,1,6,7,'2023-01-17 19:26:12','2023-01-17 19:26:12'),(125,23,NULL,5,1,6,8,'2023-01-17 19:26:12','2023-01-17 19:26:12'),(126,23,NULL,5,1,12,9,'2023-01-17 19:26:12','2023-01-17 19:26:12'),(127,23,NULL,3,1,12,10,'2023-01-17 19:26:12','2023-01-17 19:26:12'),(128,24,NULL,2,1,12,0,'2023-01-17 19:26:12','2023-01-17 19:26:12'),(129,24,NULL,5,1,6,1,'2023-01-17 19:26:12','2023-01-17 19:26:12'),(130,24,NULL,5,1,6,2,'2023-01-17 19:26:12','2023-01-17 19:26:12'),(131,24,NULL,5,1,6,3,'2023-01-17 19:26:12','2023-01-17 19:26:12'),(132,24,NULL,5,1,6,4,'2023-01-17 19:26:12','2023-01-17 19:26:12'),(133,24,NULL,5,1,12,5,'2023-01-17 19:26:12','2023-01-17 19:26:12'),(134,24,NULL,5,1,12,6,'2023-01-17 19:26:12','2023-01-17 19:26:12'),(135,24,NULL,5,1,12,7,'2023-01-17 19:26:12','2023-01-17 19:26:12'),(136,25,NULL,2,1,12,0,'2023-01-17 19:26:12','2023-01-17 19:26:12'),(137,25,NULL,3,1,12,1,'2023-01-17 19:26:12','2023-01-17 19:26:12'),(138,25,NULL,3,1,12,2,'2023-01-17 19:26:12','2023-01-17 19:26:12'),(139,25,NULL,3,1,12,3,'2023-01-17 19:26:12','2023-01-17 19:26:12'),(140,26,NULL,2,1,12,0,'2023-01-17 19:26:12','2023-01-17 19:26:12'),(141,26,NULL,3,1,12,1,'2023-01-17 19:26:12','2023-01-17 19:26:12'),(142,26,NULL,3,1,12,2,'2023-01-17 19:26:12','2023-01-17 19:26:12'),(143,26,NULL,5,1,12,3,'2023-01-17 19:26:12','2023-01-17 19:26:12'),(144,26,NULL,3,1,12,4,'2023-01-17 19:26:12','2023-01-17 19:26:12'),(145,26,NULL,5,1,12,5,'2023-01-17 19:26:12','2023-01-17 19:26:12'),(146,27,NULL,2,1,12,0,'2023-01-17 19:26:12','2023-01-17 19:26:12'),(147,27,NULL,5,1,12,1,'2023-01-17 19:26:12','2023-01-17 19:26:12'),(148,27,NULL,5,1,12,2,'2023-01-17 19:26:12','2023-01-17 19:26:12'),(149,27,NULL,5,1,6,3,'2023-01-17 19:26:12','2023-01-17 19:26:12'),(150,27,NULL,5,1,6,4,'2023-01-17 19:26:12','2023-01-17 19:26:12'),(151,27,NULL,5,1,6,5,'2023-01-17 19:26:12','2023-01-17 19:26:12'),(152,27,NULL,5,1,6,6,'2023-01-17 19:26:12','2023-01-17 19:26:12'),(153,27,NULL,5,1,12,7,'2023-01-17 19:26:12','2023-01-17 19:26:12'),(154,27,NULL,5,1,12,8,'2023-01-17 19:26:12','2023-01-17 19:26:12'),(155,27,NULL,5,1,6,9,'2023-01-17 19:26:12','2023-01-17 19:26:12'),(156,27,NULL,5,1,6,10,'2023-01-17 19:26:12','2023-01-17 19:26:12'),(157,27,NULL,5,1,6,11,'2023-01-17 19:26:12','2023-01-17 19:26:12'),(158,27,NULL,5,1,6,12,'2023-01-17 19:26:12','2023-01-17 19:26:12'),(159,28,NULL,2,1,12,0,'2023-01-17 19:26:12','2023-01-17 19:26:12'),(160,28,NULL,5,1,12,1,'2023-01-17 19:26:12','2023-01-17 19:26:12'),(161,28,NULL,5,1,12,2,'2023-01-17 19:26:12','2023-01-17 19:26:12'),(162,29,NULL,2,1,12,0,'2023-01-17 19:26:12','2023-01-17 19:26:12'),(163,29,NULL,6,1,4,1,'2023-01-17 19:26:12','2023-01-17 19:26:12'),(164,29,NULL,6,1,4,2,'2023-01-17 19:26:12','2023-01-17 19:26:12'),(165,29,NULL,6,1,4,3,'2023-01-17 19:26:12','2023-01-17 19:26:12'),(166,29,NULL,5,1,12,4,'2023-01-17 19:26:12','2023-01-17 19:26:12'),(167,29,NULL,5,1,12,5,'2023-01-17 19:26:12','2023-01-17 19:26:12'),(168,30,NULL,6,1,4,0,'2023-01-17 19:26:12','2023-01-17 19:26:12'),(169,30,NULL,6,1,4,1,'2023-01-17 19:26:12','2023-01-17 19:26:12'),(170,30,NULL,6,1,4,2,'2023-01-17 19:26:12','2023-01-17 19:26:12'),(171,30,NULL,5,1,12,3,'2023-01-17 19:26:12','2023-01-17 19:26:12'),(172,30,NULL,5,1,12,4,'2023-01-17 19:26:12','2023-01-17 19:26:12'),(173,30,NULL,5,1,12,5,'2023-01-17 19:26:12','2023-01-17 19:26:12'),(174,30,NULL,5,1,12,6,'2023-01-17 19:26:12','2023-01-17 19:26:12'),(175,30,NULL,5,1,6,7,'2023-01-17 19:26:12','2023-01-17 19:26:12'),(176,30,NULL,5,1,6,8,'2023-01-17 19:26:12','2023-01-17 19:26:12'),(177,30,NULL,5,1,12,9,'2023-01-17 19:26:12','2023-01-17 19:26:12'),(178,30,NULL,5,1,12,10,'2023-01-17 19:26:12','2023-01-17 19:26:12'),(179,30,NULL,5,1,12,11,'2023-01-17 19:26:12','2023-01-17 19:26:12'),(180,30,NULL,5,1,12,12,'2023-01-17 19:26:12','2023-01-17 19:26:12'),(181,30,NULL,5,1,12,13,'2023-01-17 19:26:12','2023-01-17 19:26:12'),(182,30,NULL,5,1,12,14,'2023-01-17 19:26:12','2023-01-17 19:26:12'),(183,30,NULL,5,1,6,15,'2023-01-17 19:26:12','2023-01-17 19:26:12'),(184,30,NULL,5,1,6,16,'2023-01-17 19:26:12','2023-01-17 19:26:12'),(185,30,NULL,5,1,12,17,'2023-01-17 19:26:12','2023-01-17 19:26:12');
/*!40000 ALTER TABLE `report_blocks` ENABLE KEYS */;
UNLOCK TABLES;

--
-- Table structure for table `report_templates`
--

DROP TABLE IF EXISTS `report_templates`;
/*!40101 SET @saved_cs_client     = @@character_set_client */;
/*!50503 SET character_set_client = utf8mb4 */;
CREATE TABLE `report_templates` (
  `id` int NOT NULL AUTO_INCREMENT,
  `name` varchar(255) COLLATE utf8mb4_unicode_ci NOT NULL DEFAULT '',
  `type` int NOT NULL,
  `format` int NOT NULL DEFAULT '1',
  `created` datetime NOT NULL,
  `modified` datetime NOT NULL,
  PRIMARY KEY (`id`)
) ENGINE=InnoDB AUTO_INCREMENT=31 DEFAULT CHARSET=utf8mb4 COLLATE=utf8mb4_unicode_ci;
/*!40101 SET character_set_client = @saved_cs_client */;

--
-- Dumping data for table `report_templates`
--

LOCK TABLES `report_templates` WRITE;
/*!40000 ALTER TABLE `report_templates` DISABLE KEYS */;
INSERT INTO `report_templates` VALUES (1,'System Report Template - Item',2,1,'2023-01-17 19:26:11','2023-01-17 19:26:11'),(2,'System Report Template - Item',2,1,'2023-01-17 19:26:11','2023-01-17 19:26:11'),(3,'System Report Template - Section',1,1,'2023-01-17 19:26:11','2023-01-17 19:26:11'),(4,'System Report Template - Item',2,1,'2023-01-17 19:26:11','2023-01-17 19:26:11'),(5,'System Report Template - Section',1,1,'2023-01-17 19:26:11','2023-01-17 19:26:11'),(6,'System Report Template - Item',2,1,'2023-01-17 19:26:11','2023-01-17 19:26:11'),(7,'System Report Template - Item',2,1,'2023-01-17 19:26:11','2023-01-17 19:26:11'),(8,'System Report Template - Section',1,1,'2023-01-17 19:26:11','2023-01-17 19:26:11'),(9,'System Report Template - Item',2,1,'2023-01-17 19:26:11','2023-01-17 19:26:11'),(10,'System Report Template - Section',1,1,'2023-01-17 19:26:11','2023-01-17 19:26:11'),(11,'System Report Template - Item',2,1,'2023-01-17 19:26:11','2023-01-17 19:26:11'),(12,'System Report Template - Item',2,1,'2023-01-17 19:26:11','2023-01-17 19:26:11'),(13,'System Report Template - Section',1,1,'2023-01-17 19:26:11','2023-01-17 19:26:11'),(14,'System Report Template - Item',2,1,'2023-01-17 19:26:11','2023-01-17 19:26:11'),(15,'System Report Template - Item',2,1,'2023-01-17 19:26:11','2023-01-17 19:26:11'),(16,'System Report Template - Section',1,1,'2023-01-17 19:26:11','2023-01-17 19:26:11'),(17,'System Report Template - Item',2,1,'2023-01-17 19:26:11','2023-01-17 19:26:11'),(18,'System Report Template - Section',1,1,'2023-01-17 19:26:11','2023-01-17 19:26:11'),(19,'System Report Template - Item',2,1,'2023-01-17 19:26:11','2023-01-17 19:26:11'),(20,'System Report Template - Item',2,1,'2023-01-17 19:26:11','2023-01-17 19:26:11'),(21,'System Report Template - Section',1,1,'2023-01-17 19:26:11','2023-01-17 19:26:11'),(22,'System Report Template - Item',2,1,'2023-01-17 19:26:11','2023-01-17 19:26:11'),(23,'System Report Template - Item',2,1,'2023-01-17 19:26:12','2023-01-17 19:26:12'),(24,'System Report Template - Section',1,1,'2023-01-17 19:26:12','2023-01-17 19:26:12'),(25,'System Report Template - Item',2,1,'2023-01-17 19:26:12','2023-01-17 19:26:12'),(26,'System Report Template - Item',2,1,'2023-01-17 19:26:12','2023-01-17 19:26:12'),(27,'System Report Template - Section',1,1,'2023-01-17 19:26:12','2023-01-17 19:26:12'),(28,'System Report Template - Section',1,1,'2023-01-17 19:26:12','2023-01-17 19:26:12'),(29,'Community Default System Dashboard Template',1,1,'2023-01-17 19:26:12','2023-01-17 19:26:12'),(30,'Default System Dashboard Template',1,1,'2023-01-17 19:26:12','2023-01-17 19:26:12');
/*!40000 ALTER TABLE `report_templates` ENABLE KEYS */;
UNLOCK TABLES;

--
-- Table structure for table `reports`
--

DROP TABLE IF EXISTS `reports`;
/*!40101 SET @saved_cs_client     = @@character_set_client */;
/*!50503 SET character_set_client = utf8mb4 */;
CREATE TABLE `reports` (
  `id` int NOT NULL AUTO_INCREMENT,
  `report_template_id` int NOT NULL,
  `slug` varchar(255) COLLATE utf8mb4_unicode_ci DEFAULT NULL,
  `model` varchar(255) COLLATE utf8mb4_unicode_ci NOT NULL DEFAULT '',
  `foreign_key` int DEFAULT NULL,
  `name` varchar(255) COLLATE utf8mb4_unicode_ci NOT NULL,
  `protected` int NOT NULL DEFAULT '0',
  `created` datetime NOT NULL,
  `modified` datetime NOT NULL,
  PRIMARY KEY (`id`),
  KEY `report_template_id` (`report_template_id`),
  CONSTRAINT `reports_ibfk_1` FOREIGN KEY (`report_template_id`) REFERENCES `report_templates` (`id`) ON DELETE CASCADE ON UPDATE CASCADE
) ENGINE=InnoDB AUTO_INCREMENT=31 DEFAULT CHARSET=utf8mb4 COLLATE=utf8mb4_unicode_ci;
/*!40101 SET character_set_client = @saved_cs_client */;

--
-- Dumping data for table `reports`
--

LOCK TABLES `reports` WRITE;
/*!40000 ALTER TABLE `reports` DISABLE KEYS */;
INSERT INTO `reports` VALUES (1,1,'asset-item-default-report','Assets',NULL,'System Report - Item',1,'2023-01-17 19:26:11','2023-01-17 19:26:11'),(2,2,'business-continuity-item-default-report','BusinessContinuities',NULL,'System Report - Item',1,'2023-01-17 19:26:11','2023-01-17 19:26:11'),(3,3,'business-continuity-section-default-report','BusinessContinuities',NULL,'System Report - Section',1,'2023-01-17 19:26:11','2023-01-17 19:26:11'),(4,4,'business-units-item-default-report','BusinessUnits',NULL,'System Report - Item',1,'2023-01-17 19:26:11','2023-01-17 19:26:11'),(5,5,'business-units-section-default-report','BusinessUnits',NULL,'System Report - Section',1,'2023-01-17 19:26:11','2023-01-17 19:26:11'),(6,6,'compliance-analysis-finding-item-default-report','ComplianceAnalysisFindings',NULL,'System Report - Item',1,'2023-01-17 19:26:11','2023-01-17 19:26:11'),(7,7,'compliance-exception-item-default-report','ComplianceExceptions',NULL,'System Report - Item',1,'2023-01-17 19:26:11','2023-01-17 19:26:11'),(8,8,'compliance-exception-section-default-report','ComplianceExceptions',NULL,'System Report - Section',1,'2023-01-17 19:26:11','2023-01-17 19:26:11'),(9,9,'compliance-package-regulator-item-default-report','CompliancePackageRegulators',NULL,'System Report - Item',1,'2023-01-17 19:26:11','2023-01-17 19:26:11'),(10,10,'compliance-package-regulator-section-default-report','CompliancePackageRegulators',NULL,'System Report - Section',1,'2023-01-17 19:26:11','2023-01-17 19:26:11'),(11,11,'data-asset-instance-item-default-report','DataAssetInstances',NULL,'System Report - Item',1,'2023-01-17 19:26:11','2023-01-17 19:26:11'),(12,12,'policy-exception-item-default-report','PolicyExceptions',NULL,'System Report - Item',1,'2023-01-17 19:26:11','2023-01-17 19:26:11'),(13,13,'policy-exception-section-default-report','PolicyExceptions',NULL,'System Report - Section',1,'2023-01-17 19:26:11','2023-01-17 19:26:11'),(14,14,'project-item-default-report','Projects',NULL,'System Report - Item',1,'2023-01-17 19:26:11','2023-01-17 19:26:11'),(15,15,'risk-exception-item-default-report','RiskExceptions',NULL,'System Report - Item',1,'2023-01-17 19:26:11','2023-01-17 19:26:11'),(16,16,'risk-exception-section-default-report','RiskExceptions',NULL,'System Report - Section',1,'2023-01-17 19:26:11','2023-01-17 19:26:11'),(17,17,'risk-item-default-report','Risks',NULL,'System Report - Item',1,'2023-01-17 19:26:11','2023-01-17 19:26:11'),(18,18,'risk-section-default-report','Risks',NULL,'System Report - Section',1,'2023-01-17 19:26:11','2023-01-17 19:26:11'),(19,19,'security-incident-item-default-report','SecurityIncidents',NULL,'System Report - Item',1,'2023-01-17 19:26:11','2023-01-17 19:26:11'),(20,20,'security-policy-item-default-report','SecurityPolicies',NULL,'System Report - Item',1,'2023-01-17 19:26:11','2023-01-17 19:26:11'),(21,21,'security-policy-section-default-report','SecurityPolicies',NULL,'System Report - Section',1,'2023-01-17 19:26:11','2023-01-17 19:26:11'),(22,22,'security-service-audit-item-default-report','SecurityServiceAudits',NULL,'System Report - Item',1,'2023-01-17 19:26:11','2023-01-17 19:26:11'),(23,23,'security-service-item-default-report','SecurityServices',NULL,'System Report - Item',1,'2023-01-17 19:26:12','2023-01-17 19:26:12'),(24,24,'security-service-section-default-report','SecurityServices',NULL,'System Report - Section',1,'2023-01-17 19:26:12','2023-01-17 19:26:12'),(25,25,'third-party-item-default-report','ThirdParties',NULL,'System Report - Item',1,'2023-01-17 19:26:12','2023-01-17 19:26:12'),(26,26,'third-party-risk-item-default-report','ThirdPartyRisks',NULL,'System Report - Item',1,'2023-01-17 19:26:12','2023-01-17 19:26:12'),(27,27,'third-party-risk-section-default-report','ThirdPartyRisks',NULL,'System Report - Section',1,'2023-01-17 19:26:12','2023-01-17 19:26:12'),(28,28,'third-party-section-default-report','ThirdParties',NULL,'System Report - Section',1,'2023-01-17 19:26:12','2023-01-17 19:26:12'),(29,29,'community-system-dashboard-default-report','Dashboard.DashboardReports',NULL,'Community Default System Dashboard',1,'2023-01-17 19:26:12','2023-01-17 19:26:12'),(30,30,'system-dashboard-default-report','Dashboard.DashboardReports',NULL,'Default System Dashboard',1,'2023-01-17 19:26:12','2023-01-17 19:26:12');
/*!40000 ALTER TABLE `reports` ENABLE KEYS */;
UNLOCK TABLES;

--
-- Table structure for table `request_tokens`
--

DROP TABLE IF EXISTS `request_tokens`;
/*!40101 SET @saved_cs_client     = @@character_set_client */;
/*!50503 SET character_set_client = utf8mb4 */;
CREATE TABLE `request_tokens` (
  `id` int NOT NULL AUTO_INCREMENT,
  `token` varchar(128) COLLATE utf8mb4_unicode_ci NOT NULL DEFAULT '',
  `consumed` tinyint(1) NOT NULL DEFAULT '0',
  `expires` datetime NOT NULL,
  `created` datetime NOT NULL,
  `modified` datetime NOT NULL,
  PRIMARY KEY (`id`)
) ENGINE=InnoDB DEFAULT CHARSET=utf8mb4 COLLATE=utf8mb4_unicode_ci;
/*!40101 SET character_set_client = @saved_cs_client */;

--
-- Dumping data for table `request_tokens`
--

LOCK TABLES `request_tokens` WRITE;
/*!40000 ALTER TABLE `request_tokens` DISABLE KEYS */;
/*!40000 ALTER TABLE `request_tokens` ENABLE KEYS */;
UNLOCK TABLES;

--
-- Table structure for table `reviews`
--

DROP TABLE IF EXISTS `reviews`;
/*!40101 SET @saved_cs_client     = @@character_set_client */;
/*!50503 SET character_set_client = utf8mb4 */;
CREATE TABLE `reviews` (
  `id` int NOT NULL AUTO_INCREMENT,
  `model` varchar(150) COLLATE utf8mb4_unicode_ci NOT NULL,
  `foreign_key` int NOT NULL,
  `planned_date` date DEFAULT NULL,
  `actual_date` date DEFAULT NULL,
  `user_id` int DEFAULT NULL,
  `description` text COLLATE utf8mb4_unicode_ci NOT NULL,
  `completed` int NOT NULL DEFAULT '0',
  `use_attachments` int DEFAULT NULL,
  `policy_description` text COLLATE utf8mb4_unicode_ci,
  `url` text COLLATE utf8mb4_unicode_ci,
  `version` varchar(150) COLLATE utf8mb4_unicode_ci DEFAULT NULL,
  `workflow_owner_id` int DEFAULT NULL,
  `workflow_status` int NOT NULL DEFAULT '0',
  `created` datetime NOT NULL,
  `modified` datetime NOT NULL,
  `edited` datetime DEFAULT NULL,
  `deleted` int NOT NULL DEFAULT '0',
  `deleted_date` datetime DEFAULT NULL,
  PRIMARY KEY (`id`),
  KEY `user_id` (`user_id`)
) ENGINE=InnoDB DEFAULT CHARSET=utf8mb4 COLLATE=utf8mb4_unicode_ci;
/*!40101 SET character_set_client = @saved_cs_client */;

--
-- Dumping data for table `reviews`
--

LOCK TABLES `reviews` WRITE;
/*!40000 ALTER TABLE `reviews` DISABLE KEYS */;
/*!40000 ALTER TABLE `reviews` ENABLE KEYS */;
UNLOCK TABLES;

--
-- Table structure for table `risk_appetite_threshold_risk_classification_types`
--

DROP TABLE IF EXISTS `risk_appetite_threshold_risk_classification_types`;
/*!40101 SET @saved_cs_client     = @@character_set_client */;
/*!50503 SET character_set_client = utf8mb4 */;
CREATE TABLE `risk_appetite_threshold_risk_classification_types` (
  `id` int NOT NULL AUTO_INCREMENT,
  `risk_appetite_threshold_id` int NOT NULL,
  `risk_classification_type_id` int NOT NULL,
  PRIMARY KEY (`id`),
  KEY `risk_classification_type_id` (`risk_classification_type_id`),
  KEY `risk_appetite_threshold_id` (`risk_appetite_threshold_id`),
  CONSTRAINT `risk_appetite_threshold_risk_classification_types_ibfk_1` FOREIGN KEY (`risk_classification_type_id`) REFERENCES `risk_classification_types` (`id`) ON DELETE CASCADE ON UPDATE CASCADE,
  CONSTRAINT `risk_appetite_threshold_risk_classification_types_ibfk_2` FOREIGN KEY (`risk_appetite_threshold_id`) REFERENCES `risk_appetite_thresholds` (`id`) ON DELETE CASCADE ON UPDATE CASCADE
) ENGINE=InnoDB DEFAULT CHARSET=utf8mb4 COLLATE=utf8mb4_unicode_ci;
/*!40101 SET character_set_client = @saved_cs_client */;

--
-- Dumping data for table `risk_appetite_threshold_risk_classification_types`
--

LOCK TABLES `risk_appetite_threshold_risk_classification_types` WRITE;
/*!40000 ALTER TABLE `risk_appetite_threshold_risk_classification_types` DISABLE KEYS */;
/*!40000 ALTER TABLE `risk_appetite_threshold_risk_classification_types` ENABLE KEYS */;
UNLOCK TABLES;

--
-- Table structure for table `risk_appetite_threshold_risk_classifications`
--

DROP TABLE IF EXISTS `risk_appetite_threshold_risk_classifications`;
/*!40101 SET @saved_cs_client     = @@character_set_client */;
/*!50503 SET character_set_client = utf8mb4 */;
CREATE TABLE `risk_appetite_threshold_risk_classifications` (
  `id` int NOT NULL AUTO_INCREMENT,
  `risk_appetite_threshold_id` int NOT NULL,
  `risk_classification_id` int NOT NULL,
  PRIMARY KEY (`id`),
  KEY `risk_classification_id` (`risk_classification_id`),
  KEY `risk_appetite_threshold_id` (`risk_appetite_threshold_id`),
  CONSTRAINT `risk_appetite_threshold_risk_classifications_ibfk_1` FOREIGN KEY (`risk_classification_id`) REFERENCES `risk_classifications` (`id`) ON DELETE CASCADE ON UPDATE CASCADE,
  CONSTRAINT `risk_appetite_threshold_risk_classifications_ibfk_2` FOREIGN KEY (`risk_appetite_threshold_id`) REFERENCES `risk_appetite_thresholds` (`id`) ON DELETE CASCADE ON UPDATE CASCADE
) ENGINE=InnoDB DEFAULT CHARSET=utf8mb4 COLLATE=utf8mb4_unicode_ci;
/*!40101 SET character_set_client = @saved_cs_client */;

--
-- Dumping data for table `risk_appetite_threshold_risk_classifications`
--

LOCK TABLES `risk_appetite_threshold_risk_classifications` WRITE;
/*!40000 ALTER TABLE `risk_appetite_threshold_risk_classifications` DISABLE KEYS */;
/*!40000 ALTER TABLE `risk_appetite_threshold_risk_classifications` ENABLE KEYS */;
UNLOCK TABLES;

--
-- Table structure for table `risk_appetite_thresholds`
--

DROP TABLE IF EXISTS `risk_appetite_thresholds`;
/*!40101 SET @saved_cs_client     = @@character_set_client */;
/*!50503 SET character_set_client = utf8mb4 */;
CREATE TABLE `risk_appetite_thresholds` (
  `id` int NOT NULL AUTO_INCREMENT,
  `risk_appetite_id` int NOT NULL,
  `title` varchar(255) COLLATE utf8mb4_unicode_ci NOT NULL DEFAULT '',
  `description` text COLLATE utf8mb4_unicode_ci NOT NULL,
  `color` text COLLATE utf8mb4_unicode_ci NOT NULL,
  `type` int NOT NULL DEFAULT '1',
  `classifications_key` varchar(255) COLLATE utf8mb4_unicode_ci DEFAULT NULL,
  `classification_types_key` varchar(255) COLLATE utf8mb4_unicode_ci DEFAULT NULL,
  `created` datetime NOT NULL,
  PRIMARY KEY (`id`),
  KEY `risk_appetite_id` (`risk_appetite_id`),
  CONSTRAINT `risk_appetite_thresholds_ibfk_1` FOREIGN KEY (`risk_appetite_id`) REFERENCES `risk_appetites` (`id`) ON DELETE CASCADE ON UPDATE CASCADE
) ENGINE=InnoDB DEFAULT CHARSET=utf8mb4 COLLATE=utf8mb4_unicode_ci;
/*!40101 SET character_set_client = @saved_cs_client */;

--
-- Dumping data for table `risk_appetite_thresholds`
--

LOCK TABLES `risk_appetite_thresholds` WRITE;
/*!40000 ALTER TABLE `risk_appetite_thresholds` DISABLE KEYS */;
/*!40000 ALTER TABLE `risk_appetite_thresholds` ENABLE KEYS */;
UNLOCK TABLES;

--
-- Table structure for table `risk_appetite_thresholds_risks`
--

DROP TABLE IF EXISTS `risk_appetite_thresholds_risks`;
/*!40101 SET @saved_cs_client     = @@character_set_client */;
/*!50503 SET character_set_client = utf8mb4 */;
CREATE TABLE `risk_appetite_thresholds_risks` (
  `id` int NOT NULL AUTO_INCREMENT,
  `model` varchar(155) COLLATE utf8mb4_unicode_ci NOT NULL,
  `foreign_key` int NOT NULL,
  `risk_appetite_threshold_id` int NOT NULL,
  `type` int NOT NULL DEFAULT '0',
  `created` datetime NOT NULL,
  PRIMARY KEY (`id`),
  KEY `risk_appetite_threshold_id` (`risk_appetite_threshold_id`),
  CONSTRAINT `risk_appetite_thresholds_risks_ibfk_1` FOREIGN KEY (`risk_appetite_threshold_id`) REFERENCES `risk_appetite_thresholds` (`id`) ON DELETE CASCADE ON UPDATE CASCADE
) ENGINE=InnoDB DEFAULT CHARSET=utf8mb4 COLLATE=utf8mb4_unicode_ci;
/*!40101 SET character_set_client = @saved_cs_client */;

--
-- Dumping data for table `risk_appetite_thresholds_risks`
--

LOCK TABLES `risk_appetite_thresholds_risks` WRITE;
/*!40000 ALTER TABLE `risk_appetite_thresholds_risks` DISABLE KEYS */;
/*!40000 ALTER TABLE `risk_appetite_thresholds_risks` ENABLE KEYS */;
UNLOCK TABLES;

--
-- Table structure for table `risk_appetites`
--

DROP TABLE IF EXISTS `risk_appetites`;
/*!40101 SET @saved_cs_client     = @@character_set_client */;
/*!50503 SET character_set_client = utf8mb4 */;
CREATE TABLE `risk_appetites` (
  `id` int NOT NULL AUTO_INCREMENT,
  `model` varchar(255) COLLATE utf8mb4_unicode_ci NOT NULL,
  `method` int DEFAULT NULL,
  `risk_appetite` int NOT NULL DEFAULT '0',
  `modified` datetime DEFAULT NULL,
  PRIMARY KEY (`id`)
) ENGINE=InnoDB AUTO_INCREMENT=4 DEFAULT CHARSET=utf8mb4 COLLATE=utf8mb4_unicode_ci;
/*!40101 SET character_set_client = @saved_cs_client */;

--
-- Dumping data for table `risk_appetites`
--

LOCK TABLES `risk_appetites` WRITE;
/*!40000 ALTER TABLE `risk_appetites` DISABLE KEYS */;
INSERT INTO `risk_appetites` VALUES (1,'Risks',NULL,1,'2020-03-13 10:52:18'),(2,'ThirdPartyRisks',NULL,1,'2020-03-13 10:52:18'),(3,'BusinessContinuities',NULL,1,'2020-03-13 10:52:18');
/*!40000 ALTER TABLE `risk_appetites` ENABLE KEYS */;
UNLOCK TABLES;

--
-- Table structure for table `risk_appetites_risk_classification_types`
--

DROP TABLE IF EXISTS `risk_appetites_risk_classification_types`;
/*!40101 SET @saved_cs_client     = @@character_set_client */;
/*!50503 SET character_set_client = utf8mb4 */;
CREATE TABLE `risk_appetites_risk_classification_types` (
  `id` int NOT NULL AUTO_INCREMENT,
  `risk_appetite_id` int NOT NULL,
  `risk_classification_type_id` int NOT NULL,
  PRIMARY KEY (`id`),
  KEY `risk_classification_type_id` (`risk_classification_type_id`),
  KEY `risk_appetite_id` (`risk_appetite_id`),
  CONSTRAINT `risk_appetites_risk_classification_types_ibfk_1` FOREIGN KEY (`risk_classification_type_id`) REFERENCES `risk_classification_types` (`id`) ON DELETE CASCADE ON UPDATE CASCADE,
  CONSTRAINT `risk_appetites_risk_classification_types_ibfk_2` FOREIGN KEY (`risk_appetite_id`) REFERENCES `risk_appetites` (`id`) ON DELETE CASCADE ON UPDATE CASCADE
) ENGINE=InnoDB DEFAULT CHARSET=utf8mb4 COLLATE=utf8mb4_unicode_ci;
/*!40101 SET character_set_client = @saved_cs_client */;

--
-- Dumping data for table `risk_appetites_risk_classification_types`
--

LOCK TABLES `risk_appetites_risk_classification_types` WRITE;
/*!40000 ALTER TABLE `risk_appetites_risk_classification_types` DISABLE KEYS */;
/*!40000 ALTER TABLE `risk_appetites_risk_classification_types` ENABLE KEYS */;
UNLOCK TABLES;

--
-- Table structure for table `risk_calculation_values`
--

DROP TABLE IF EXISTS `risk_calculation_values`;
/*!40101 SET @saved_cs_client     = @@character_set_client */;
/*!50503 SET character_set_client = utf8mb4 */;
CREATE TABLE `risk_calculation_values` (
  `id` int NOT NULL AUTO_INCREMENT,
  `risk_calculation_id` int NOT NULL,
  `field` varchar(255) COLLATE utf8mb4_unicode_ci NOT NULL,
  `value` int NOT NULL,
  `created` datetime NOT NULL,
  `modified` datetime NOT NULL,
  PRIMARY KEY (`id`),
  KEY `value` (`value`),
  KEY `risk_calculation_id` (`risk_calculation_id`),
  CONSTRAINT `risk_calculation_values_ibfk_1` FOREIGN KEY (`value`) REFERENCES `risk_classification_types` (`id`) ON DELETE CASCADE ON UPDATE CASCADE,
  CONSTRAINT `risk_calculation_values_ibfk_2` FOREIGN KEY (`risk_calculation_id`) REFERENCES `risk_calculations` (`id`) ON DELETE CASCADE ON UPDATE CASCADE
) ENGINE=InnoDB DEFAULT CHARSET=utf8mb4 COLLATE=utf8mb4_unicode_ci;
/*!40101 SET character_set_client = @saved_cs_client */;

--
-- Dumping data for table `risk_calculation_values`
--

LOCK TABLES `risk_calculation_values` WRITE;
/*!40000 ALTER TABLE `risk_calculation_values` DISABLE KEYS */;
/*!40000 ALTER TABLE `risk_calculation_values` ENABLE KEYS */;
UNLOCK TABLES;

--
-- Table structure for table `risk_calculations`
--

DROP TABLE IF EXISTS `risk_calculations`;
/*!40101 SET @saved_cs_client     = @@character_set_client */;
/*!50503 SET character_set_client = utf8mb4 */;
CREATE TABLE `risk_calculations` (
  `id` int NOT NULL AUTO_INCREMENT,
  `model` varchar(255) COLLATE utf8mb4_unicode_ci NOT NULL,
  `method` varchar(255) COLLATE utf8mb4_unicode_ci DEFAULT NULL,
  `modified` datetime NOT NULL,
  PRIMARY KEY (`id`)
) ENGINE=InnoDB AUTO_INCREMENT=4 DEFAULT CHARSET=utf8mb4 COLLATE=utf8mb4_unicode_ci;
/*!40101 SET character_set_client = @saved_cs_client */;

--
-- Dumping data for table `risk_calculations`
--

LOCK TABLES `risk_calculations` WRITE;
/*!40000 ALTER TABLE `risk_calculations` DISABLE KEYS */;
INSERT INTO `risk_calculations` VALUES (1,'Risks',NULL,'2016-11-18 14:38:23'),(2,'ThirdPartyRisks',NULL,'2016-11-18 14:38:23'),(3,'BusinessContinuities',NULL,'2016-11-18 14:38:23');
/*!40000 ALTER TABLE `risk_calculations` ENABLE KEYS */;
UNLOCK TABLES;

--
-- Table structure for table `risk_classification_types`
--

DROP TABLE IF EXISTS `risk_classification_types`;
/*!40101 SET @saved_cs_client     = @@character_set_client */;
/*!50503 SET character_set_client = utf8mb4 */;
CREATE TABLE `risk_classification_types` (
  `id` int NOT NULL AUTO_INCREMENT,
  `name` varchar(255) COLLATE utf8mb4_unicode_ci NOT NULL DEFAULT '',
  `risk_classification_count` int NOT NULL,
  PRIMARY KEY (`id`)
) ENGINE=InnoDB DEFAULT CHARSET=utf8mb4 COLLATE=utf8mb4_unicode_ci;
/*!40101 SET character_set_client = @saved_cs_client */;

--
-- Dumping data for table `risk_classification_types`
--

LOCK TABLES `risk_classification_types` WRITE;
/*!40000 ALTER TABLE `risk_classification_types` DISABLE KEYS */;
/*!40000 ALTER TABLE `risk_classification_types` ENABLE KEYS */;
UNLOCK TABLES;

--
-- Table structure for table `risk_classifications`
--

DROP TABLE IF EXISTS `risk_classifications`;
/*!40101 SET @saved_cs_client     = @@character_set_client */;
/*!50503 SET character_set_client = utf8mb4 */;
CREATE TABLE `risk_classifications` (
  `id` int NOT NULL AUTO_INCREMENT,
  `name` varchar(255) COLLATE utf8mb4_unicode_ci NOT NULL DEFAULT '',
  `criteria` text COLLATE utf8mb4_unicode_ci NOT NULL,
  `value` float DEFAULT NULL,
  `risk_classification_type_id` int DEFAULT NULL,
  `workflow_owner_id` int DEFAULT NULL,
  `workflow_status` int NOT NULL DEFAULT '0',
  `created` datetime NOT NULL,
  `modified` datetime NOT NULL,
  PRIMARY KEY (`id`),
  KEY `risk_classification_type_id` (`risk_classification_type_id`),
  CONSTRAINT `risk_classifications_ibfk_1` FOREIGN KEY (`risk_classification_type_id`) REFERENCES `risk_classification_types` (`id`) ON DELETE SET NULL ON UPDATE CASCADE
) ENGINE=InnoDB DEFAULT CHARSET=utf8mb4 COLLATE=utf8mb4_unicode_ci;
/*!40101 SET character_set_client = @saved_cs_client */;

--
-- Dumping data for table `risk_classifications`
--

LOCK TABLES `risk_classifications` WRITE;
/*!40000 ALTER TABLE `risk_classifications` DISABLE KEYS */;
/*!40000 ALTER TABLE `risk_classifications` ENABLE KEYS */;
UNLOCK TABLES;

--
-- Table structure for table `risk_classifications_risks`
--

DROP TABLE IF EXISTS `risk_classifications_risks`;
/*!40101 SET @saved_cs_client     = @@character_set_client */;
/*!50503 SET character_set_client = utf8mb4 */;
CREATE TABLE `risk_classifications_risks` (
  `id` int NOT NULL AUTO_INCREMENT,
  `risk_classification_id` int NOT NULL,
  `risk_id` int NOT NULL,
  `type` int NOT NULL DEFAULT '0',
  `asset_classification_type_id` int DEFAULT NULL,
  `group` int DEFAULT NULL,
  `risk_classification_type_id` int DEFAULT NULL,
  `ecb_type` varchar(128) COLLATE utf8mb4_unicode_ci DEFAULT NULL,
  PRIMARY KEY (`id`),
  KEY `risk_id` (`risk_id`),
  KEY `risk_classification_id` (`risk_classification_id`),
  KEY `risk_classification_type_id` (`risk_classification_type_id`),
  KEY `asset_classification_type_id` (`asset_classification_type_id`),
  CONSTRAINT `risk_classifications_risks_ibfk_1` FOREIGN KEY (`risk_id`) REFERENCES `risks` (`id`) ON DELETE CASCADE ON UPDATE CASCADE,
  CONSTRAINT `risk_classifications_risks_ibfk_2` FOREIGN KEY (`risk_classification_id`) REFERENCES `risk_classifications` (`id`) ON DELETE CASCADE ON UPDATE CASCADE,
  CONSTRAINT `risk_classifications_risks_ibfk_3` FOREIGN KEY (`risk_classification_type_id`) REFERENCES `risk_classification_types` (`id`) ON DELETE CASCADE ON UPDATE CASCADE,
  CONSTRAINT `risk_classifications_risks_ibfk_4` FOREIGN KEY (`asset_classification_type_id`) REFERENCES `asset_classification_types` (`id`) ON DELETE CASCADE ON UPDATE CASCADE
) ENGINE=InnoDB DEFAULT CHARSET=utf8mb4 COLLATE=utf8mb4_unicode_ci;
/*!40101 SET character_set_client = @saved_cs_client */;

--
-- Dumping data for table `risk_classifications_risks`
--

LOCK TABLES `risk_classifications_risks` WRITE;
/*!40000 ALTER TABLE `risk_classifications_risks` DISABLE KEYS */;
/*!40000 ALTER TABLE `risk_classifications_risks` ENABLE KEYS */;
UNLOCK TABLES;

--
-- Table structure for table `risk_classifications_third_party_risks`
--

DROP TABLE IF EXISTS `risk_classifications_third_party_risks`;
/*!40101 SET @saved_cs_client     = @@character_set_client */;
/*!50503 SET character_set_client = utf8mb4 */;
CREATE TABLE `risk_classifications_third_party_risks` (
  `id` int NOT NULL AUTO_INCREMENT,
  `risk_classification_id` int NOT NULL,
  `third_party_risk_id` int NOT NULL,
  `type` int NOT NULL DEFAULT '0',
  `asset_classification_type_id` int DEFAULT NULL,
  `group` int DEFAULT NULL,
  `risk_classification_type_id` int DEFAULT NULL,
  `ecb_type` varchar(128) COLLATE utf8mb4_unicode_ci DEFAULT NULL,
  PRIMARY KEY (`id`),
  KEY `third_party_risk_id` (`third_party_risk_id`),
  KEY `risk_classification_id` (`risk_classification_id`),
  KEY `risk_classification_type_id` (`risk_classification_type_id`),
  KEY `asset_classification_type_id` (`asset_classification_type_id`),
  CONSTRAINT `risk_classifications_third_party_risks_ibfk_1` FOREIGN KEY (`third_party_risk_id`) REFERENCES `third_party_risks` (`id`) ON DELETE CASCADE ON UPDATE CASCADE,
  CONSTRAINT `risk_classifications_third_party_risks_ibfk_2` FOREIGN KEY (`risk_classification_id`) REFERENCES `risk_classifications` (`id`) ON DELETE CASCADE ON UPDATE CASCADE,
  CONSTRAINT `risk_classifications_third_party_risks_ibfk_3` FOREIGN KEY (`risk_classification_type_id`) REFERENCES `risk_classification_types` (`id`) ON DELETE CASCADE ON UPDATE CASCADE,
  CONSTRAINT `risk_classifications_third_party_risks_ibfk_4` FOREIGN KEY (`asset_classification_type_id`) REFERENCES `asset_classification_types` (`id`) ON DELETE CASCADE ON UPDATE CASCADE
) ENGINE=InnoDB DEFAULT CHARSET=utf8mb4 COLLATE=utf8mb4_unicode_ci;
/*!40101 SET character_set_client = @saved_cs_client */;

--
-- Dumping data for table `risk_classifications_third_party_risks`
--

LOCK TABLES `risk_classifications_third_party_risks` WRITE;
/*!40000 ALTER TABLE `risk_classifications_third_party_risks` DISABLE KEYS */;
/*!40000 ALTER TABLE `risk_classifications_third_party_risks` ENABLE KEYS */;
UNLOCK TABLES;

--
-- Table structure for table `risk_exceptions`
--

DROP TABLE IF EXISTS `risk_exceptions`;
/*!40101 SET @saved_cs_client     = @@character_set_client */;
/*!50503 SET character_set_client = utf8mb4 */;
CREATE TABLE `risk_exceptions` (
  `id` int NOT NULL AUTO_INCREMENT,
  `title` varchar(255) COLLATE utf8mb4_unicode_ci NOT NULL DEFAULT '',
  `description` text COLLATE utf8mb4_unicode_ci NOT NULL,
  `expiration` date NOT NULL,
  `expired` int NOT NULL DEFAULT '0',
  `closure_date_toggle` tinyint(1) NOT NULL DEFAULT '1',
  `closure_date` date DEFAULT NULL,
  `status` int NOT NULL COMMENT '0-closed, 1-open',
  `workflow_owner_id` int DEFAULT NULL,
  `workflow_status` int NOT NULL DEFAULT '0',
  `created` datetime NOT NULL,
  `modified` datetime NOT NULL,
  `edited` datetime DEFAULT NULL,
  `deleted` int NOT NULL DEFAULT '0',
  `deleted_date` datetime DEFAULT NULL,
  PRIMARY KEY (`id`),
  FULLTEXT KEY `title` (`title`)
) ENGINE=InnoDB DEFAULT CHARSET=utf8mb4 COLLATE=utf8mb4_unicode_ci;
/*!40101 SET character_set_client = @saved_cs_client */;

--
-- Dumping data for table `risk_exceptions`
--

LOCK TABLES `risk_exceptions` WRITE;
/*!40000 ALTER TABLE `risk_exceptions` DISABLE KEYS */;
/*!40000 ALTER TABLE `risk_exceptions` ENABLE KEYS */;
UNLOCK TABLES;

--
-- Table structure for table `risk_exceptions_risks`
--

DROP TABLE IF EXISTS `risk_exceptions_risks`;
/*!40101 SET @saved_cs_client     = @@character_set_client */;
/*!50503 SET character_set_client = utf8mb4 */;
CREATE TABLE `risk_exceptions_risks` (
  `id` int NOT NULL AUTO_INCREMENT,
  `risk_id` int NOT NULL,
  `risk_exception_id` int NOT NULL,
  PRIMARY KEY (`id`),
  KEY `risk_exception_id` (`risk_exception_id`),
  KEY `risk_id` (`risk_id`),
  CONSTRAINT `risk_exceptions_risks_ibfk_1` FOREIGN KEY (`risk_exception_id`) REFERENCES `risk_exceptions` (`id`) ON DELETE CASCADE ON UPDATE CASCADE,
  CONSTRAINT `risk_exceptions_risks_ibfk_2` FOREIGN KEY (`risk_id`) REFERENCES `risks` (`id`) ON DELETE CASCADE ON UPDATE CASCADE
) ENGINE=InnoDB DEFAULT CHARSET=utf8mb4 COLLATE=utf8mb4_unicode_ci;
/*!40101 SET character_set_client = @saved_cs_client */;

--
-- Dumping data for table `risk_exceptions_risks`
--

LOCK TABLES `risk_exceptions_risks` WRITE;
/*!40000 ALTER TABLE `risk_exceptions_risks` DISABLE KEYS */;
/*!40000 ALTER TABLE `risk_exceptions_risks` ENABLE KEYS */;
UNLOCK TABLES;

--
-- Table structure for table `risk_exceptions_third_party_risks`
--

DROP TABLE IF EXISTS `risk_exceptions_third_party_risks`;
/*!40101 SET @saved_cs_client     = @@character_set_client */;
/*!50503 SET character_set_client = utf8mb4 */;
CREATE TABLE `risk_exceptions_third_party_risks` (
  `id` int NOT NULL AUTO_INCREMENT,
  `risk_exception_id` int NOT NULL,
  `third_party_risk_id` int NOT NULL,
  PRIMARY KEY (`id`)
) ENGINE=InnoDB DEFAULT CHARSET=utf8mb4 COLLATE=utf8mb4_unicode_ci;
/*!40101 SET character_set_client = @saved_cs_client */;

--
-- Dumping data for table `risk_exceptions_third_party_risks`
--

LOCK TABLES `risk_exceptions_third_party_risks` WRITE;
/*!40000 ALTER TABLE `risk_exceptions_third_party_risks` DISABLE KEYS */;
/*!40000 ALTER TABLE `risk_exceptions_third_party_risks` ENABLE KEYS */;
UNLOCK TABLES;

--
-- Table structure for table `risk_mitigation_strategies`
--

DROP TABLE IF EXISTS `risk_mitigation_strategies`;
/*!40101 SET @saved_cs_client     = @@character_set_client */;
/*!50503 SET character_set_client = utf8mb4 */;
CREATE TABLE `risk_mitigation_strategies` (
  `id` int NOT NULL AUTO_INCREMENT,
  `name` varchar(255) COLLATE utf8mb4_unicode_ci NOT NULL DEFAULT '',
  PRIMARY KEY (`id`)
) ENGINE=InnoDB AUTO_INCREMENT=5 DEFAULT CHARSET=utf8mb4 COLLATE=utf8mb4_unicode_ci;
/*!40101 SET character_set_client = @saved_cs_client */;

--
-- Dumping data for table `risk_mitigation_strategies`
--

LOCK TABLES `risk_mitigation_strategies` WRITE;
/*!40000 ALTER TABLE `risk_mitigation_strategies` DISABLE KEYS */;
INSERT INTO `risk_mitigation_strategies` VALUES (1,'Accept'),(2,'Avoid'),(3,'Mitigate'),(4,'Transfer');
/*!40000 ALTER TABLE `risk_mitigation_strategies` ENABLE KEYS */;
UNLOCK TABLES;

--
-- Table structure for table `risk_overtime_graphs`
--

DROP TABLE IF EXISTS `risk_overtime_graphs`;
/*!40101 SET @saved_cs_client     = @@character_set_client */;
/*!50503 SET character_set_client = utf8mb4 */;
CREATE TABLE `risk_overtime_graphs` (
  `id` int NOT NULL AUTO_INCREMENT,
  `risk_count` int NOT NULL,
  `risk_score` int NOT NULL,
  `residual_score` int NOT NULL,
  `timestamp` varchar(45) COLLATE utf8mb4_unicode_ci NOT NULL,
  `created` datetime NOT NULL,
  PRIMARY KEY (`id`)
) ENGINE=InnoDB DEFAULT CHARSET=utf8mb4 COLLATE=utf8mb4_unicode_ci;
/*!40101 SET character_set_client = @saved_cs_client */;

--
-- Dumping data for table `risk_overtime_graphs`
--

LOCK TABLES `risk_overtime_graphs` WRITE;
/*!40000 ALTER TABLE `risk_overtime_graphs` DISABLE KEYS */;
/*!40000 ALTER TABLE `risk_overtime_graphs` ENABLE KEYS */;
UNLOCK TABLES;

--
-- Table structure for table `risk_score_risk_classifications`
--

DROP TABLE IF EXISTS `risk_score_risk_classifications`;
/*!40101 SET @saved_cs_client     = @@character_set_client */;
/*!50503 SET character_set_client = utf8mb4 */;
CREATE TABLE `risk_score_risk_classifications` (
  `id` int NOT NULL AUTO_INCREMENT,
  `risk_score_id` int NOT NULL,
  `risk_classification_id` int NOT NULL,
  `asset_classification_type_id` int DEFAULT NULL,
  PRIMARY KEY (`id`),
  KEY `risk_score_id` (`risk_score_id`),
  KEY `risk_classification_id` (`risk_classification_id`),
  KEY `asset_classification_type_id` (`asset_classification_type_id`),
  CONSTRAINT `risk_score_risk_classifications_ibfk_1` FOREIGN KEY (`risk_score_id`) REFERENCES `risk_scores` (`id`) ON DELETE CASCADE ON UPDATE CASCADE,
  CONSTRAINT `risk_score_risk_classifications_ibfk_2` FOREIGN KEY (`risk_classification_id`) REFERENCES `risk_classifications` (`id`) ON DELETE CASCADE ON UPDATE CASCADE,
  CONSTRAINT `risk_score_risk_classifications_ibfk_3` FOREIGN KEY (`asset_classification_type_id`) REFERENCES `asset_classification_types` (`id`) ON DELETE CASCADE ON UPDATE CASCADE
) ENGINE=InnoDB DEFAULT CHARSET=utf8mb4 COLLATE=utf8mb4_unicode_ci;
/*!40101 SET character_set_client = @saved_cs_client */;

--
-- Dumping data for table `risk_score_risk_classifications`
--

LOCK TABLES `risk_score_risk_classifications` WRITE;
/*!40000 ALTER TABLE `risk_score_risk_classifications` DISABLE KEYS */;
/*!40000 ALTER TABLE `risk_score_risk_classifications` ENABLE KEYS */;
UNLOCK TABLES;

--
-- Table structure for table `risk_score_value_logs`
--

DROP TABLE IF EXISTS `risk_score_value_logs`;
/*!40101 SET @saved_cs_client     = @@character_set_client */;
/*!50503 SET character_set_client = utf8mb4 */;
CREATE TABLE `risk_score_value_logs` (
  `id` int NOT NULL AUTO_INCREMENT,
  `risk_score_id` int NOT NULL,
  `field` varchar(256) COLLATE utf8mb4_unicode_ci NOT NULL DEFAULT '',
  `value` float NOT NULL DEFAULT '0',
  `created` datetime NOT NULL,
  PRIMARY KEY (`id`),
  KEY `risk_score_id` (`risk_score_id`),
  CONSTRAINT `risk_score_value_logs_ibfk_1` FOREIGN KEY (`risk_score_id`) REFERENCES `risk_scores` (`id`) ON DELETE CASCADE ON UPDATE CASCADE
) ENGINE=InnoDB DEFAULT CHARSET=utf8mb4 COLLATE=utf8mb4_unicode_ci;
/*!40101 SET character_set_client = @saved_cs_client */;

--
-- Dumping data for table `risk_score_value_logs`
--

LOCK TABLES `risk_score_value_logs` WRITE;
/*!40000 ALTER TABLE `risk_score_value_logs` DISABLE KEYS */;
/*!40000 ALTER TABLE `risk_score_value_logs` ENABLE KEYS */;
UNLOCK TABLES;

--
-- Table structure for table `risk_scores`
--

DROP TABLE IF EXISTS `risk_scores`;
/*!40101 SET @saved_cs_client     = @@character_set_client */;
/*!50503 SET character_set_client = utf8mb4 */;
CREATE TABLE `risk_scores` (
  `id` int NOT NULL AUTO_INCREMENT,
  `model` varchar(255) COLLATE utf8mb4_unicode_ci NOT NULL,
  `foreign_key` int NOT NULL,
  `score` float DEFAULT NULL,
  `formula` text COLLATE utf8mb4_unicode_ci,
  `type` int NOT NULL,
  `classifications_key` text COLLATE utf8mb4_unicode_ci,
  `classification_types_key` text COLLATE utf8mb4_unicode_ci,
  `risk_classification_type_id` int DEFAULT NULL,
  PRIMARY KEY (`id`),
  KEY `risk_classification_type_id` (`risk_classification_type_id`),
  CONSTRAINT `risk_scores_ibfk_1` FOREIGN KEY (`risk_classification_type_id`) REFERENCES `risk_classification_types` (`id`) ON DELETE CASCADE ON UPDATE CASCADE
) ENGINE=InnoDB DEFAULT CHARSET=utf8mb4 COLLATE=utf8mb4_unicode_ci;
/*!40101 SET character_set_client = @saved_cs_client */;

--
-- Dumping data for table `risk_scores`
--

LOCK TABLES `risk_scores` WRITE;
/*!40000 ALTER TABLE `risk_scores` DISABLE KEYS */;
/*!40000 ALTER TABLE `risk_scores` ENABLE KEYS */;
UNLOCK TABLES;

--
-- Table structure for table `risks`
--

DROP TABLE IF EXISTS `risks`;
/*!40101 SET @saved_cs_client     = @@character_set_client */;
/*!50503 SET character_set_client = utf8mb4 */;
CREATE TABLE `risks` (
  `id` int NOT NULL AUTO_INCREMENT,
  `title` varchar(255) COLLATE utf8mb4_unicode_ci NOT NULL DEFAULT '',
  `threats` text COLLATE utf8mb4_unicode_ci NOT NULL,
  `vulnerabilities` text COLLATE utf8mb4_unicode_ci NOT NULL,
  `description` text COLLATE utf8mb4_unicode_ci,
  `residual_score` int NOT NULL,
  `risk_score` float DEFAULT NULL,
  `risk_score_formula` text COLLATE utf8mb4_unicode_ci NOT NULL,
  `residual_risk` float NOT NULL,
  `residual_risk_formula` text COLLATE utf8mb4_unicode_ci NOT NULL,
  `review` date NOT NULL,
  `expired` int NOT NULL DEFAULT '0',
  `exceptions_issues` int NOT NULL DEFAULT '0',
  `controls_issues` int NOT NULL DEFAULT '0',
  `control_in_design` int NOT NULL DEFAULT '0',
  `expired_reviews` int NOT NULL DEFAULT '0',
  `risk_above_appetite` int NOT NULL DEFAULT '0',
  `risk_mitigation_strategy_id` int DEFAULT NULL,
  `workflow_owner_id` int DEFAULT NULL,
  `workflow_status` int NOT NULL DEFAULT '0',
  `created` datetime NOT NULL,
  `modified` datetime NOT NULL,
  `edited` datetime DEFAULT NULL,
  `deleted` int NOT NULL DEFAULT '0',
  `deleted_date` datetime DEFAULT NULL,
  PRIMARY KEY (`id`),
  KEY `risk_mitigation_strategy_id` (`risk_mitigation_strategy_id`),
  FULLTEXT KEY `title` (`title`),
  CONSTRAINT `risks_ibfk_1` FOREIGN KEY (`risk_mitigation_strategy_id`) REFERENCES `risk_mitigation_strategies` (`id`) ON DELETE SET NULL ON UPDATE CASCADE
) ENGINE=InnoDB DEFAULT CHARSET=utf8mb4 COLLATE=utf8mb4_unicode_ci;
/*!40101 SET character_set_client = @saved_cs_client */;

--
-- Dumping data for table `risks`
--

LOCK TABLES `risks` WRITE;
/*!40000 ALTER TABLE `risks` DISABLE KEYS */;
/*!40000 ALTER TABLE `risks` ENABLE KEYS */;
UNLOCK TABLES;

--
-- Table structure for table `risks_security_incidents`
--

DROP TABLE IF EXISTS `risks_security_incidents`;
/*!40101 SET @saved_cs_client     = @@character_set_client */;
/*!50503 SET character_set_client = utf8mb4 */;
CREATE TABLE `risks_security_incidents` (
  `id` int NOT NULL AUTO_INCREMENT,
  `risk_id` int NOT NULL,
  `security_incident_id` int NOT NULL,
  `risk_type` varchar(255) COLLATE utf8mb4_unicode_ci NOT NULL,
  `created` datetime NOT NULL,
  PRIMARY KEY (`id`),
  KEY `security_incident_id` (`security_incident_id`),
  CONSTRAINT `risks_security_incidents_ibfk_1` FOREIGN KEY (`security_incident_id`) REFERENCES `security_incidents` (`id`) ON DELETE CASCADE ON UPDATE CASCADE
) ENGINE=InnoDB DEFAULT CHARSET=utf8mb4 COLLATE=utf8mb4_unicode_ci;
/*!40101 SET character_set_client = @saved_cs_client */;

--
-- Dumping data for table `risks_security_incidents`
--

LOCK TABLES `risks_security_incidents` WRITE;
/*!40000 ALTER TABLE `risks_security_incidents` DISABLE KEYS */;
/*!40000 ALTER TABLE `risks_security_incidents` ENABLE KEYS */;
UNLOCK TABLES;

--
-- Table structure for table `risks_security_policies`
--

DROP TABLE IF EXISTS `risks_security_policies`;
/*!40101 SET @saved_cs_client     = @@character_set_client */;
/*!50503 SET character_set_client = utf8mb4 */;
CREATE TABLE `risks_security_policies` (
  `id` int NOT NULL AUTO_INCREMENT,
  `risk_id` int NOT NULL,
  `security_policy_id` int NOT NULL,
  `type` varchar(50) COLLATE utf8mb4_unicode_ci NOT NULL DEFAULT 'treatment' COMMENT '''treatment'',''incident''',
  `risk_type` varchar(255) COLLATE utf8mb4_unicode_ci NOT NULL,
  `created` datetime NOT NULL,
  PRIMARY KEY (`id`),
  KEY `security_policy_id` (`security_policy_id`),
  CONSTRAINT `risks_security_policies_ibfk_1` FOREIGN KEY (`security_policy_id`) REFERENCES `security_policies` (`id`) ON DELETE CASCADE ON UPDATE CASCADE
) ENGINE=InnoDB DEFAULT CHARSET=utf8mb4 COLLATE=utf8mb4_unicode_ci;
/*!40101 SET character_set_client = @saved_cs_client */;

--
-- Dumping data for table `risks_security_policies`
--

LOCK TABLES `risks_security_policies` WRITE;
/*!40000 ALTER TABLE `risks_security_policies` DISABLE KEYS */;
/*!40000 ALTER TABLE `risks_security_policies` ENABLE KEYS */;
UNLOCK TABLES;

--
-- Table structure for table `risks_security_services`
--

DROP TABLE IF EXISTS `risks_security_services`;
/*!40101 SET @saved_cs_client     = @@character_set_client */;
/*!50503 SET character_set_client = utf8mb4 */;
CREATE TABLE `risks_security_services` (
  `id` int NOT NULL AUTO_INCREMENT,
  `risk_id` int NOT NULL,
  `security_service_id` int NOT NULL,
  PRIMARY KEY (`id`),
  KEY `security_service_id` (`security_service_id`),
  KEY `risk_id` (`risk_id`),
  CONSTRAINT `risks_security_services_ibfk_1` FOREIGN KEY (`security_service_id`) REFERENCES `security_services` (`id`) ON DELETE CASCADE ON UPDATE CASCADE,
  CONSTRAINT `risks_security_services_ibfk_2` FOREIGN KEY (`risk_id`) REFERENCES `risks` (`id`) ON DELETE CASCADE ON UPDATE CASCADE
) ENGINE=InnoDB DEFAULT CHARSET=utf8mb4 COLLATE=utf8mb4_unicode_ci;
/*!40101 SET character_set_client = @saved_cs_client */;

--
-- Dumping data for table `risks_security_services`
--

LOCK TABLES `risks_security_services` WRITE;
/*!40000 ALTER TABLE `risks_security_services` DISABLE KEYS */;
/*!40000 ALTER TABLE `risks_security_services` ENABLE KEYS */;
UNLOCK TABLES;

--
-- Table structure for table `risks_threats`
--

DROP TABLE IF EXISTS `risks_threats`;
/*!40101 SET @saved_cs_client     = @@character_set_client */;
/*!50503 SET character_set_client = utf8mb4 */;
CREATE TABLE `risks_threats` (
  `id` int NOT NULL AUTO_INCREMENT,
  `risk_id` int NOT NULL,
  `threat_id` int NOT NULL,
  PRIMARY KEY (`id`),
  KEY `threat_id` (`threat_id`),
  KEY `risk_id` (`risk_id`),
  CONSTRAINT `risks_threats_ibfk_1` FOREIGN KEY (`threat_id`) REFERENCES `threats` (`id`) ON DELETE CASCADE ON UPDATE CASCADE,
  CONSTRAINT `risks_threats_ibfk_2` FOREIGN KEY (`risk_id`) REFERENCES `risks` (`id`) ON DELETE CASCADE ON UPDATE CASCADE
) ENGINE=InnoDB DEFAULT CHARSET=utf8mb4 COLLATE=utf8mb4_unicode_ci;
/*!40101 SET character_set_client = @saved_cs_client */;

--
-- Dumping data for table `risks_threats`
--

LOCK TABLES `risks_threats` WRITE;
/*!40000 ALTER TABLE `risks_threats` DISABLE KEYS */;
/*!40000 ALTER TABLE `risks_threats` ENABLE KEYS */;
UNLOCK TABLES;

--
-- Table structure for table `risks_vulnerabilities`
--

DROP TABLE IF EXISTS `risks_vulnerabilities`;
/*!40101 SET @saved_cs_client     = @@character_set_client */;
/*!50503 SET character_set_client = utf8mb4 */;
CREATE TABLE `risks_vulnerabilities` (
  `id` int NOT NULL AUTO_INCREMENT,
  `risk_id` int NOT NULL,
  `vulnerability_id` int NOT NULL,
  PRIMARY KEY (`id`),
  KEY `vulnerability_id` (`vulnerability_id`),
  KEY `risk_id` (`risk_id`),
  CONSTRAINT `risks_vulnerabilities_ibfk_1` FOREIGN KEY (`vulnerability_id`) REFERENCES `vulnerabilities` (`id`) ON DELETE CASCADE ON UPDATE CASCADE,
  CONSTRAINT `risks_vulnerabilities_ibfk_2` FOREIGN KEY (`risk_id`) REFERENCES `risks` (`id`) ON DELETE CASCADE ON UPDATE CASCADE
) ENGINE=InnoDB DEFAULT CHARSET=utf8mb4 COLLATE=utf8mb4_unicode_ci;
/*!40101 SET character_set_client = @saved_cs_client */;

--
-- Dumping data for table `risks_vulnerabilities`
--

LOCK TABLES `risks_vulnerabilities` WRITE;
/*!40000 ALTER TABLE `risks_vulnerabilities` DISABLE KEYS */;
/*!40000 ALTER TABLE `risks_vulnerabilities` ENABLE KEYS */;
UNLOCK TABLES;

--
-- Table structure for table `saml_connectors`
--

DROP TABLE IF EXISTS `saml_connectors`;
/*!40101 SET @saved_cs_client     = @@character_set_client */;
/*!50503 SET character_set_client = utf8mb4 */;
CREATE TABLE `saml_connectors` (
  `id` int NOT NULL AUTO_INCREMENT,
  `name` varchar(255) COLLATE utf8mb4_unicode_ci NOT NULL DEFAULT '',
  `identity_provider` varchar(255) COLLATE utf8mb4_unicode_ci NOT NULL DEFAULT '',
  `idp_certificate` text COLLATE utf8mb4_unicode_ci NOT NULL,
  `remote_sign_in_url` varchar(255) COLLATE utf8mb4_unicode_ci NOT NULL DEFAULT '',
  `remote_sign_out_url` varchar(255) COLLATE utf8mb4_unicode_ci NOT NULL DEFAULT '',
  `email_field` varchar(255) COLLATE utf8mb4_unicode_ci NOT NULL DEFAULT '',
  `sign_saml_request` int NOT NULL DEFAULT '0',
  `sp_certificate` text COLLATE utf8mb4_unicode_ci NOT NULL,
  `sp_private_key` text COLLATE utf8mb4_unicode_ci NOT NULL,
  `authentication_context` varchar(255) COLLATE utf8mb4_unicode_ci NOT NULL DEFAULT 'urn:oasis:names:tc:SAML:2.0:ac:classes:PasswordProtectedTransport',
  `validate_saml_request` int NOT NULL DEFAULT '1',
  `status` int NOT NULL DEFAULT '1',
  `created` datetime NOT NULL,
  `modified` datetime NOT NULL,
  PRIMARY KEY (`id`)
) ENGINE=InnoDB DEFAULT CHARSET=utf8mb4 COLLATE=utf8mb4_unicode_ci;
/*!40101 SET character_set_client = @saved_cs_client */;

--
-- Dumping data for table `saml_connectors`
--

LOCK TABLES `saml_connectors` WRITE;
/*!40000 ALTER TABLE `saml_connectors` DISABLE KEYS */;
/*!40000 ALTER TABLE `saml_connectors` ENABLE KEYS */;
UNLOCK TABLES;

--
-- Table structure for table `schema_migrations`
--

DROP TABLE IF EXISTS `schema_migrations`;
/*!40101 SET @saved_cs_client     = @@character_set_client */;
/*!50503 SET character_set_client = utf8mb4 */;
CREATE TABLE `schema_migrations` (
  `id` int NOT NULL AUTO_INCREMENT,
  `class` varchar(255) COLLATE utf8mb4_unicode_ci NOT NULL,
  `type` varchar(50) COLLATE utf8mb4_unicode_ci NOT NULL,
  `created` datetime NOT NULL,
  PRIMARY KEY (`id`)
) ENGINE=InnoDB DEFAULT CHARSET=utf8mb4 COLLATE=utf8mb4_unicode_ci;
/*!40101 SET character_set_client = @saved_cs_client */;

--
-- Dumping data for table `schema_migrations`
--

LOCK TABLES `schema_migrations` WRITE;
/*!40000 ALTER TABLE `schema_migrations` DISABLE KEYS */;
/*!40000 ALTER TABLE `schema_migrations` ENABLE KEYS */;
UNLOCK TABLES;

--
-- Table structure for table `scopes`
--

DROP TABLE IF EXISTS `scopes`;
/*!40101 SET @saved_cs_client     = @@character_set_client */;
/*!50503 SET character_set_client = utf8mb4 */;
CREATE TABLE `scopes` (
  `id` int NOT NULL AUTO_INCREMENT,
  `ciso_role_id` int DEFAULT NULL,
  `ciso_deputy_id` int DEFAULT NULL,
  `board_representative_id` int DEFAULT NULL,
  `board_representative_deputy_id` int DEFAULT NULL,
  `created` datetime NOT NULL,
  `modified` datetime NOT NULL,
  PRIMARY KEY (`id`),
  KEY `ciso_deputy_id` (`ciso_deputy_id`),
  KEY `ciso_role_id` (`ciso_role_id`),
  KEY `board_representative_deputy_id` (`board_representative_deputy_id`),
  KEY `board_representative_id` (`board_representative_id`),
  CONSTRAINT `scopes_ibfk_1` FOREIGN KEY (`ciso_deputy_id`) REFERENCES `users` (`id`) ON DELETE CASCADE ON UPDATE CASCADE,
  CONSTRAINT `scopes_ibfk_2` FOREIGN KEY (`ciso_role_id`) REFERENCES `users` (`id`) ON DELETE CASCADE ON UPDATE CASCADE,
  CONSTRAINT `scopes_ibfk_3` FOREIGN KEY (`board_representative_deputy_id`) REFERENCES `users` (`id`) ON DELETE CASCADE ON UPDATE CASCADE,
  CONSTRAINT `scopes_ibfk_4` FOREIGN KEY (`board_representative_id`) REFERENCES `users` (`id`) ON DELETE CASCADE ON UPDATE CASCADE
) ENGINE=InnoDB DEFAULT CHARSET=utf8mb4 COLLATE=utf8mb4_unicode_ci;
/*!40101 SET character_set_client = @saved_cs_client */;

--
-- Dumping data for table `scopes`
--

LOCK TABLES `scopes` WRITE;
/*!40000 ALTER TABLE `scopes` DISABLE KEYS */;
/*!40000 ALTER TABLE `scopes` ENABLE KEYS */;
UNLOCK TABLES;

--
-- Table structure for table `sections`
--

DROP TABLE IF EXISTS `sections`;
/*!40101 SET @saved_cs_client     = @@character_set_client */;
/*!50503 SET character_set_client = utf8mb4 */;
CREATE TABLE `sections` (
  `id` int NOT NULL AUTO_INCREMENT,
  `model` varchar(155) COLLATE utf8mb4_unicode_ci NOT NULL,
  PRIMARY KEY (`id`)
) ENGINE=InnoDB DEFAULT CHARSET=utf8mb4 COLLATE=utf8mb4_unicode_ci;
/*!40101 SET character_set_client = @saved_cs_client */;

--
-- Dumping data for table `sections`
--

LOCK TABLES `sections` WRITE;
/*!40000 ALTER TABLE `sections` DISABLE KEYS */;
/*!40000 ALTER TABLE `sections` ENABLE KEYS */;
UNLOCK TABLES;

--
-- Table structure for table `security_incident_classifications`
--

DROP TABLE IF EXISTS `security_incident_classifications`;
/*!40101 SET @saved_cs_client     = @@character_set_client */;
/*!50503 SET character_set_client = utf8mb4 */;
CREATE TABLE `security_incident_classifications` (
  `id` int NOT NULL AUTO_INCREMENT,
  `security_incident_id` int NOT NULL,
  `name` varchar(255) COLLATE utf8mb4_unicode_ci NOT NULL DEFAULT '',
  `created` datetime NOT NULL,
  PRIMARY KEY (`id`),
  KEY `security_incident_id` (`security_incident_id`),
  CONSTRAINT `security_incident_classifications_ibfk_1` FOREIGN KEY (`security_incident_id`) REFERENCES `security_incidents` (`id`) ON DELETE CASCADE ON UPDATE CASCADE
) ENGINE=InnoDB DEFAULT CHARSET=utf8mb4 COLLATE=utf8mb4_unicode_ci;
/*!40101 SET character_set_client = @saved_cs_client */;

--
-- Dumping data for table `security_incident_classifications`
--

LOCK TABLES `security_incident_classifications` WRITE;
/*!40000 ALTER TABLE `security_incident_classifications` DISABLE KEYS */;
/*!40000 ALTER TABLE `security_incident_classifications` ENABLE KEYS */;
UNLOCK TABLES;

--
-- Table structure for table `security_incident_stages`
--

DROP TABLE IF EXISTS `security_incident_stages`;
/*!40101 SET @saved_cs_client     = @@character_set_client */;
/*!50503 SET character_set_client = utf8mb4 */;
CREATE TABLE `security_incident_stages` (
  `id` int NOT NULL AUTO_INCREMENT,
  `name` varchar(255) COLLATE utf8mb4_unicode_ci NOT NULL DEFAULT '',
  `description` text COLLATE utf8mb4_unicode_ci,
  `workflow_owner_id` int DEFAULT NULL,
  `workflow_status` int NOT NULL DEFAULT '0',
  `created` datetime NOT NULL,
  `modified` datetime NOT NULL,
  PRIMARY KEY (`id`)
) ENGINE=InnoDB DEFAULT CHARSET=utf8mb4 COLLATE=utf8mb4_unicode_ci;
/*!40101 SET character_set_client = @saved_cs_client */;

--
-- Dumping data for table `security_incident_stages`
--

LOCK TABLES `security_incident_stages` WRITE;
/*!40000 ALTER TABLE `security_incident_stages` DISABLE KEYS */;
/*!40000 ALTER TABLE `security_incident_stages` ENABLE KEYS */;
UNLOCK TABLES;

--
-- Table structure for table `security_incident_stages_security_incidents`
--

DROP TABLE IF EXISTS `security_incident_stages_security_incidents`;
/*!40101 SET @saved_cs_client     = @@character_set_client */;
/*!50503 SET character_set_client = utf8mb4 */;
CREATE TABLE `security_incident_stages_security_incidents` (
  `id` int NOT NULL AUTO_INCREMENT,
  `security_incident_stage_id` int NOT NULL,
  `security_incident_id` int NOT NULL,
  `status` tinyint NOT NULL DEFAULT '0',
  `workflow_owner_id` int DEFAULT NULL,
  `workflow_status` int NOT NULL DEFAULT '0',
  `created` datetime NOT NULL,
  `modified` datetime NOT NULL,
  `edited` datetime DEFAULT NULL,
  PRIMARY KEY (`id`),
  KEY `security_incident_id` (`security_incident_id`),
  KEY `security_incident_stage_id` (`security_incident_stage_id`),
  CONSTRAINT `security_incident_stages_security_incidents_ibfk_1` FOREIGN KEY (`security_incident_id`) REFERENCES `security_incidents` (`id`) ON DELETE CASCADE ON UPDATE CASCADE,
  CONSTRAINT `security_incident_stages_security_incidents_ibfk_2` FOREIGN KEY (`security_incident_stage_id`) REFERENCES `security_incident_stages` (`id`) ON DELETE CASCADE ON UPDATE CASCADE
) ENGINE=InnoDB DEFAULT CHARSET=utf8mb4 COLLATE=utf8mb4_unicode_ci;
/*!40101 SET character_set_client = @saved_cs_client */;

--
-- Dumping data for table `security_incident_stages_security_incidents`
--

LOCK TABLES `security_incident_stages_security_incidents` WRITE;
/*!40000 ALTER TABLE `security_incident_stages_security_incidents` DISABLE KEYS */;
/*!40000 ALTER TABLE `security_incident_stages_security_incidents` ENABLE KEYS */;
UNLOCK TABLES;

--
-- Table structure for table `security_incident_statuses`
--

DROP TABLE IF EXISTS `security_incident_statuses`;
/*!40101 SET @saved_cs_client     = @@character_set_client */;
/*!50503 SET character_set_client = utf8mb4 */;
CREATE TABLE `security_incident_statuses` (
  `id` int NOT NULL AUTO_INCREMENT,
  `name` varchar(100) COLLATE utf8mb4_unicode_ci NOT NULL,
  PRIMARY KEY (`id`)
) ENGINE=InnoDB AUTO_INCREMENT=4 DEFAULT CHARSET=utf8mb4 COLLATE=utf8mb4_unicode_ci;
/*!40101 SET character_set_client = @saved_cs_client */;

--
-- Dumping data for table `security_incident_statuses`
--

LOCK TABLES `security_incident_statuses` WRITE;
/*!40000 ALTER TABLE `security_incident_statuses` DISABLE KEYS */;
INSERT INTO `security_incident_statuses` VALUES (2,'Ongoing'),(3,'Closed');
/*!40000 ALTER TABLE `security_incident_statuses` ENABLE KEYS */;
UNLOCK TABLES;

--
-- Table structure for table `security_incidents`
--

DROP TABLE IF EXISTS `security_incidents`;
/*!40101 SET @saved_cs_client     = @@character_set_client */;
/*!50503 SET character_set_client = utf8mb4 */;
CREATE TABLE `security_incidents` (
  `id` int NOT NULL AUTO_INCREMENT,
  `title` varchar(255) COLLATE utf8mb4_unicode_ci NOT NULL DEFAULT '',
  `description` text COLLATE utf8mb4_unicode_ci NOT NULL,
  `reporter` varchar(255) COLLATE utf8mb4_unicode_ci NOT NULL DEFAULT '',
  `victim` varchar(255) COLLATE utf8mb4_unicode_ci NOT NULL DEFAULT '',
  `open_date` date NOT NULL,
  `closure_date` date DEFAULT NULL,
  `expired` int NOT NULL DEFAULT '0',
  `type` varchar(255) COLLATE utf8mb4_unicode_ci NOT NULL,
  `security_incident_status_id` int DEFAULT NULL,
  `auto_close_incident` int DEFAULT '0',
  `security_incident_classification_id` int DEFAULT NULL,
  `lifecycle_incomplete` int DEFAULT '1',
  `ongoing_incident` int NOT NULL DEFAULT '0',
  `workflow_status` int NOT NULL DEFAULT '0',
  `workflow_owner_id` int DEFAULT NULL,
  `created` datetime NOT NULL,
  `modified` datetime NOT NULL,
  `edited` datetime DEFAULT NULL,
  `deleted` int NOT NULL DEFAULT '0',
  `deleted_date` datetime DEFAULT NULL,
  PRIMARY KEY (`id`),
  KEY `security_incident_classification_id` (`security_incident_classification_id`),
  KEY `security_incident_status_id` (`security_incident_status_id`),
  CONSTRAINT `security_incidents_ibfk_1` FOREIGN KEY (`security_incident_classification_id`) REFERENCES `security_incident_classifications` (`id`) ON DELETE SET NULL ON UPDATE CASCADE,
  CONSTRAINT `security_incidents_ibfk_2` FOREIGN KEY (`security_incident_status_id`) REFERENCES `security_incident_statuses` (`id`) ON DELETE SET NULL ON UPDATE CASCADE
) ENGINE=InnoDB DEFAULT CHARSET=utf8mb4 COLLATE=utf8mb4_unicode_ci;
/*!40101 SET character_set_client = @saved_cs_client */;

--
-- Dumping data for table `security_incidents`
--

LOCK TABLES `security_incidents` WRITE;
/*!40000 ALTER TABLE `security_incidents` DISABLE KEYS */;
/*!40000 ALTER TABLE `security_incidents` ENABLE KEYS */;
UNLOCK TABLES;

--
-- Table structure for table `security_incidents_security_service_audit_improvements`
--

DROP TABLE IF EXISTS `security_incidents_security_service_audit_improvements`;
/*!40101 SET @saved_cs_client     = @@character_set_client */;
/*!50503 SET character_set_client = utf8mb4 */;
CREATE TABLE `security_incidents_security_service_audit_improvements` (
  `id` int NOT NULL AUTO_INCREMENT,
  `security_incident_id` int NOT NULL,
  `security_service_audit_improvement_id` int NOT NULL,
  `created` datetime NOT NULL,
  PRIMARY KEY (`id`),
  KEY `security_service_audit_improvement_id` (`security_service_audit_improvement_id`),
  KEY `security_incident_id` (`security_incident_id`),
  CONSTRAINT `security_incidents_security_service_audit_improvements_ibfk_1` FOREIGN KEY (`security_service_audit_improvement_id`) REFERENCES `security_service_audit_improvements` (`id`) ON DELETE CASCADE ON UPDATE CASCADE,
  CONSTRAINT `security_incidents_security_service_audit_improvements_ibfk_2` FOREIGN KEY (`security_incident_id`) REFERENCES `security_incidents` (`id`) ON DELETE CASCADE ON UPDATE CASCADE
) ENGINE=InnoDB DEFAULT CHARSET=utf8mb4 COLLATE=utf8mb4_unicode_ci;
/*!40101 SET character_set_client = @saved_cs_client */;

--
-- Dumping data for table `security_incidents_security_service_audit_improvements`
--

LOCK TABLES `security_incidents_security_service_audit_improvements` WRITE;
/*!40000 ALTER TABLE `security_incidents_security_service_audit_improvements` DISABLE KEYS */;
/*!40000 ALTER TABLE `security_incidents_security_service_audit_improvements` ENABLE KEYS */;
UNLOCK TABLES;

--
-- Table structure for table `security_incidents_security_services`
--

DROP TABLE IF EXISTS `security_incidents_security_services`;
/*!40101 SET @saved_cs_client     = @@character_set_client */;
/*!50503 SET character_set_client = utf8mb4 */;
CREATE TABLE `security_incidents_security_services` (
  `id` int NOT NULL AUTO_INCREMENT,
  `security_incident_id` int NOT NULL,
  `security_service_id` int NOT NULL,
  PRIMARY KEY (`id`),
  KEY `security_service_id` (`security_service_id`),
  KEY `security_incident_id` (`security_incident_id`),
  CONSTRAINT `security_incidents_security_services_ibfk_1` FOREIGN KEY (`security_service_id`) REFERENCES `security_services` (`id`) ON DELETE CASCADE ON UPDATE CASCADE,
  CONSTRAINT `security_incidents_security_services_ibfk_2` FOREIGN KEY (`security_incident_id`) REFERENCES `security_incidents` (`id`) ON DELETE CASCADE ON UPDATE CASCADE
) ENGINE=InnoDB DEFAULT CHARSET=utf8mb4 COLLATE=utf8mb4_unicode_ci;
/*!40101 SET character_set_client = @saved_cs_client */;

--
-- Dumping data for table `security_incidents_security_services`
--

LOCK TABLES `security_incidents_security_services` WRITE;
/*!40000 ALTER TABLE `security_incidents_security_services` DISABLE KEYS */;
/*!40000 ALTER TABLE `security_incidents_security_services` ENABLE KEYS */;
UNLOCK TABLES;

--
-- Table structure for table `security_incidents_third_parties`
--

DROP TABLE IF EXISTS `security_incidents_third_parties`;
/*!40101 SET @saved_cs_client     = @@character_set_client */;
/*!50503 SET character_set_client = utf8mb4 */;
CREATE TABLE `security_incidents_third_parties` (
  `id` int NOT NULL AUTO_INCREMENT,
  `security_incident_id` int NOT NULL,
  `third_party_id` int NOT NULL,
  `created` datetime NOT NULL,
  PRIMARY KEY (`id`),
  KEY `security_incident_id` (`security_incident_id`),
  KEY `third_party_id` (`third_party_id`),
  CONSTRAINT `security_incidents_third_parties_ibfk_1` FOREIGN KEY (`security_incident_id`) REFERENCES `security_incidents` (`id`) ON DELETE CASCADE ON UPDATE CASCADE,
  CONSTRAINT `security_incidents_third_parties_ibfk_2` FOREIGN KEY (`third_party_id`) REFERENCES `third_parties` (`id`) ON DELETE CASCADE ON UPDATE CASCADE
) ENGINE=InnoDB DEFAULT CHARSET=utf8mb4 COLLATE=utf8mb4_unicode_ci;
/*!40101 SET character_set_client = @saved_cs_client */;

--
-- Dumping data for table `security_incidents_third_parties`
--

LOCK TABLES `security_incidents_third_parties` WRITE;
/*!40000 ALTER TABLE `security_incidents_third_parties` DISABLE KEYS */;
/*!40000 ALTER TABLE `security_incidents_third_parties` ENABLE KEYS */;
UNLOCK TABLES;

--
-- Table structure for table `security_policies`
--

DROP TABLE IF EXISTS `security_policies`;
/*!40101 SET @saved_cs_client     = @@character_set_client */;
/*!50503 SET character_set_client = utf8mb4 */;
CREATE TABLE `security_policies` (
  `id` int NOT NULL AUTO_INCREMENT,
  `index` varchar(255) COLLATE utf8mb4_unicode_ci NOT NULL DEFAULT '',
  `short_description` varchar(255) COLLATE utf8mb4_unicode_ci NOT NULL,
  `description` text COLLATE utf8mb4_unicode_ci,
  `url` text COLLATE utf8mb4_unicode_ci,
  `use_attachments` int NOT NULL DEFAULT '0',
  `document_type` varchar(255) COLLATE utf8mb4_unicode_ci NOT NULL,
  `security_policy_document_type_id` int DEFAULT NULL,
  `version` varchar(50) COLLATE utf8mb4_unicode_ci NOT NULL,
  `published_date` date NOT NULL,
  `next_review_date` date NOT NULL,
  `permission` varchar(255) COLLATE utf8mb4_unicode_ci NOT NULL,
  `ldap_connector_id` int DEFAULT NULL,
  `ldap_groups_required` int NOT NULL DEFAULT '0',
  `asset_label_id` int DEFAULT NULL,
  `status` int NOT NULL DEFAULT '0' COMMENT '0-draft, 1-released',
  `expired_reviews` int NOT NULL DEFAULT '0',
  `hash` varchar(255) COLLATE utf8mb4_unicode_ci DEFAULT NULL,
  `workflow_owner_id` int DEFAULT NULL,
  `workflow_status` int NOT NULL DEFAULT '0',
  `created` datetime NOT NULL,
  `modified` datetime NOT NULL,
  `edited` datetime DEFAULT NULL,
  `deleted` int NOT NULL DEFAULT '0',
  `deleted_date` datetime DEFAULT NULL,
  PRIMARY KEY (`id`),
  KEY `ldap_connector_id` (`ldap_connector_id`),
  KEY `asset_label_id` (`asset_label_id`),
  KEY `security_policy_document_type_id` (`security_policy_document_type_id`),
  FULLTEXT KEY `index` (`index`),
  CONSTRAINT `security_policies_ibfk_1` FOREIGN KEY (`ldap_connector_id`) REFERENCES `ldap_connectors` (`id`) ON DELETE SET NULL ON UPDATE CASCADE,
  CONSTRAINT `security_policies_ibfk_2` FOREIGN KEY (`asset_label_id`) REFERENCES `asset_labels` (`id`) ON DELETE SET NULL ON UPDATE CASCADE,
  CONSTRAINT `security_policies_ibfk_3` FOREIGN KEY (`security_policy_document_type_id`) REFERENCES `security_policy_document_types` (`id`) ON DELETE CASCADE ON UPDATE CASCADE
) ENGINE=InnoDB DEFAULT CHARSET=utf8mb4 COLLATE=utf8mb4_unicode_ci;
/*!40101 SET character_set_client = @saved_cs_client */;

--
-- Dumping data for table `security_policies`
--

LOCK TABLES `security_policies` WRITE;
/*!40000 ALTER TABLE `security_policies` DISABLE KEYS */;
/*!40000 ALTER TABLE `security_policies` ENABLE KEYS */;
UNLOCK TABLES;

--
-- Table structure for table `security_policies_related`
--

DROP TABLE IF EXISTS `security_policies_related`;
/*!40101 SET @saved_cs_client     = @@character_set_client */;
/*!50503 SET character_set_client = utf8mb4 */;
CREATE TABLE `security_policies_related` (
  `id` int NOT NULL AUTO_INCREMENT,
  `security_policy_id` int NOT NULL,
  `related_document_id` int NOT NULL,
  `created` datetime NOT NULL,
  PRIMARY KEY (`id`),
  KEY `related_document_id` (`related_document_id`),
  KEY `security_policy_id` (`security_policy_id`),
  CONSTRAINT `security_policies_related_ibfk_1` FOREIGN KEY (`related_document_id`) REFERENCES `security_policies` (`id`) ON DELETE CASCADE ON UPDATE CASCADE,
  CONSTRAINT `security_policies_related_ibfk_2` FOREIGN KEY (`security_policy_id`) REFERENCES `security_policies` (`id`) ON DELETE CASCADE ON UPDATE CASCADE
) ENGINE=InnoDB DEFAULT CHARSET=utf8mb4 COLLATE=utf8mb4_unicode_ci;
/*!40101 SET character_set_client = @saved_cs_client */;

--
-- Dumping data for table `security_policies_related`
--

LOCK TABLES `security_policies_related` WRITE;
/*!40000 ALTER TABLE `security_policies_related` DISABLE KEYS */;
/*!40000 ALTER TABLE `security_policies_related` ENABLE KEYS */;
UNLOCK TABLES;

--
-- Table structure for table `security_policies_security_services`
--

DROP TABLE IF EXISTS `security_policies_security_services`;
/*!40101 SET @saved_cs_client     = @@character_set_client */;
/*!50503 SET character_set_client = utf8mb4 */;
CREATE TABLE `security_policies_security_services` (
  `id` int NOT NULL AUTO_INCREMENT,
  `security_policy_id` int NOT NULL,
  `security_service_id` int NOT NULL,
  PRIMARY KEY (`id`),
  KEY `security_service_id` (`security_service_id`),
  KEY `security_policy_id` (`security_policy_id`),
  CONSTRAINT `security_policies_security_services_ibfk_1` FOREIGN KEY (`security_service_id`) REFERENCES `security_services` (`id`) ON DELETE CASCADE ON UPDATE CASCADE,
  CONSTRAINT `security_policies_security_services_ibfk_2` FOREIGN KEY (`security_policy_id`) REFERENCES `security_policies` (`id`) ON DELETE CASCADE ON UPDATE CASCADE
) ENGINE=InnoDB DEFAULT CHARSET=utf8mb4 COLLATE=utf8mb4_unicode_ci;
/*!40101 SET character_set_client = @saved_cs_client */;

--
-- Dumping data for table `security_policies_security_services`
--

LOCK TABLES `security_policies_security_services` WRITE;
/*!40000 ALTER TABLE `security_policies_security_services` DISABLE KEYS */;
/*!40000 ALTER TABLE `security_policies_security_services` ENABLE KEYS */;
UNLOCK TABLES;

--
-- Table structure for table `security_policy_document_types`
--

DROP TABLE IF EXISTS `security_policy_document_types`;
/*!40101 SET @saved_cs_client     = @@character_set_client */;
/*!50503 SET character_set_client = utf8mb4 */;
CREATE TABLE `security_policy_document_types` (
  `id` int NOT NULL AUTO_INCREMENT,
  `name` varchar(255) COLLATE utf8mb4_unicode_ci NOT NULL DEFAULT '',
  `editable` int NOT NULL DEFAULT '1',
  `created` datetime NOT NULL,
  `modified` datetime NOT NULL,
  PRIMARY KEY (`id`),
  FULLTEXT KEY `name` (`name`)
) ENGINE=InnoDB AUTO_INCREMENT=4 DEFAULT CHARSET=utf8mb4 COLLATE=utf8mb4_unicode_ci;
/*!40101 SET character_set_client = @saved_cs_client */;

--
-- Dumping data for table `security_policy_document_types`
--

LOCK TABLES `security_policy_document_types` WRITE;
/*!40000 ALTER TABLE `security_policy_document_types` DISABLE KEYS */;
INSERT INTO `security_policy_document_types` VALUES (1,'Procedure',0,'2022-01-01 12:34:56','2022-01-01 12:34:56'),(2,'Standard',0,'2022-01-01 12:34:56','2022-01-01 12:34:56'),(3,'Policy',0,'2022-01-01 12:34:56','2022-01-01 12:34:56');
/*!40000 ALTER TABLE `security_policy_document_types` ENABLE KEYS */;
UNLOCK TABLES;

--
-- Table structure for table `security_policy_ldap_groups`
--

DROP TABLE IF EXISTS `security_policy_ldap_groups`;
/*!40101 SET @saved_cs_client     = @@character_set_client */;
/*!50503 SET character_set_client = utf8mb4 */;
CREATE TABLE `security_policy_ldap_groups` (
  `id` int NOT NULL AUTO_INCREMENT,
  `security_policy_id` int NOT NULL,
  `name` varchar(255) COLLATE utf8mb4_unicode_ci NOT NULL DEFAULT '',
  `created` datetime NOT NULL,
  PRIMARY KEY (`id`),
  KEY `security_policy_id` (`security_policy_id`),
  CONSTRAINT `security_policy_ldap_groups_ibfk_1` FOREIGN KEY (`security_policy_id`) REFERENCES `security_policies` (`id`) ON DELETE CASCADE ON UPDATE CASCADE
) ENGINE=InnoDB DEFAULT CHARSET=utf8mb4 COLLATE=utf8mb4_unicode_ci;
/*!40101 SET character_set_client = @saved_cs_client */;

--
-- Dumping data for table `security_policy_ldap_groups`
--

LOCK TABLES `security_policy_ldap_groups` WRITE;
/*!40000 ALTER TABLE `security_policy_ldap_groups` DISABLE KEYS */;
/*!40000 ALTER TABLE `security_policy_ldap_groups` ENABLE KEYS */;
UNLOCK TABLES;

--
-- Table structure for table `security_policy_reviews`
--

DROP TABLE IF EXISTS `security_policy_reviews`;
/*!40101 SET @saved_cs_client     = @@character_set_client */;
/*!50503 SET character_set_client = utf8mb4 */;
CREATE TABLE `security_policy_reviews` (
  `id` int NOT NULL AUTO_INCREMENT,
  `security_policy_id` int NOT NULL,
  `planned_date` date NOT NULL,
  `actual_review_date` date DEFAULT NULL,
  `reviewer_id` int DEFAULT NULL,
  `comments` text COLLATE utf8mb4_unicode_ci NOT NULL,
  `workflow_status` int NOT NULL DEFAULT '0',
  `workflow_owner_id` int DEFAULT NULL,
  `created` datetime NOT NULL,
  `modified` datetime NOT NULL,
  PRIMARY KEY (`id`),
  KEY `security_policy_id` (`security_policy_id`),
  KEY `reviewer_id` (`reviewer_id`),
  CONSTRAINT `security_policy_reviews_ibfk_1` FOREIGN KEY (`security_policy_id`) REFERENCES `security_policies` (`id`) ON DELETE CASCADE ON UPDATE CASCADE,
  CONSTRAINT `security_policy_reviews_ibfk_2` FOREIGN KEY (`reviewer_id`) REFERENCES `users` (`id`) ON DELETE SET NULL ON UPDATE CASCADE
) ENGINE=InnoDB DEFAULT CHARSET=utf8mb4 COLLATE=utf8mb4_unicode_ci;
/*!40101 SET character_set_client = @saved_cs_client */;

--
-- Dumping data for table `security_policy_reviews`
--

LOCK TABLES `security_policy_reviews` WRITE;
/*!40000 ALTER TABLE `security_policy_reviews` DISABLE KEYS */;
/*!40000 ALTER TABLE `security_policy_reviews` ENABLE KEYS */;
UNLOCK TABLES;

--
-- Table structure for table `security_service_audit_dates`
--

DROP TABLE IF EXISTS `security_service_audit_dates`;
/*!40101 SET @saved_cs_client     = @@character_set_client */;
/*!50503 SET character_set_client = utf8mb4 */;
CREATE TABLE `security_service_audit_dates` (
  `id` int NOT NULL AUTO_INCREMENT,
  `security_service_id` int NOT NULL,
  `day` int NOT NULL,
  `month` int NOT NULL,
  PRIMARY KEY (`id`),
  KEY `security_service_id` (`security_service_id`),
  CONSTRAINT `security_service_audit_dates_ibfk_1` FOREIGN KEY (`security_service_id`) REFERENCES `security_services` (`id`) ON DELETE CASCADE ON UPDATE CASCADE
) ENGINE=InnoDB DEFAULT CHARSET=utf8mb4 COLLATE=utf8mb4_unicode_ci;
/*!40101 SET character_set_client = @saved_cs_client */;

--
-- Dumping data for table `security_service_audit_dates`
--

LOCK TABLES `security_service_audit_dates` WRITE;
/*!40000 ALTER TABLE `security_service_audit_dates` DISABLE KEYS */;
/*!40000 ALTER TABLE `security_service_audit_dates` ENABLE KEYS */;
UNLOCK TABLES;

--
-- Table structure for table `security_service_audit_improvements`
--

DROP TABLE IF EXISTS `security_service_audit_improvements`;
/*!40101 SET @saved_cs_client     = @@character_set_client */;
/*!50503 SET character_set_client = utf8mb4 */;
CREATE TABLE `security_service_audit_improvements` (
  `id` int NOT NULL AUTO_INCREMENT,
  `security_service_audit_id` int NOT NULL,
  `user_id` int NOT NULL,
  `created` datetime NOT NULL,
  PRIMARY KEY (`id`),
  KEY `user_id` (`user_id`),
  KEY `security_service_audit_id` (`security_service_audit_id`),
  CONSTRAINT `security_service_audit_improvements_ibfk_1` FOREIGN KEY (`user_id`) REFERENCES `users` (`id`) ON DELETE CASCADE ON UPDATE CASCADE,
  CONSTRAINT `security_service_audit_improvements_ibfk_2` FOREIGN KEY (`security_service_audit_id`) REFERENCES `security_service_audits` (`id`) ON DELETE CASCADE ON UPDATE CASCADE
) ENGINE=InnoDB DEFAULT CHARSET=utf8mb4 COLLATE=utf8mb4_unicode_ci;
/*!40101 SET character_set_client = @saved_cs_client */;

--
-- Dumping data for table `security_service_audit_improvements`
--

LOCK TABLES `security_service_audit_improvements` WRITE;
/*!40000 ALTER TABLE `security_service_audit_improvements` DISABLE KEYS */;
/*!40000 ALTER TABLE `security_service_audit_improvements` ENABLE KEYS */;
UNLOCK TABLES;

--
-- Table structure for table `security_service_audits`
--

DROP TABLE IF EXISTS `security_service_audits`;
/*!40101 SET @saved_cs_client     = @@character_set_client */;
/*!50503 SET character_set_client = utf8mb4 */;
CREATE TABLE `security_service_audits` (
  `id` int NOT NULL AUTO_INCREMENT,
  `security_service_id` int NOT NULL,
  `audit_metric_description` text COLLATE utf8mb4_unicode_ci NOT NULL,
  `audit_success_criteria` text COLLATE utf8mb4_unicode_ci NOT NULL,
  `result` int DEFAULT NULL COMMENT 'null-not defined, 0-fail, 1-pass',
  `result_description` text COLLATE utf8mb4_unicode_ci NOT NULL,
  `planned_date` date NOT NULL,
  `start_date` date DEFAULT NULL,
  `end_date` date DEFAULT NULL,
  `workflow_owner_id` int DEFAULT NULL,
  `workflow_status` int NOT NULL DEFAULT '0',
  `created` datetime NOT NULL,
  `modified` datetime NOT NULL,
  `edited` datetime DEFAULT NULL,
  `deleted` int NOT NULL DEFAULT '0',
  `deleted_date` datetime DEFAULT NULL,
  PRIMARY KEY (`id`),
  KEY `security_service_id` (`security_service_id`),
  CONSTRAINT `security_service_audits_ibfk_1` FOREIGN KEY (`security_service_id`) REFERENCES `security_services` (`id`) ON DELETE CASCADE ON UPDATE CASCADE
) ENGINE=InnoDB DEFAULT CHARSET=utf8mb4 COLLATE=utf8mb4_unicode_ci;
/*!40101 SET character_set_client = @saved_cs_client */;

--
-- Dumping data for table `security_service_audits`
--

LOCK TABLES `security_service_audits` WRITE;
/*!40000 ALTER TABLE `security_service_audits` DISABLE KEYS */;
/*!40000 ALTER TABLE `security_service_audits` ENABLE KEYS */;
UNLOCK TABLES;

--
-- Table structure for table `security_service_classifications`
--

DROP TABLE IF EXISTS `security_service_classifications`;
/*!40101 SET @saved_cs_client     = @@character_set_client */;
/*!50503 SET character_set_client = utf8mb4 */;
CREATE TABLE `security_service_classifications` (
  `id` int NOT NULL AUTO_INCREMENT,
  `security_service_id` int NOT NULL,
  `name` varchar(255) COLLATE utf8mb4_unicode_ci NOT NULL DEFAULT '',
  `created` datetime NOT NULL,
  PRIMARY KEY (`id`),
  KEY `security_service_id` (`security_service_id`),
  CONSTRAINT `security_service_classifications_ibfk_1` FOREIGN KEY (`security_service_id`) REFERENCES `security_services` (`id`) ON DELETE CASCADE ON UPDATE CASCADE
) ENGINE=InnoDB DEFAULT CHARSET=utf8mb4 COLLATE=utf8mb4_unicode_ci;
/*!40101 SET character_set_client = @saved_cs_client */;

--
-- Dumping data for table `security_service_classifications`
--

LOCK TABLES `security_service_classifications` WRITE;
/*!40000 ALTER TABLE `security_service_classifications` DISABLE KEYS */;
/*!40000 ALTER TABLE `security_service_classifications` ENABLE KEYS */;
UNLOCK TABLES;

--
-- Table structure for table `security_service_maintenance_dates`
--

DROP TABLE IF EXISTS `security_service_maintenance_dates`;
/*!40101 SET @saved_cs_client     = @@character_set_client */;
/*!50503 SET character_set_client = utf8mb4 */;
CREATE TABLE `security_service_maintenance_dates` (
  `id` int NOT NULL AUTO_INCREMENT,
  `security_service_id` int NOT NULL,
  `day` int NOT NULL,
  `month` int NOT NULL,
  PRIMARY KEY (`id`),
  KEY `security_service_id` (`security_service_id`),
  CONSTRAINT `security_service_maintenance_dates_ibfk_1` FOREIGN KEY (`security_service_id`) REFERENCES `security_services` (`id`) ON DELETE CASCADE ON UPDATE CASCADE
) ENGINE=InnoDB DEFAULT CHARSET=utf8mb4 COLLATE=utf8mb4_unicode_ci;
/*!40101 SET character_set_client = @saved_cs_client */;

--
-- Dumping data for table `security_service_maintenance_dates`
--

LOCK TABLES `security_service_maintenance_dates` WRITE;
/*!40000 ALTER TABLE `security_service_maintenance_dates` DISABLE KEYS */;
/*!40000 ALTER TABLE `security_service_maintenance_dates` ENABLE KEYS */;
UNLOCK TABLES;

--
-- Table structure for table `security_service_maintenances`
--

DROP TABLE IF EXISTS `security_service_maintenances`;
/*!40101 SET @saved_cs_client     = @@character_set_client */;
/*!50503 SET character_set_client = utf8mb4 */;
CREATE TABLE `security_service_maintenances` (
  `id` int NOT NULL AUTO_INCREMENT,
  `security_service_id` int NOT NULL,
  `task` text COLLATE utf8mb4_unicode_ci NOT NULL,
  `task_conclusion` text COLLATE utf8mb4_unicode_ci NOT NULL,
  `planned_date` date NOT NULL,
  `start_date` date DEFAULT NULL,
  `end_date` date DEFAULT NULL,
  `result` int DEFAULT NULL COMMENT 'null-not defined, 0-fail, 1-pass',
  `workflow_owner_id` int DEFAULT NULL,
  `workflow_status` int NOT NULL DEFAULT '0',
  `created` datetime NOT NULL,
  `modified` datetime NOT NULL,
  `edited` datetime DEFAULT NULL,
  `deleted` int NOT NULL DEFAULT '0',
  `deleted_date` datetime DEFAULT NULL,
  PRIMARY KEY (`id`),
  KEY `security_service_id` (`security_service_id`),
  CONSTRAINT `security_service_maintenances_ibfk_1` FOREIGN KEY (`security_service_id`) REFERENCES `security_services` (`id`) ON DELETE CASCADE ON UPDATE CASCADE
) ENGINE=InnoDB DEFAULT CHARSET=utf8mb4 COLLATE=utf8mb4_unicode_ci;
/*!40101 SET character_set_client = @saved_cs_client */;

--
-- Dumping data for table `security_service_maintenances`
--

LOCK TABLES `security_service_maintenances` WRITE;
/*!40000 ALTER TABLE `security_service_maintenances` DISABLE KEYS */;
/*!40000 ALTER TABLE `security_service_maintenances` ENABLE KEYS */;
UNLOCK TABLES;

--
-- Table structure for table `security_service_types`
--

DROP TABLE IF EXISTS `security_service_types`;
/*!40101 SET @saved_cs_client     = @@character_set_client */;
/*!50503 SET character_set_client = utf8mb4 */;
CREATE TABLE `security_service_types` (
  `id` int NOT NULL AUTO_INCREMENT,
  `name` varchar(255) COLLATE utf8mb4_unicode_ci NOT NULL DEFAULT '',
  PRIMARY KEY (`id`)
) ENGINE=InnoDB AUTO_INCREMENT=5 DEFAULT CHARSET=utf8mb4 COLLATE=utf8mb4_unicode_ci;
/*!40101 SET character_set_client = @saved_cs_client */;

--
-- Dumping data for table `security_service_types`
--

LOCK TABLES `security_service_types` WRITE;
/*!40000 ALTER TABLE `security_service_types` DISABLE KEYS */;
INSERT INTO `security_service_types` VALUES (2,'Design'),(4,'Production');
/*!40000 ALTER TABLE `security_service_types` ENABLE KEYS */;
UNLOCK TABLES;

--
-- Table structure for table `security_services`
--

DROP TABLE IF EXISTS `security_services`;
/*!40101 SET @saved_cs_client     = @@character_set_client */;
/*!50503 SET character_set_client = utf8mb4 */;
CREATE TABLE `security_services` (
  `id` int NOT NULL AUTO_INCREMENT,
  `name` varchar(255) COLLATE utf8mb4_unicode_ci NOT NULL DEFAULT '',
  `objective` text COLLATE utf8mb4_unicode_ci NOT NULL,
  `security_service_type_id` int DEFAULT NULL,
  `service_classification_id` int DEFAULT NULL,
  `documentation_url` text COLLATE utf8mb4_unicode_ci NOT NULL,
  `audit_calendar_type` int NOT NULL DEFAULT '0',
  `audit_calendar_recurrence_start_date` date DEFAULT NULL,
  `audit_calendar_recurrence_frequency` int DEFAULT NULL,
  `audit_calendar_recurrence_period` int DEFAULT NULL,
  `maintenance_calendar_type` int NOT NULL DEFAULT '0',
  `maintenance_calendar_recurrence_start_date` date DEFAULT NULL,
  `maintenance_calendar_recurrence_frequency` int DEFAULT NULL,
  `maintenance_calendar_recurrence_period` int DEFAULT NULL,
  `audit_metric_description` text COLLATE utf8mb4_unicode_ci NOT NULL,
  `audit_success_criteria` text COLLATE utf8mb4_unicode_ci NOT NULL,
  `maintenance_metric_description` text COLLATE utf8mb4_unicode_ci NOT NULL,
  `opex` float DEFAULT NULL,
  `capex` float DEFAULT NULL,
  `resource_utilization` int DEFAULT NULL,
  `audits_all_done` int NOT NULL,
  `audits_not_all_done` int NOT NULL,
  `audits_last_missing` int NOT NULL,
  `audits_last_passed` int NOT NULL,
  `audits_improvements` int NOT NULL,
  `audits_status` int NOT NULL,
  `maintenances_all_done` int NOT NULL,
  `maintenances_not_all_done` int NOT NULL,
  `maintenances_last_missing` int NOT NULL,
  `maintenances_last_passed` int NOT NULL,
  `ongoing_security_incident` int NOT NULL DEFAULT '0',
  `security_incident_open_count` int NOT NULL,
  `control_with_issues` int NOT NULL DEFAULT '0',
  `ongoing_corrective_actions` int NOT NULL DEFAULT '0',
  `workflow_owner_id` int DEFAULT NULL,
  `workflow_status` int NOT NULL DEFAULT '0',
  `created` datetime NOT NULL,
  `modified` datetime NOT NULL,
  `edited` datetime DEFAULT NULL,
  `deleted` int NOT NULL DEFAULT '0',
  `deleted_date` datetime DEFAULT NULL,
  PRIMARY KEY (`id`),
  KEY `service_classification_id` (`service_classification_id`),
  KEY `security_service_type_id` (`security_service_type_id`),
  FULLTEXT KEY `name` (`name`),
  CONSTRAINT `security_services_ibfk_1` FOREIGN KEY (`service_classification_id`) REFERENCES `service_classifications` (`id`) ON DELETE SET NULL ON UPDATE CASCADE,
  CONSTRAINT `security_services_ibfk_2` FOREIGN KEY (`security_service_type_id`) REFERENCES `security_service_types` (`id`) ON DELETE SET NULL ON UPDATE CASCADE
) ENGINE=InnoDB DEFAULT CHARSET=utf8mb4 COLLATE=utf8mb4_unicode_ci;
/*!40101 SET character_set_client = @saved_cs_client */;

--
-- Dumping data for table `security_services`
--

LOCK TABLES `security_services` WRITE;
/*!40000 ALTER TABLE `security_services` DISABLE KEYS */;
/*!40000 ALTER TABLE `security_services` ENABLE KEYS */;
UNLOCK TABLES;

--
-- Table structure for table `security_services_service_contracts`
--

DROP TABLE IF EXISTS `security_services_service_contracts`;
/*!40101 SET @saved_cs_client     = @@character_set_client */;
/*!50503 SET character_set_client = utf8mb4 */;
CREATE TABLE `security_services_service_contracts` (
  `id` int NOT NULL AUTO_INCREMENT,
  `security_service_id` int NOT NULL,
  `service_contract_id` int NOT NULL,
  PRIMARY KEY (`id`),
  KEY `service_contract_id` (`service_contract_id`),
  KEY `security_service_id` (`security_service_id`),
  CONSTRAINT `security_services_service_contracts_ibfk_1` FOREIGN KEY (`service_contract_id`) REFERENCES `service_contracts` (`id`) ON DELETE CASCADE ON UPDATE CASCADE,
  CONSTRAINT `security_services_service_contracts_ibfk_2` FOREIGN KEY (`security_service_id`) REFERENCES `security_services` (`id`) ON DELETE CASCADE ON UPDATE CASCADE
) ENGINE=InnoDB DEFAULT CHARSET=utf8mb4 COLLATE=utf8mb4_unicode_ci;
/*!40101 SET character_set_client = @saved_cs_client */;

--
-- Dumping data for table `security_services_service_contracts`
--

LOCK TABLES `security_services_service_contracts` WRITE;
/*!40000 ALTER TABLE `security_services_service_contracts` DISABLE KEYS */;
/*!40000 ALTER TABLE `security_services_service_contracts` ENABLE KEYS */;
UNLOCK TABLES;

--
-- Table structure for table `security_services_third_party_risks`
--

DROP TABLE IF EXISTS `security_services_third_party_risks`;
/*!40101 SET @saved_cs_client     = @@character_set_client */;
/*!50503 SET character_set_client = utf8mb4 */;
CREATE TABLE `security_services_third_party_risks` (
  `id` int NOT NULL AUTO_INCREMENT,
  `security_service_id` int NOT NULL,
  `third_party_risk_id` int NOT NULL,
  PRIMARY KEY (`id`),
  KEY `security_service_id` (`security_service_id`),
  KEY `third_party_risk_id` (`third_party_risk_id`),
  CONSTRAINT `security_services_third_party_risks_ibfk_1` FOREIGN KEY (`security_service_id`) REFERENCES `security_services` (`id`) ON DELETE CASCADE ON UPDATE CASCADE,
  CONSTRAINT `security_services_third_party_risks_ibfk_2` FOREIGN KEY (`third_party_risk_id`) REFERENCES `third_party_risks` (`id`) ON DELETE CASCADE ON UPDATE CASCADE
) ENGINE=InnoDB DEFAULT CHARSET=utf8mb4 COLLATE=utf8mb4_unicode_ci;
/*!40101 SET character_set_client = @saved_cs_client */;

--
-- Dumping data for table `security_services_third_party_risks`
--

LOCK TABLES `security_services_third_party_risks` WRITE;
/*!40000 ALTER TABLE `security_services_third_party_risks` DISABLE KEYS */;
/*!40000 ALTER TABLE `security_services_third_party_risks` ENABLE KEYS */;
UNLOCK TABLES;

--
-- Table structure for table `service_classifications`
--

DROP TABLE IF EXISTS `service_classifications`;
/*!40101 SET @saved_cs_client     = @@character_set_client */;
/*!50503 SET character_set_client = utf8mb4 */;
CREATE TABLE `service_classifications` (
  `id` int NOT NULL AUTO_INCREMENT,
  `name` varchar(255) COLLATE utf8mb4_unicode_ci NOT NULL DEFAULT '',
  `description` text COLLATE utf8mb4_unicode_ci NOT NULL,
  `workflow_owner_id` int DEFAULT NULL,
  `workflow_status` int NOT NULL DEFAULT '0',
  `created` datetime NOT NULL,
  `modified` datetime NOT NULL,
  PRIMARY KEY (`id`)
) ENGINE=InnoDB DEFAULT CHARSET=utf8mb4 COLLATE=utf8mb4_unicode_ci;
/*!40101 SET character_set_client = @saved_cs_client */;

--
-- Dumping data for table `service_classifications`
--

LOCK TABLES `service_classifications` WRITE;
/*!40000 ALTER TABLE `service_classifications` DISABLE KEYS */;
/*!40000 ALTER TABLE `service_classifications` ENABLE KEYS */;
UNLOCK TABLES;

--
-- Table structure for table `service_contracts`
--

DROP TABLE IF EXISTS `service_contracts`;
/*!40101 SET @saved_cs_client     = @@character_set_client */;
/*!50503 SET character_set_client = utf8mb4 */;
CREATE TABLE `service_contracts` (
  `id` int NOT NULL AUTO_INCREMENT,
  `third_party_id` int NOT NULL,
  `name` varchar(255) COLLATE utf8mb4_unicode_ci NOT NULL DEFAULT '',
  `description` text COLLATE utf8mb4_unicode_ci NOT NULL,
  `value` int NOT NULL,
  `start` date NOT NULL,
  `end` date NOT NULL,
  `expired` int NOT NULL DEFAULT '0',
  `workflow_owner_id` int DEFAULT NULL,
  `workflow_status` int NOT NULL DEFAULT '0',
  `created` datetime NOT NULL,
  `modified` datetime NOT NULL,
  `edited` datetime DEFAULT NULL,
  `deleted` int NOT NULL DEFAULT '0',
  `deleted_date` datetime DEFAULT NULL,
  PRIMARY KEY (`id`),
  KEY `third_party_id` (`third_party_id`),
  CONSTRAINT `service_contracts_ibfk_1` FOREIGN KEY (`third_party_id`) REFERENCES `third_parties` (`id`) ON DELETE CASCADE ON UPDATE CASCADE
) ENGINE=InnoDB DEFAULT CHARSET=utf8mb4 COLLATE=utf8mb4_unicode_ci;
/*!40101 SET character_set_client = @saved_cs_client */;

--
-- Dumping data for table `service_contracts`
--

LOCK TABLES `service_contracts` WRITE;
/*!40000 ALTER TABLE `service_contracts` DISABLE KEYS */;
/*!40000 ALTER TABLE `service_contracts` ENABLE KEYS */;
UNLOCK TABLES;

--
-- Table structure for table `setting_groups`
--

DROP TABLE IF EXISTS `setting_groups`;
/*!40101 SET @saved_cs_client     = @@character_set_client */;
/*!50503 SET character_set_client = utf8mb4 */;
CREATE TABLE `setting_groups` (
  `id` int NOT NULL AUTO_INCREMENT,
  `slug` varchar(50) COLLATE utf8mb4_unicode_ci NOT NULL,
  `parent_slug` varchar(50) COLLATE utf8mb4_unicode_ci DEFAULT NULL,
  `name` varchar(150) COLLATE utf8mb4_unicode_ci DEFAULT NULL,
  `icon_code` varchar(150) COLLATE utf8mb4_unicode_ci DEFAULT NULL,
  `notes` varchar(250) COLLATE utf8mb4_unicode_ci DEFAULT NULL,
  `url` varchar(250) COLLATE utf8mb4_unicode_ci DEFAULT NULL,
  `modal` int NOT NULL DEFAULT '0',
  `hidden` tinyint DEFAULT '0',
  `order` int DEFAULT '0',
  PRIMARY KEY (`id`),
  UNIQUE KEY `slug` (`slug`),
  KEY `parent_slug` (`parent_slug`),
  CONSTRAINT `setting_groups_ibfk_1` FOREIGN KEY (`parent_slug`) REFERENCES `setting_groups` (`slug`) ON DELETE CASCADE ON UPDATE CASCADE
) ENGINE=InnoDB AUTO_INCREMENT=54 DEFAULT CHARSET=utf8mb4 COLLATE=utf8mb4_unicode_ci;
/*!40101 SET character_set_client = @saved_cs_client */;

--
-- Dumping data for table `setting_groups`
--

LOCK TABLES `setting_groups` WRITE;
/*!40000 ALTER TABLE `setting_groups` DISABLE KEYS */;
INSERT INTO `setting_groups` VALUES (1,'ACCESSLST','ACCESSMGT','Access Lists',NULL,NULL,'{\"controller\":\"admin\", \"action\":\"acl\", \"0\" :\"aros\", \"1\":\"ajax_role_permissions\"}',0,0,0),(2,'ACCESSMGT',NULL,'Access Management','icon-cog',NULL,NULL,0,0,0),(3,'AUTH','ACCESSMGT','Authentication ',NULL,NULL,'{\"controller\":\"ldapConnectorAuthentications\",\"action\":\"edit\"}',1,0,0),(4,'BANNER','SEC','Banners',NULL,NULL,NULL,0,1,0),(5,'BAR','DB','Backup & Restore',NULL,NULL,'{\"controller\":\"backupRestore\",\"action\":\"index\", \"plugin\":\"backupRestore\"}',1,0,0),(6,'BFP','SEC','Brute Force Protection',NULL,'This setting allows you to protect the login page of eramba from being brute-force attacked.',NULL,0,0,0),(7,'CUE','LOC','Currency',NULL,NULL,NULL,0,0,0),(8,'DASH',NULL,'Dashboard','icon-cog',NULL,NULL,0,0,0),(9,'DASHRESET','DASH','Reset Dashboards',NULL,NULL,'{\"controller\":\"settings\",\"action\":\"resetDashboards\"}',0,0,0),(10,'DB',NULL,'Database','icon-cog',NULL,NULL,0,0,0),(11,'DBCNF','DB','Database Configurations',NULL,NULL,NULL,0,1,0),(12,'DBRESET','DB','Reset Database',NULL,NULL,'{\"controller\":\"settings\",\"action\":\"resetDatabase\"}',1,0,0),(13,'DEBUG',NULL,'Debug Settings and Logs','icon-cog',NULL,NULL,0,0,0),(14,'DEBUGCFG','DEBUG','Debug Config',NULL,NULL,NULL,0,0,0),(15,'ERRORLOG','DEBUG','Error Log',NULL,NULL,'{\"controller\":\"settings\",\"action\":\"logs\", \"0\":\"error\"}',1,0,0),(16,'GROUP','ACCESSMGT','Groups ',NULL,NULL,'{\"controller\":\"groups\",\"action\":\"index\"}',0,0,0),(17,'LDAP','ACCESSMGT','LDAP Connectors',NULL,NULL,'{\"controller\":\"ldapConnectors\",\"action\":\"index\"}',0,0,0),(18,'LOC',NULL,'Localization','icon-cog',NULL,NULL,0,0,0),(19,'MAIL',NULL,'Mail','icon-cog',NULL,NULL,0,0,0),(20,'MAILCNF','MAIL','Mail Configurations',NULL,NULL,NULL,0,0,0),(21,'MAILLOG','DEBUG','Email Log',NULL,NULL,'{\"controller\":\"settings\",\"action\":\"logs\", \"0\":\"email\"}',1,0,0),(22,'PRELOAD','DB','Pre-load the database with default databases',NULL,NULL,NULL,0,1,0),(23,'RISK',NULL,'Risk','icon-cog',NULL,NULL,0,1,0),(24,'RISKAPPETITE','RISK','Risk appetite',NULL,NULL,NULL,0,0,0),(25,'ROLES','ACCESSMGT','Roles',NULL,NULL,'{\"controller\":\"scopes\",\"action\":\"index\"}',0,1,0),(26,'SEC',NULL,'Security','icon-cog',NULL,NULL,0,0,0),(27,'SECKEY','CRONJOBS','Crontab Security Key',NULL,NULL,NULL,0,0,0),(28,'USER','ACCESSMGT','User Management',NULL,NULL,'{\"controller\":\"users\",\"action\":\"index\"}',0,0,0),(29,'CLRCACHE','DEBUG','Clear Cache',NULL,NULL,'{\"controller\":\"settings\",\"action\":\"deleteCache\"}',0,0,0),(30,'CLRACLCACHE','DEBUG','Clear ACL Cache',NULL,NULL,'{\"controller\":\"settings\",\"action\":\"deleteCache\", \"0\":\"acl\"}',0,1,0),(31,'LOGO','LOC','Custom Logo',NULL,NULL,'{\"controller\":\"settings\",\"action\":\"customLogo\"}',1,0,0),(32,'HEALTH','SEC','System Health',NULL,NULL,'{\"controller\":\"settings\",\"action\":\"systemHealth\"}',1,0,0),(33,'TZONE','LOC','Timezone',NULL,NULL,NULL,0,0,0),(34,'UPDATES','SEC','Updates',NULL,NULL,'{\"controller\":\"updates\",\"action\":\"index\"}',0,0,0),(35,'NOTIFICATION','ACCESSMGT','Notifications',NULL,NULL,'{\"controller\":\"notificationSystem\",\"action\":\"listItems\"}',0,1,0),(36,'CRON','CRONJOBS','Crontab History',NULL,NULL,'{\"controller\":\"cron\",\"action\":\"index\"}',0,0,0),(37,'BACKUP','DB','Backup Configuration',NULL,NULL,NULL,0,0,2),(38,'QUEUE','MAIL','Emails In Queue',NULL,NULL,'{\"controller\":\"queue\", \"action\":\"index\"}',0,0,0),(39,'VISUALISATION','ACCESSMGT','Visualisation',NULL,NULL,'{\"controller\":\"visualisationSettings\",\"action\":\"index\", \"plugin\":\"visualisation\"}',0,0,0),(40,'OAUTH','ACCESSMGT','OAuth Connectors',NULL,NULL,'{\"controller\":\"oauthConnectors\",\"action\":\"index\"}',0,0,0),(41,'CRONJOBS',NULL,'Cron Jobs','icon-cog',NULL,NULL,0,0,0),(42,'GENERAL',NULL,'General Settings','icon-cog',NULL,NULL,0,0,0),(43,'PDFCONFIG','GENERAL','PDF Configuration',NULL,NULL,NULL,0,0,0),(44,'SSLOFFLOAD','SEC','SSL/TLS Offload',NULL,NULL,NULL,0,0,0),(45,'ENTERPRISE_USERS','SEC','Enterprise Users',NULL,NULL,NULL,0,0,0),(46,'SECSALT','SEC','Security Salt',NULL,NULL,NULL,0,1,0),(47,'CSV','LOC','CSV Delimiter',NULL,NULL,NULL,0,0,0),(48,'TRANSLATION','LOC','Languages',NULL,NULL,'{\"plugin\":\"translations\",\"controller\":\"translations\",\"action\":\"index\"}',0,0,0),(49,'DEFAULT_TRANSLATION','LOC','Default Language',NULL,NULL,NULL,1,1,0),(50,'WEBHOOKS',NULL,'Webhooks Configuration',NULL,NULL,NULL,1,0,0),(51,'DASHBOARD','LOC','Dashboard Template',NULL,NULL,'{\"plugin\":\"dashboard\",\"controller\":\"dashboardReports\",\"action\":\"index\"}',0,0,0),(52,'DEFAULT_DASHBOARD','LOC','Active Dashboard',NULL,NULL,NULL,1,1,0),(53,'SENDDIAGNOSTICS','DEBUG','Help Improve Eramba',NULL,NULL,'{\"plugin\":false,\"controller\":\"settings\",\"action\":\"helpImprove\"}',1,0,0);
/*!40000 ALTER TABLE `setting_groups` ENABLE KEYS */;
UNLOCK TABLES;

--
-- Table structure for table `settings`
--

DROP TABLE IF EXISTS `settings`;
/*!40101 SET @saved_cs_client     = @@character_set_client */;
/*!50503 SET character_set_client = utf8mb4 */;
CREATE TABLE `settings` (
  `id` int NOT NULL AUTO_INCREMENT,
  `active` int NOT NULL DEFAULT '1',
  `name` varchar(255) COLLATE utf8mb4_unicode_ci NOT NULL,
  `variable` varchar(100) COLLATE utf8mb4_unicode_ci NOT NULL,
  `value` varchar(255) COLLATE utf8mb4_unicode_ci DEFAULT NULL,
  `default_value` varchar(255) COLLATE utf8mb4_unicode_ci DEFAULT NULL,
  `values` varchar(255) COLLATE utf8mb4_unicode_ci DEFAULT NULL,
  `type` varchar(255) COLLATE utf8mb4_unicode_ci NOT NULL DEFAULT 'text',
  `options` varchar(150) COLLATE utf8mb4_unicode_ci DEFAULT NULL,
  `hidden` int NOT NULL DEFAULT '0',
  `required` int NOT NULL DEFAULT '0',
  `setting_group_slug` varchar(50) COLLATE utf8mb4_unicode_ci DEFAULT NULL,
  `setting_type` varchar(255) COLLATE utf8mb4_unicode_ci DEFAULT 'constant',
  `order` int NOT NULL DEFAULT '0',
  `modified` datetime NOT NULL,
  `created` datetime NOT NULL,
  PRIMARY KEY (`id`),
  KEY `setting_group_slug` (`setting_group_slug`),
  CONSTRAINT `settings_ibfk_1` FOREIGN KEY (`setting_group_slug`) REFERENCES `setting_groups` (`slug`) ON DELETE CASCADE ON UPDATE CASCADE
) ENGINE=InnoDB AUTO_INCREMENT=52 DEFAULT CHARSET=utf8mb4 COLLATE=utf8mb4_unicode_ci;
/*!40101 SET character_set_client = @saved_cs_client */;

--
-- Dumping data for table `settings`
--

LOCK TABLES `settings` WRITE;
/*!40000 ALTER TABLE `settings` DISABLE KEYS */;
INSERT INTO `settings` VALUES (2,1,'DB Schema Version','DB_SCHEMA_VERSION','e3.11.0',NULL,NULL,'text',NULL,1,0,NULL,'constant',0,'2017-02-22 21:32:39','2015-12-19 00:00:00'),(3,1,'Client ID','CLIENT_ID','8d5c8d9ca71352a1c87ae0b3646f47499a9f6752',NULL,NULL,'text',NULL,1,0,NULL,'constant',0,'2021-07-16 09:42:10','2015-12-19 00:00:00'),(4,1,'Bruteforce wrong logins','BRUTEFORCE_WRONG_LOGINS','3',NULL,NULL,'number','{\"min\":1,\"max\":10,\"step\":1}',0,0,'BFP','constant',0,'2015-12-19 00:00:00','2015-12-19 00:00:00'),(5,1,'Bruteforce second ago','BRUTEFORCE_SECONDS_AGO','60',NULL,NULL,'number','{\"min\":10,\"max\":120,\"step\":1}',0,0,'BFP','constant',0,'2015-12-19 00:00:00','2015-12-19 00:00:00'),(10,1,'Default currency','DEFAULT_CURRENCY','EUR',NULL,'configDefaultCurrency','select','{\"AUD\":\"AUD\",\"CAD\":\"CAD\",\"USD\":\"USD\",\"EUR\":\"EUR\",\"GBP\":\"GBP\",\"JPY\":\"JPY\"}',0,0,'CUE','config',0,'2015-12-19 00:00:00','2015-12-19 00:00:00'),(11,1,'Type','SMTP_USE','0',NULL,NULL,'select','{\"0\":\"Mail\",\"1\":\"SMTP\"}',0,0,'MAILCNF','constant',0,'2015-12-19 00:00:00','2015-12-19 00:00:00'),(12,1,'SMTP host','SMTP_HOST','',NULL,NULL,'text',NULL,0,0,'MAILCNF','constant',1,'2015-12-19 00:00:00','2015-12-19 00:00:00'),(13,1,'SMTP user','SMTP_USER','',NULL,NULL,'text',NULL,0,0,'MAILCNF','constant',3,'2015-12-19 00:00:00','2015-12-19 00:00:00'),(14,1,'SMTP password','SMTP_PWD','',NULL,NULL,'password',NULL,0,0,'MAILCNF','constant',4,'2015-12-19 00:00:00','2015-12-19 00:00:00'),(15,1,'SMTP timeout','SMTP_TIMEOUT','60',NULL,NULL,'number','{\"min\":1,\"max\":120,\"step\":1}',0,0,'MAILCNF','constant',5,'2015-12-19 00:00:00','2015-12-19 00:00:00'),(16,1,'SMTP port','SMTP_PORT','',NULL,NULL,'text',NULL,0,0,'MAILCNF','constant',6,'2015-12-19 00:00:00','2015-12-19 00:00:00'),(18,1,'No reply Email','NO_REPLY_EMAIL','noreply@domain.org',NULL,NULL,'text',NULL,0,0,'MAILCNF','constant',7,'2015-12-19 00:00:00','2015-12-19 00:00:00'),(19,1,'Cron security key','CRON_SECURITY_KEY','egkrjng328525798',NULL,NULL,'text',NULL,0,0,'SECKEY','constant',2,'2015-12-19 00:00:00','2015-12-19 00:00:00'),(20,1,'Bruteforce ban from minutes','BRUTEFORCE_BAN_FOR_MINUTES','5',NULL,NULL,'number','{\"min\":1,\"max\":120,\"step\":1}',0,0,'BFP','constant',0,'2015-12-19 00:00:00','2015-12-19 00:00:00'),(21,1,'Banners off','BANNERS_OFF','1',NULL,NULL,'checkbox',NULL,0,0,'BANNER','constant',0,'2015-12-19 00:00:00','2015-12-19 00:00:00'),(22,1,'Debug','DEBUG','',NULL,'configDebug','checkbox',NULL,0,0,'DEBUGCFG','config',0,'2015-12-19 00:00:00','2015-12-19 00:00:00'),(23,1,'Email Debug','EMAIL_DEBUG','0',NULL,'configEmailDebug','checkbox',NULL,0,0,'DEBUGCFG','config',0,'2015-12-19 00:00:00','2015-12-19 00:00:00'),(24,1,'Risk Appetite','RISK_APPETITE','1',NULL,NULL,'number','{\"min\":0,\"max\":999999,\"step\":1}',0,0,'RISKAPPETITE','constant',0,'2015-12-19 00:00:00','2015-12-19 00:00:00'),(25,1,'Encryption','USE_SSL','0',NULL,NULL,'select','{\"0\":\"No Encryption\",\"1\":\"SSL\",\"2\":\"TLS\"}',0,0,'MAILCNF','constant',2,'2015-12-19 00:00:00','2015-12-19 00:00:00'),(26,1,'Timezone','TIMEZONE',NULL,NULL,'configTimezone','select',NULL,0,0,'TZONE','config',0,'2015-12-19 00:00:00','2015-12-19 00:00:00'),(27,1,'Backups Enabled','BACKUPS_ENABLED','1',NULL,NULL,'checkbox',NULL,0,0,'BACKUP','constant',0,'2017-02-22 21:32:29','2017-02-22 21:32:29'),(28,1,'Backup Day Period','BACKUP_DAY_PERIOD','1',NULL,NULL,'select','{\"1\":\"Every day\",\"2\":\"Every 2 days\",\"3\":\"Every 3 days\",\"4\":\"Every 4 days\",\"5\":\"Every 5 days\",\"6\":\"Every 6 days\",\"7\":\"Every 7 days\"}',0,0,'BACKUP','constant',0,'2017-02-22 21:32:29','2017-02-22 21:32:29'),(29,1,'Backup Files Limit','BACKUP_FILES_LIMIT','15',NULL,NULL,'select','{\"1\":\"1\",\"5\":\"5\",\"10\":\"10\",\"15\":\"15\"}',0,0,'BACKUP','constant',0,'2017-02-22 21:32:29','2017-02-22 21:32:29'),(30,1,'Name','EMAIL_NAME','',NULL,NULL,'text',NULL,0,0,'MAILCNF','constant',6,'2017-02-22 21:32:29','2017-02-22 21:32:29'),(31,1,'Risk Granularity','RISK_GRANULARITY','10',NULL,NULL,'number',NULL,0,0,NULL,'constant',0,'2017-04-19 00:00:00','2017-04-19 00:00:00'),(32,1,'Email Queue Throughput','QUEUE_TRANSPORT_LIMIT','15',NULL,NULL,'number',NULL,0,0,'MAILCNF','constant',8,'2019-05-21 12:34:54','2019-05-21 12:34:54'),(33,1,'WKHTMLTOPDF path to bin file','PDF_PATH_TO_BIN','/usr/local/bin/wkhtmltopdf','/usr/local/bin/wkhtmltopdf',NULL,'text',NULL,0,0,'PDFCONFIG','constant',0,'2019-05-21 12:35:34','2019-05-21 12:35:34'),(34,1,'Enable SSL/TLS Offload Requests','SSL_OFFLOAD_ENABLED','1','0',NULL,'checkbox',NULL,0,0,'SSLOFFLOAD','config',0,'2019-05-21 12:36:50','2019-05-21 12:36:50'),(35,1,'Enterprise Activation Key','CLIENT_KEY',NULL,NULL,NULL,'text',NULL,0,0,'ENTERPRISE_USERS','config',0,'2019-05-21 12:37:16','2019-05-21 12:37:16'),(36,1,'Security Salt','SECURITY_SALT','5ce3f0fc-9254-4196-8d97-96a700000000',NULL,NULL,'text',NULL,0,0,'SECSALT','config',0,'2019-05-21 12:37:16','2019-05-21 12:37:16'),(37,1,'CSV Delimiter','CSV_DELIMITER',',',NULL,NULL,'select','{\",\":\"\\\",\\\" (Comma)\",\";\":\"\\\";\\\" (Semicolon)\"}',0,0,'CSV','config',0,'2019-05-21 12:37:16','2019-05-21 12:37:16'),(38,1,'Cron Type','CRON_TYPE','cli',NULL,NULL,'select','{\"web\":\"Web\",\"cli\":\"CLI\"}',0,0,'SECKEY','constant',0,'2019-06-11 15:17:23','2019-06-11 15:17:23'),(39,1,'Cron URL','CRON_URL','',NULL,NULL,'text',NULL,0,1,'SECKEY','constant',1,'2019-06-11 15:17:23','2019-06-11 15:17:23'),(40,1,'Default Language','DEFAULT_TRANSLATION','1','1',NULL,'select',NULL,1,0,'DEFAULT_TRANSLATION','constant',0,'2019-07-11 09:00:12','2019-07-11 09:00:12'),(41,1,'Request Timeout','WEBHOOKS_REQUEST_TIMEOUT','5','5',NULL,'number',NULL,1,0,'WEBHOOKS','constant',0,'2020-01-14 10:44:34','2020-01-14 10:44:34'),(42,1,'Active Dashboard','DEFAULT_DASHBOARD_REPORT',NULL,'0',NULL,'select',NULL,1,0,'DEFAULT_DASHBOARD','constant',0,'2021-07-16 09:41:27','2021-07-16 07:41:26'),(43,1,'Help improve Eramba\'s features and performance','SEND_USAGE_DIAGNOSTICS','1','0',NULL,'checkbox',NULL,0,0,'SENDDIAGNOSTICS','constant',0,'2022-03-23 19:16:51','2022-03-23 19:16:51'),(44,1,'Custom Logo','CUSTOM_LOGO',NULL,NULL,NULL,'text',NULL,0,0,'LOGO','constant',0,'2022-03-23 19:16:53','2022-03-23 19:16:53'),(45,1,'Public Address','PUBLIC_ADDRESS',NULL,NULL,NULL,'text',NULL,0,0,'SECKEY','constant',0,'2022-03-23 19:17:05','2022-03-23 19:17:05'),(46,1,'Hide Version','HIDE_VERSION','0','0',NULL,'checkbox',NULL,0,0,'SECKEY','constant',0,'2022-03-23 19:17:07','2022-03-23 19:17:07'),(47,1,'Cache Engine','CACHE_ENGINE','0',NULL,NULL,'text',NULL,0,0,'SECKEY','constant',0,'2022-03-23 19:17:07','2022-03-23 19:17:07'),(48,1,'Cache File Path','CACHE_FILE_PATH','/var/www/eramba/app/upgrade/tmp/cache/',NULL,NULL,'text',NULL,0,0,'SECKEY','constant',0,'2022-03-23 19:17:07','2022-03-23 19:17:07'),(49,1,'Cache Redis Server','CACHE_REDIS_SERVER',NULL,NULL,NULL,'text',NULL,0,0,'SECKEY','constant',0,'2022-03-23 19:17:07','2022-03-23 19:17:07'),(50,1,'Cache Redis Port','CACHE_REDIS_PORT','6379',NULL,NULL,'text',NULL,0,0,'SECKEY','constant',0,'2022-03-23 19:17:07','2022-03-23 19:17:07'),(51,1,'Cache Redis Password','CACHE_REDIS_PASSWORD',NULL,NULL,NULL,'text',NULL,0,0,'SECKEY','constant',0,'2022-03-23 19:17:07','2022-03-23 19:17:07');
/*!40000 ALTER TABLE `settings` ENABLE KEYS */;
UNLOCK TABLES;

--
-- Table structure for table `status_triggers`
--

DROP TABLE IF EXISTS `status_triggers`;
/*!40101 SET @saved_cs_client     = @@character_set_client */;
/*!50503 SET character_set_client = utf8mb4 */;
CREATE TABLE `status_triggers` (
  `id` int NOT NULL AUTO_INCREMENT,
  `model` varchar(155) COLLATE utf8mb4_unicode_ci NOT NULL,
  `foreign_key` int NOT NULL,
  `config_name` varchar(155) COLLATE utf8mb4_unicode_ci NOT NULL,
  `column_name` varchar(155) COLLATE utf8mb4_unicode_ci NOT NULL,
  `value` varchar(155) COLLATE utf8mb4_unicode_ci NOT NULL,
  `created` datetime NOT NULL,
  PRIMARY KEY (`id`)
) ENGINE=InnoDB DEFAULT CHARSET=utf8mb4 COLLATE=utf8mb4_unicode_ci;
/*!40101 SET character_set_client = @saved_cs_client */;

--
-- Dumping data for table `status_triggers`
--

LOCK TABLES `status_triggers` WRITE;
/*!40000 ALTER TABLE `status_triggers` DISABLE KEYS */;
/*!40000 ALTER TABLE `status_triggers` ENABLE KEYS */;
UNLOCK TABLES;

--
-- Table structure for table `suggestion_settings`
--

DROP TABLE IF EXISTS `suggestion_settings`;
/*!40101 SET @saved_cs_client     = @@character_set_client */;
/*!50503 SET character_set_client = utf8mb4 */;
CREATE TABLE `suggestion_settings` (
  `id` int NOT NULL AUTO_INCREMENT,
  `model` varchar(255) COLLATE utf8mb4_unicode_ci NOT NULL DEFAULT '',
  `value` int NOT NULL,
  PRIMARY KEY (`id`)
) ENGINE=InnoDB DEFAULT CHARSET=utf8mb4 COLLATE=utf8mb4_unicode_ci;
/*!40101 SET character_set_client = @saved_cs_client */;

--
-- Dumping data for table `suggestion_settings`
--

LOCK TABLES `suggestion_settings` WRITE;
/*!40000 ALTER TABLE `suggestion_settings` DISABLE KEYS */;
/*!40000 ALTER TABLE `suggestion_settings` ENABLE KEYS */;
UNLOCK TABLES;

--
-- Table structure for table `suggestions`
--

DROP TABLE IF EXISTS `suggestions`;
/*!40101 SET @saved_cs_client     = @@character_set_client */;
/*!50503 SET character_set_client = utf8mb4 */;
CREATE TABLE `suggestions` (
  `id` int NOT NULL AUTO_INCREMENT,
  `suggestion` varchar(255) COLLATE utf8mb4_unicode_ci NOT NULL,
  `model` varchar(155) COLLATE utf8mb4_unicode_ci NOT NULL,
  `foreign_key` int NOT NULL,
  `created` datetime NOT NULL,
  PRIMARY KEY (`id`)
) ENGINE=InnoDB DEFAULT CHARSET=utf8mb4 COLLATE=utf8mb4_unicode_ci;
/*!40101 SET character_set_client = @saved_cs_client */;

--
-- Dumping data for table `suggestions`
--

LOCK TABLES `suggestions` WRITE;
/*!40000 ALTER TABLE `suggestions` DISABLE KEYS */;
/*!40000 ALTER TABLE `suggestions` ENABLE KEYS */;
UNLOCK TABLES;

--
-- Table structure for table `system_logs`
--

DROP TABLE IF EXISTS `system_logs`;
/*!40101 SET @saved_cs_client     = @@character_set_client */;
/*!50503 SET character_set_client = utf8mb4 */;
CREATE TABLE `system_logs` (
  `id` int NOT NULL AUTO_INCREMENT,
  `model` varchar(255) COLLATE utf8mb4_unicode_ci NOT NULL DEFAULT '',
  `foreign_key` int DEFAULT NULL,
  `sub_model` varchar(255) COLLATE utf8mb4_unicode_ci DEFAULT '',
  `sub_foreign_key` int DEFAULT NULL,
  `action` int NOT NULL,
  `result` text COLLATE utf8mb4_unicode_ci,
  `message` text COLLATE utf8mb4_unicode_ci,
  `user_model` varchar(255) COLLATE utf8mb4_unicode_ci DEFAULT '',
  `user_id` int DEFAULT NULL,
  `ip` varchar(255) COLLATE utf8mb4_unicode_ci NOT NULL DEFAULT '',
  `uri` text COLLATE utf8mb4_unicode_ci NOT NULL,
  `request_id` varchar(255) COLLATE utf8mb4_unicode_ci NOT NULL,
  `created` datetime NOT NULL,
  `modified` datetime NOT NULL,
  `edited` datetime DEFAULT NULL,
  PRIMARY KEY (`id`)
) ENGINE=InnoDB AUTO_INCREMENT=4 DEFAULT CHARSET=utf8mb4 COLLATE=utf8mb4_unicode_ci;
/*!40101 SET character_set_client = @saved_cs_client */;

--
-- Dumping data for table `system_logs`
--

LOCK TABLES `system_logs` WRITE;
/*!40000 ALTER TABLE `system_logs` DISABLE KEYS */;
INSERT INTO `system_logs` VALUES (1,'Users',NULL,'Portals',1,1,'admin','Success login as \"admin\".','User',1,'192.168.23.1','https://192.168.23.138:8443/login?redirect=%2F','1cddbb11-41f6-44c4-aed4-4f72572bb28d','2023-01-18 10:50:44','2023-01-18 10:50:44',NULL),(2,'Users',NULL,'Portals',1,2,'admin@eramba.org','Failed login as \"admin@eramba.org\".','User',NULL,'192.168.23.1','https://192.168.23.138:8443/login','5c143223-0ff3-4cd1-aceb-ccc0082939c1','2023-01-18 11:03:27','2023-01-18 11:03:27',NULL),(3,'Users',NULL,'Portals',1,1,'admin','Success login as \"admin\".','User',1,'192.168.23.1','https://192.168.23.138:8443/login','4fa2266e-2262-49da-98a5-56ed31142af1','2023-01-18 11:03:34','2023-01-18 11:03:34',NULL);
/*!40000 ALTER TABLE `system_logs` ENABLE KEYS */;
UNLOCK TABLES;

--
-- Table structure for table `system_records`
--

DROP TABLE IF EXISTS `system_records`;
/*!40101 SET @saved_cs_client     = @@character_set_client */;
/*!50503 SET character_set_client = utf8mb4 */;
CREATE TABLE `system_records` (
  `id` int NOT NULL AUTO_INCREMENT,
  `model` varchar(70) COLLATE utf8mb4_unicode_ci NOT NULL,
  `model_nice` varchar(70) COLLATE utf8mb4_unicode_ci NOT NULL,
  `foreign_key` int NOT NULL,
  `item` varchar(100) COLLATE utf8mb4_unicode_ci NOT NULL,
  `notes` text COLLATE utf8mb4_unicode_ci,
  `type` int NOT NULL COMMENT '1-insert, 2-update, 3-delete, 4-login, 5-wrong login',
  `workflow_status` int DEFAULT NULL,
  `workflow_comment` text COLLATE utf8mb4_unicode_ci,
  `ip` varchar(45) COLLATE utf8mb4_unicode_ci NOT NULL,
  `user_id` int NOT NULL,
  `created` datetime NOT NULL,
  PRIMARY KEY (`id`),
  KEY `user_id` (`user_id`),
  CONSTRAINT `system_records_ibfk_1` FOREIGN KEY (`user_id`) REFERENCES `users` (`id`) ON DELETE CASCADE ON UPDATE CASCADE
) ENGINE=InnoDB DEFAULT CHARSET=utf8mb4 COLLATE=utf8mb4_unicode_ci;
/*!40101 SET character_set_client = @saved_cs_client */;

--
-- Dumping data for table `system_records`
--

LOCK TABLES `system_records` WRITE;
/*!40000 ALTER TABLE `system_records` DISABLE KEYS */;
/*!40000 ALTER TABLE `system_records` ENABLE KEYS */;
UNLOCK TABLES;

--
-- Table structure for table `tags`
--

DROP TABLE IF EXISTS `tags`;
/*!40101 SET @saved_cs_client     = @@character_set_client */;
/*!50503 SET character_set_client = utf8mb4 */;
CREATE TABLE `tags` (
  `id` int NOT NULL AUTO_INCREMENT,
  `model` varchar(250) COLLATE utf8mb4_unicode_ci NOT NULL,
  `foreign_key` int DEFAULT NULL,
  `title` varchar(150) COLLATE utf8mb4_unicode_ci NOT NULL,
  `user_id` int DEFAULT NULL,
  `created` datetime NOT NULL,
  PRIMARY KEY (`id`),
  KEY `user_id` (`user_id`),
  CONSTRAINT `tags_ibfk_1` FOREIGN KEY (`user_id`) REFERENCES `users` (`id`) ON DELETE SET NULL ON UPDATE CASCADE
) ENGINE=InnoDB DEFAULT CHARSET=utf8mb4 COLLATE=utf8mb4_unicode_ci;
/*!40101 SET character_set_client = @saved_cs_client */;

--
-- Dumping data for table `tags`
--

LOCK TABLES `tags` WRITE;
/*!40000 ALTER TABLE `tags` DISABLE KEYS */;
/*!40000 ALTER TABLE `tags` ENABLE KEYS */;
UNLOCK TABLES;

--
-- Table structure for table `team_roles`
--

DROP TABLE IF EXISTS `team_roles`;
/*!40101 SET @saved_cs_client     = @@character_set_client */;
/*!50503 SET character_set_client = utf8mb4 */;
CREATE TABLE `team_roles` (
  `id` int NOT NULL AUTO_INCREMENT,
  `user_id` int NOT NULL,
  `role` varchar(255) COLLATE utf8mb4_unicode_ci NOT NULL DEFAULT '',
  `responsibilities` text COLLATE utf8mb4_unicode_ci NOT NULL,
  `competences` text COLLATE utf8mb4_unicode_ci NOT NULL,
  `status` varchar(255) COLLATE utf8mb4_unicode_ci NOT NULL,
  `workflow_owner_id` int DEFAULT NULL,
  `workflow_status` int NOT NULL DEFAULT '0',
  `created` datetime NOT NULL,
  `modified` datetime NOT NULL,
  `edited` datetime DEFAULT NULL,
  `deleted` int NOT NULL DEFAULT '0',
  `deleted_date` datetime DEFAULT NULL,
  PRIMARY KEY (`id`),
  KEY `user_id` (`user_id`),
  CONSTRAINT `team_roles_ibfk_1` FOREIGN KEY (`user_id`) REFERENCES `users` (`id`) ON DELETE CASCADE ON UPDATE CASCADE
) ENGINE=InnoDB DEFAULT CHARSET=utf8mb4 COLLATE=utf8mb4_unicode_ci;
/*!40101 SET character_set_client = @saved_cs_client */;

--
-- Dumping data for table `team_roles`
--

LOCK TABLES `team_roles` WRITE;
/*!40000 ALTER TABLE `team_roles` DISABLE KEYS */;
/*!40000 ALTER TABLE `team_roles` ENABLE KEYS */;
UNLOCK TABLES;

--
-- Table structure for table `third_parties`
--

DROP TABLE IF EXISTS `third_parties`;
/*!40101 SET @saved_cs_client     = @@character_set_client */;
/*!50503 SET character_set_client = utf8mb4 */;
CREATE TABLE `third_parties` (
  `id` int NOT NULL AUTO_INCREMENT,
  `name` varchar(255) COLLATE utf8mb4_unicode_ci NOT NULL DEFAULT '',
  `description` text COLLATE utf8mb4_unicode_ci NOT NULL,
  `third_party_type_id` int DEFAULT NULL,
  `security_incident_count` int NOT NULL,
  `security_incident_open_count` int NOT NULL,
  `service_contract_count` int NOT NULL,
  `workflow_status` int NOT NULL DEFAULT '0',
  `workflow_owner_id` int DEFAULT NULL,
  `_hidden` int NOT NULL DEFAULT '0',
  `created` datetime NOT NULL,
  `modified` datetime NOT NULL,
  `edited` datetime DEFAULT NULL,
  `deleted` int NOT NULL DEFAULT '0',
  `deleted_date` datetime DEFAULT NULL,
  PRIMARY KEY (`id`),
  KEY `third_party_type_id` (`third_party_type_id`),
  FULLTEXT KEY `name` (`name`),
  CONSTRAINT `third_parties_ibfk_1` FOREIGN KEY (`third_party_type_id`) REFERENCES `third_party_types` (`id`) ON DELETE SET NULL ON UPDATE CASCADE
) ENGINE=InnoDB DEFAULT CHARSET=utf8mb4 COLLATE=utf8mb4_unicode_ci;
/*!40101 SET character_set_client = @saved_cs_client */;

--
-- Dumping data for table `third_parties`
--

LOCK TABLES `third_parties` WRITE;
/*!40000 ALTER TABLE `third_parties` DISABLE KEYS */;
/*!40000 ALTER TABLE `third_parties` ENABLE KEYS */;
UNLOCK TABLES;

--
-- Table structure for table `third_parties_third_party_risks`
--

DROP TABLE IF EXISTS `third_parties_third_party_risks`;
/*!40101 SET @saved_cs_client     = @@character_set_client */;
/*!50503 SET character_set_client = utf8mb4 */;
CREATE TABLE `third_parties_third_party_risks` (
  `id` int NOT NULL AUTO_INCREMENT,
  `third_party_risk_id` int NOT NULL,
  `third_party_id` int NOT NULL,
  PRIMARY KEY (`id`),
  KEY `third_party_id` (`third_party_id`),
  KEY `third_party_risk_id` (`third_party_risk_id`),
  CONSTRAINT `third_parties_third_party_risks_ibfk_1` FOREIGN KEY (`third_party_id`) REFERENCES `third_parties` (`id`) ON DELETE CASCADE ON UPDATE CASCADE,
  CONSTRAINT `third_parties_third_party_risks_ibfk_2` FOREIGN KEY (`third_party_risk_id`) REFERENCES `third_party_risks` (`id`) ON DELETE CASCADE ON UPDATE CASCADE
) ENGINE=InnoDB DEFAULT CHARSET=utf8mb4 COLLATE=utf8mb4_unicode_ci;
/*!40101 SET character_set_client = @saved_cs_client */;

--
-- Dumping data for table `third_parties_third_party_risks`
--

LOCK TABLES `third_parties_third_party_risks` WRITE;
/*!40000 ALTER TABLE `third_parties_third_party_risks` DISABLE KEYS */;
/*!40000 ALTER TABLE `third_parties_third_party_risks` ENABLE KEYS */;
UNLOCK TABLES;

--
-- Table structure for table `third_parties_vendor_assessments`
--

DROP TABLE IF EXISTS `third_parties_vendor_assessments`;
/*!40101 SET @saved_cs_client     = @@character_set_client */;
/*!50503 SET character_set_client = utf8mb4 */;
CREATE TABLE `third_parties_vendor_assessments` (
  `id` int NOT NULL AUTO_INCREMENT,
  `third_party_id` int NOT NULL,
  `vendor_assessment_id` int NOT NULL,
  PRIMARY KEY (`id`),
  KEY `vendor_assessment_id` (`vendor_assessment_id`),
  KEY `third_party_id` (`third_party_id`),
  CONSTRAINT `third_parties_vendor_assessments_ibfk_1` FOREIGN KEY (`vendor_assessment_id`) REFERENCES `vendor_assessments` (`id`) ON DELETE CASCADE ON UPDATE CASCADE,
  CONSTRAINT `third_parties_vendor_assessments_ibfk_2` FOREIGN KEY (`third_party_id`) REFERENCES `third_parties` (`id`) ON DELETE CASCADE ON UPDATE CASCADE
) ENGINE=InnoDB DEFAULT CHARSET=utf8mb4 COLLATE=utf8mb4_unicode_ci;
/*!40101 SET character_set_client = @saved_cs_client */;

--
-- Dumping data for table `third_parties_vendor_assessments`
--

LOCK TABLES `third_parties_vendor_assessments` WRITE;
/*!40000 ALTER TABLE `third_parties_vendor_assessments` DISABLE KEYS */;
/*!40000 ALTER TABLE `third_parties_vendor_assessments` ENABLE KEYS */;
UNLOCK TABLES;

--
-- Table structure for table `third_party_audit_overtime_graphs`
--

DROP TABLE IF EXISTS `third_party_audit_overtime_graphs`;
/*!40101 SET @saved_cs_client     = @@character_set_client */;
/*!50503 SET character_set_client = utf8mb4 */;
CREATE TABLE `third_party_audit_overtime_graphs` (
  `id` int NOT NULL AUTO_INCREMENT,
  `third_party_id` int NOT NULL,
  `open` int DEFAULT NULL,
  `closed` int DEFAULT NULL,
  `expired` int DEFAULT NULL,
  `no_evidence` int NOT NULL,
  `waiting_evidence` int NOT NULL,
  `provided_evidence` int NOT NULL,
  `timestamp` varchar(45) COLLATE utf8mb4_unicode_ci NOT NULL,
  `created` datetime NOT NULL,
  PRIMARY KEY (`id`),
  KEY `third_party_id` (`third_party_id`),
  CONSTRAINT `third_party_audit_overtime_graphs_ibfk_1` FOREIGN KEY (`third_party_id`) REFERENCES `third_parties` (`id`) ON DELETE CASCADE ON UPDATE CASCADE
) ENGINE=InnoDB DEFAULT CHARSET=utf8mb4 COLLATE=utf8mb4_unicode_ci;
/*!40101 SET character_set_client = @saved_cs_client */;

--
-- Dumping data for table `third_party_audit_overtime_graphs`
--

LOCK TABLES `third_party_audit_overtime_graphs` WRITE;
/*!40000 ALTER TABLE `third_party_audit_overtime_graphs` DISABLE KEYS */;
/*!40000 ALTER TABLE `third_party_audit_overtime_graphs` ENABLE KEYS */;
UNLOCK TABLES;

--
-- Table structure for table `third_party_incident_overtime_graphs`
--

DROP TABLE IF EXISTS `third_party_incident_overtime_graphs`;
/*!40101 SET @saved_cs_client     = @@character_set_client */;
/*!50503 SET character_set_client = utf8mb4 */;
CREATE TABLE `third_party_incident_overtime_graphs` (
  `id` int NOT NULL AUTO_INCREMENT,
  `third_party_id` int NOT NULL,
  `security_incident_count` int NOT NULL,
  `timestamp` varchar(45) COLLATE utf8mb4_unicode_ci NOT NULL,
  `created` datetime NOT NULL,
  PRIMARY KEY (`id`),
  KEY `third_party_id` (`third_party_id`),
  CONSTRAINT `third_party_incident_overtime_graphs_ibfk_1` FOREIGN KEY (`third_party_id`) REFERENCES `third_parties` (`id`) ON DELETE CASCADE ON UPDATE CASCADE
) ENGINE=InnoDB DEFAULT CHARSET=utf8mb4 COLLATE=utf8mb4_unicode_ci;
/*!40101 SET character_set_client = @saved_cs_client */;

--
-- Dumping data for table `third_party_incident_overtime_graphs`
--

LOCK TABLES `third_party_incident_overtime_graphs` WRITE;
/*!40000 ALTER TABLE `third_party_incident_overtime_graphs` DISABLE KEYS */;
/*!40000 ALTER TABLE `third_party_incident_overtime_graphs` ENABLE KEYS */;
UNLOCK TABLES;

--
-- Table structure for table `third_party_overtime_graphs`
--

DROP TABLE IF EXISTS `third_party_overtime_graphs`;
/*!40101 SET @saved_cs_client     = @@character_set_client */;
/*!50503 SET character_set_client = utf8mb4 */;
CREATE TABLE `third_party_overtime_graphs` (
  `id` int NOT NULL AUTO_INCREMENT,
  `third_party_id` int NOT NULL,
  `no_controls` int NOT NULL,
  `failed_controls` int NOT NULL,
  `ok_controls` int NOT NULL,
  `average_effectiveness` int NOT NULL,
  `timestamp` varchar(45) COLLATE utf8mb4_unicode_ci NOT NULL,
  `created` datetime NOT NULL,
  PRIMARY KEY (`id`),
  KEY `third_party_id` (`third_party_id`),
  CONSTRAINT `third_party_overtime_graphs_ibfk_1` FOREIGN KEY (`third_party_id`) REFERENCES `third_parties` (`id`) ON DELETE CASCADE ON UPDATE CASCADE
) ENGINE=InnoDB DEFAULT CHARSET=utf8mb4 COLLATE=utf8mb4_unicode_ci;
/*!40101 SET character_set_client = @saved_cs_client */;

--
-- Dumping data for table `third_party_overtime_graphs`
--

LOCK TABLES `third_party_overtime_graphs` WRITE;
/*!40000 ALTER TABLE `third_party_overtime_graphs` DISABLE KEYS */;
/*!40000 ALTER TABLE `third_party_overtime_graphs` ENABLE KEYS */;
UNLOCK TABLES;

--
-- Table structure for table `third_party_risk_overtime_graphs`
--

DROP TABLE IF EXISTS `third_party_risk_overtime_graphs`;
/*!40101 SET @saved_cs_client     = @@character_set_client */;
/*!50503 SET character_set_client = utf8mb4 */;
CREATE TABLE `third_party_risk_overtime_graphs` (
  `id` int NOT NULL AUTO_INCREMENT,
  `risk_count` int NOT NULL,
  `risk_score` int NOT NULL,
  `residual_score` int NOT NULL,
  `timestamp` varchar(45) COLLATE utf8mb4_unicode_ci NOT NULL,
  `created` datetime NOT NULL,
  PRIMARY KEY (`id`)
) ENGINE=InnoDB DEFAULT CHARSET=utf8mb4 COLLATE=utf8mb4_unicode_ci;
/*!40101 SET character_set_client = @saved_cs_client */;

--
-- Dumping data for table `third_party_risk_overtime_graphs`
--

LOCK TABLES `third_party_risk_overtime_graphs` WRITE;
/*!40000 ALTER TABLE `third_party_risk_overtime_graphs` DISABLE KEYS */;
/*!40000 ALTER TABLE `third_party_risk_overtime_graphs` ENABLE KEYS */;
UNLOCK TABLES;

--
-- Table structure for table `third_party_risks`
--

DROP TABLE IF EXISTS `third_party_risks`;
/*!40101 SET @saved_cs_client     = @@character_set_client */;
/*!50503 SET character_set_client = utf8mb4 */;
CREATE TABLE `third_party_risks` (
  `id` int NOT NULL AUTO_INCREMENT,
  `title` varchar(255) COLLATE utf8mb4_unicode_ci NOT NULL DEFAULT '',
  `shared_information` text COLLATE utf8mb4_unicode_ci NOT NULL,
  `controlled` text COLLATE utf8mb4_unicode_ci NOT NULL,
  `threats` text COLLATE utf8mb4_unicode_ci NOT NULL,
  `vulnerabilities` text COLLATE utf8mb4_unicode_ci NOT NULL,
  `description` text COLLATE utf8mb4_unicode_ci,
  `residual_score` int NOT NULL,
  `risk_score` float DEFAULT NULL,
  `risk_score_formula` text COLLATE utf8mb4_unicode_ci NOT NULL,
  `residual_risk` float NOT NULL,
  `residual_risk_formula` text COLLATE utf8mb4_unicode_ci NOT NULL,
  `review` date NOT NULL,
  `expired` int NOT NULL DEFAULT '0',
  `exceptions_issues` int NOT NULL DEFAULT '0',
  `controls_issues` int NOT NULL DEFAULT '0',
  `control_in_design` int NOT NULL DEFAULT '0',
  `expired_reviews` int NOT NULL DEFAULT '0',
  `risk_above_appetite` int NOT NULL DEFAULT '0',
  `risk_mitigation_strategy_id` int DEFAULT NULL,
  `workflow_owner_id` int DEFAULT NULL,
  `workflow_status` int NOT NULL DEFAULT '0',
  `created` datetime NOT NULL,
  `modified` datetime NOT NULL,
  `edited` datetime DEFAULT NULL,
  `deleted` int NOT NULL DEFAULT '0',
  `deleted_date` datetime DEFAULT NULL,
  PRIMARY KEY (`id`),
  KEY `risk_mitigation_strategy_id` (`risk_mitigation_strategy_id`),
  FULLTEXT KEY `title` (`title`),
  CONSTRAINT `third_party_risks_ibfk_1` FOREIGN KEY (`risk_mitigation_strategy_id`) REFERENCES `risk_mitigation_strategies` (`id`) ON DELETE SET NULL ON UPDATE CASCADE
) ENGINE=InnoDB DEFAULT CHARSET=utf8mb4 COLLATE=utf8mb4_unicode_ci;
/*!40101 SET character_set_client = @saved_cs_client */;

--
-- Dumping data for table `third_party_risks`
--

LOCK TABLES `third_party_risks` WRITE;
/*!40000 ALTER TABLE `third_party_risks` DISABLE KEYS */;
/*!40000 ALTER TABLE `third_party_risks` ENABLE KEYS */;
UNLOCK TABLES;

--
-- Table structure for table `third_party_risks_threats`
--

DROP TABLE IF EXISTS `third_party_risks_threats`;
/*!40101 SET @saved_cs_client     = @@character_set_client */;
/*!50503 SET character_set_client = utf8mb4 */;
CREATE TABLE `third_party_risks_threats` (
  `id` int NOT NULL AUTO_INCREMENT,
  `third_party_risk_id` int NOT NULL,
  `threat_id` int NOT NULL,
  PRIMARY KEY (`id`),
  KEY `threat_id` (`threat_id`),
  KEY `third_party_risk_id` (`third_party_risk_id`),
  CONSTRAINT `third_party_risks_threats_ibfk_1` FOREIGN KEY (`threat_id`) REFERENCES `threats` (`id`) ON DELETE CASCADE ON UPDATE CASCADE,
  CONSTRAINT `third_party_risks_threats_ibfk_2` FOREIGN KEY (`third_party_risk_id`) REFERENCES `third_party_risks` (`id`) ON DELETE CASCADE ON UPDATE CASCADE
) ENGINE=InnoDB DEFAULT CHARSET=utf8mb4 COLLATE=utf8mb4_unicode_ci;
/*!40101 SET character_set_client = @saved_cs_client */;

--
-- Dumping data for table `third_party_risks_threats`
--

LOCK TABLES `third_party_risks_threats` WRITE;
/*!40000 ALTER TABLE `third_party_risks_threats` DISABLE KEYS */;
/*!40000 ALTER TABLE `third_party_risks_threats` ENABLE KEYS */;
UNLOCK TABLES;

--
-- Table structure for table `third_party_risks_vulnerabilities`
--

DROP TABLE IF EXISTS `third_party_risks_vulnerabilities`;
/*!40101 SET @saved_cs_client     = @@character_set_client */;
/*!50503 SET character_set_client = utf8mb4 */;
CREATE TABLE `third_party_risks_vulnerabilities` (
  `id` int NOT NULL AUTO_INCREMENT,
  `third_party_risk_id` int NOT NULL,
  `vulnerability_id` int NOT NULL,
  PRIMARY KEY (`id`),
  KEY `vulnerability_id` (`vulnerability_id`),
  KEY `third_party_risk_id` (`third_party_risk_id`),
  CONSTRAINT `third_party_risks_vulnerabilities_ibfk_1` FOREIGN KEY (`vulnerability_id`) REFERENCES `vulnerabilities` (`id`) ON DELETE CASCADE ON UPDATE CASCADE,
  CONSTRAINT `third_party_risks_vulnerabilities_ibfk_2` FOREIGN KEY (`third_party_risk_id`) REFERENCES `third_party_risks` (`id`) ON DELETE CASCADE ON UPDATE CASCADE
) ENGINE=InnoDB DEFAULT CHARSET=utf8mb4 COLLATE=utf8mb4_unicode_ci;
/*!40101 SET character_set_client = @saved_cs_client */;

--
-- Dumping data for table `third_party_risks_vulnerabilities`
--

LOCK TABLES `third_party_risks_vulnerabilities` WRITE;
/*!40000 ALTER TABLE `third_party_risks_vulnerabilities` DISABLE KEYS */;
/*!40000 ALTER TABLE `third_party_risks_vulnerabilities` ENABLE KEYS */;
UNLOCK TABLES;

--
-- Table structure for table `third_party_types`
--

DROP TABLE IF EXISTS `third_party_types`;
/*!40101 SET @saved_cs_client     = @@character_set_client */;
/*!50503 SET character_set_client = utf8mb4 */;
CREATE TABLE `third_party_types` (
  `id` int NOT NULL AUTO_INCREMENT,
  `name` varchar(255) COLLATE utf8mb4_unicode_ci NOT NULL DEFAULT '',
  PRIMARY KEY (`id`)
) ENGINE=InnoDB AUTO_INCREMENT=4 DEFAULT CHARSET=utf8mb4 COLLATE=utf8mb4_unicode_ci;
/*!40101 SET character_set_client = @saved_cs_client */;

--
-- Dumping data for table `third_party_types`
--

LOCK TABLES `third_party_types` WRITE;
/*!40000 ALTER TABLE `third_party_types` DISABLE KEYS */;
INSERT INTO `third_party_types` VALUES (1,'Customers'),(2,'Suppliers'),(3,'Regulators');
/*!40000 ALTER TABLE `third_party_types` ENABLE KEYS */;
UNLOCK TABLES;

--
-- Table structure for table `threats`
--

DROP TABLE IF EXISTS `threats`;
/*!40101 SET @saved_cs_client     = @@character_set_client */;
/*!50503 SET character_set_client = utf8mb4 */;
CREATE TABLE `threats` (
  `id` int NOT NULL AUTO_INCREMENT,
  `name` varchar(255) COLLATE utf8mb4_unicode_ci NOT NULL DEFAULT '',
  PRIMARY KEY (`id`),
  FULLTEXT KEY `name` (`name`)
) ENGINE=InnoDB AUTO_INCREMENT=36 DEFAULT CHARSET=utf8mb4 COLLATE=utf8mb4_unicode_ci;
/*!40101 SET character_set_client = @saved_cs_client */;

--
-- Dumping data for table `threats`
--

LOCK TABLES `threats` WRITE;
/*!40000 ALTER TABLE `threats` DISABLE KEYS */;
INSERT INTO `threats` VALUES (1,'Intentional Complot'),(2,'Pandemic Issues'),(3,'Strikes'),(4,'Unintentional Loss of Equipment'),(5,'Intentional Theft of Equipment'),(6,'Unintentional Loss of Information'),(7,'Intentional Theft of Information'),(8,'Remote Exploit'),(9,'Abuse of Service'),(10,'Web Application Attack'),(11,'Network Attack'),(12,'Sniffing'),(13,'Phishing'),(14,'Malware/Trojan Distribution'),(15,'Viruses'),(16,'Copyright Infrigment'),(17,'Social Engineering'),(18,'Natural Disasters'),(19,'Fire'),(20,'Flooding'),(21,'Ilegal Infiltration'),(22,'DOS Attack'),(23,'Brute Force Attack'),(24,'Tampering'),(25,'Tunneling'),(26,'Man in the Middle'),(27,'Fraud'),(28,'Other'),(30,'Terrorist Attack'),(31,'Floodings'),(32,'Third Party Intrusion'),(33,'Abuse of Priviledge'),(34,'Unauthorised records'),(35,'Spying');
/*!40000 ALTER TABLE `threats` ENABLE KEYS */;
UNLOCK TABLES;

--
-- Table structure for table `tickets`
--

DROP TABLE IF EXISTS `tickets`;
/*!40101 SET @saved_cs_client     = @@character_set_client */;
/*!50503 SET character_set_client = utf8mb4 */;
CREATE TABLE `tickets` (
  `id` int NOT NULL AUTO_INCREMENT,
  `is_used` tinyint(1) NOT NULL DEFAULT '0',
  `hash` varchar(50) COLLATE utf8mb4_unicode_ci DEFAULT NULL,
  `data` varchar(50) COLLATE utf8mb4_unicode_ci DEFAULT NULL,
  `created` datetime DEFAULT NULL,
  `modified` datetime NOT NULL,
  `expires` datetime DEFAULT NULL,
  PRIMARY KEY (`id`),
  UNIQUE KEY `hash` (`hash`)
) ENGINE=InnoDB DEFAULT CHARSET=utf8mb4 COLLATE=utf8mb4_unicode_ci;
/*!40101 SET character_set_client = @saved_cs_client */;

--
-- Dumping data for table `tickets`
--

LOCK TABLES `tickets` WRITE;
/*!40000 ALTER TABLE `tickets` DISABLE KEYS */;
/*!40000 ALTER TABLE `tickets` ENABLE KEYS */;
UNLOCK TABLES;

--
-- Table structure for table `tooltip_logs`
--

DROP TABLE IF EXISTS `tooltip_logs`;
/*!40101 SET @saved_cs_client     = @@character_set_client */;
/*!50503 SET character_set_client = utf8mb4 */;
CREATE TABLE `tooltip_logs` (
  `id` int NOT NULL AUTO_INCREMENT,
  `user_id` int NOT NULL,
  `seen` int NOT NULL DEFAULT '0',
  `model` varchar(255) COLLATE utf8mb4_unicode_ci NOT NULL,
  `type` varchar(30) COLLATE utf8mb4_unicode_ci NOT NULL,
  `file_id` int NOT NULL,
  `created` datetime NOT NULL,
  `modified` datetime NOT NULL,
  PRIMARY KEY (`id`),
  KEY `user_id` (`user_id`),
  CONSTRAINT `tooltip_logs_ibfk_1` FOREIGN KEY (`user_id`) REFERENCES `users` (`id`) ON DELETE CASCADE ON UPDATE CASCADE
) ENGINE=InnoDB DEFAULT CHARSET=utf8mb4 COLLATE=utf8mb4_unicode_ci;
/*!40101 SET character_set_client = @saved_cs_client */;

--
-- Dumping data for table `tooltip_logs`
--

LOCK TABLES `tooltip_logs` WRITE;
/*!40000 ALTER TABLE `tooltip_logs` DISABLE KEYS */;
/*!40000 ALTER TABLE `tooltip_logs` ENABLE KEYS */;
UNLOCK TABLES;

--
-- Table structure for table `translations`
--

DROP TABLE IF EXISTS `translations`;
/*!40101 SET @saved_cs_client     = @@character_set_client */;
/*!50503 SET character_set_client = utf8mb4 */;
CREATE TABLE `translations` (
  `id` int NOT NULL AUTO_INCREMENT,
  `name` varchar(255) COLLATE utf8mb4_unicode_ci NOT NULL DEFAULT '',
  `folder` varchar(255) COLLATE utf8mb4_unicode_ci NOT NULL DEFAULT '',
  `status` int NOT NULL DEFAULT '1',
  `type` int NOT NULL DEFAULT '1',
  `created` datetime NOT NULL,
  `modified` datetime NOT NULL,
  PRIMARY KEY (`id`)
) ENGINE=InnoDB AUTO_INCREMENT=6 DEFAULT CHARSET=utf8mb4 COLLATE=utf8mb4_unicode_ci;
/*!40101 SET character_set_client = @saved_cs_client */;

--
-- Dumping data for table `translations`
--

LOCK TABLES `translations` WRITE;
/*!40000 ALTER TABLE `translations` DISABLE KEYS */;
INSERT INTO `translations` VALUES (1,'Default (English)','en_US',1,0,'2019-07-11 09:00:12','2019-07-11 09:00:12'),(2,'Spanish (Spain)','es',1,0,'2019-07-11 09:00:12','2019-07-11 09:00:12'),(3,'French (France)','fr',1,0,'2019-07-11 09:00:12','2019-07-11 09:00:12'),(4,'Portuguese (Portugal)','pt',1,0,'2019-07-11 09:00:12','2019-07-11 09:00:12'),(5,'Norwegian Bokml (Norway)','nb',1,0,'2019-07-11 09:00:12','2019-07-11 09:00:12');
/*!40000 ALTER TABLE `translations` ENABLE KEYS */;
UNLOCK TABLES;

--
-- Table structure for table `user_account_requirements`
--

DROP TABLE IF EXISTS `user_account_requirements`;
/*!40101 SET @saved_cs_client     = @@character_set_client */;
/*!50503 SET character_set_client = utf8mb4 */;
CREATE TABLE `user_account_requirements` (
  `id` int NOT NULL AUTO_INCREMENT,
  `user_id` int NOT NULL,
  `step` varchar(128) COLLATE utf8mb4_unicode_ci NOT NULL,
  `completed` int DEFAULT '0',
  `created` datetime NOT NULL,
  PRIMARY KEY (`id`),
  KEY `user_id` (`user_id`),
  CONSTRAINT `user_account_requirements_ibfk_1` FOREIGN KEY (`user_id`) REFERENCES `users` (`id`) ON DELETE CASCADE ON UPDATE CASCADE
) ENGINE=InnoDB AUTO_INCREMENT=4 DEFAULT CHARSET=utf8mb4 COLLATE=utf8mb4_unicode_ci;
/*!40101 SET character_set_client = @saved_cs_client */;

--
-- Dumping data for table `user_account_requirements`
--

LOCK TABLES `user_account_requirements` WRITE;
/*!40000 ALTER TABLE `user_account_requirements` DISABLE KEYS */;
INSERT INTO `user_account_requirements` VALUES (1,1,'AdvancedFilters.AdvancedFilters',1,'2023-01-18 10:50:54'),(2,1,'App.ResetPassword',1,'2023-01-18 10:51:28'),(3,1,'CommunityPack.Verification',1,'2023-01-18 10:51:29');
/*!40000 ALTER TABLE `user_account_requirements` ENABLE KEYS */;
UNLOCK TABLES;

--
-- Table structure for table `user_fields_groups`
--

DROP TABLE IF EXISTS `user_fields_groups`;
/*!40101 SET @saved_cs_client     = @@character_set_client */;
/*!50503 SET character_set_client = utf8mb4 */;
CREATE TABLE `user_fields_groups` (
  `id` int NOT NULL AUTO_INCREMENT,
  `model` varchar(255) COLLATE utf8mb4_unicode_ci NOT NULL,
  `foreign_key` int NOT NULL,
  `field` varchar(255) COLLATE utf8mb4_unicode_ci NOT NULL,
  `group_id` int NOT NULL,
  `created` datetime NOT NULL,
  `modified` datetime NOT NULL,
  PRIMARY KEY (`id`),
  KEY `group_id` (`group_id`),
  CONSTRAINT `user_fields_groups_ibfk_1` FOREIGN KEY (`group_id`) REFERENCES `groups` (`id`) ON DELETE CASCADE ON UPDATE CASCADE
) ENGINE=InnoDB DEFAULT CHARSET=utf8mb4 COLLATE=utf8mb4_unicode_ci;
/*!40101 SET character_set_client = @saved_cs_client */;

--
-- Dumping data for table `user_fields_groups`
--

LOCK TABLES `user_fields_groups` WRITE;
/*!40000 ALTER TABLE `user_fields_groups` DISABLE KEYS */;
/*!40000 ALTER TABLE `user_fields_groups` ENABLE KEYS */;
UNLOCK TABLES;
/*!50003 SET @saved_cs_client      = @@character_set_client */ ;
/*!50003 SET @saved_cs_results     = @@character_set_results */ ;
/*!50003 SET @saved_col_connection = @@collation_connection */ ;
/*!50003 SET character_set_client  = utf8mb4 */ ;
/*!50003 SET character_set_results = utf8mb4 */ ;
/*!50003 SET collation_connection  = utf8mb4_general_ci */ ;
/*!50003 SET @saved_sql_mode       = @@sql_mode */ ;
/*!50003 SET sql_mode              = 'NO_ENGINE_SUBSTITUTION' */ ;
DELIMITER ;;
/*!50003 CREATE*/ /*!50017 DEFINER=`docker`@`%`*/ /*!50003 TRIGGER `user_fields_groups_after_insert` AFTER INSERT ON `user_fields_groups` FOR EACH ROW INSERT INTO `user_fields_objects`
            SET
                model = NEW.model,
                foreign_key = NEW.foreign_key,
                field = NEW.field,
                object_id = NEW.group_id,
                object_key = concat('Group-', NEW.group_id),
                object_model = 'Group',
                created = NEW.created,
                modified = NEW.modified */;;
DELIMITER ;
/*!50003 SET sql_mode              = @saved_sql_mode */ ;
/*!50003 SET character_set_client  = @saved_cs_client */ ;
/*!50003 SET character_set_results = @saved_cs_results */ ;
/*!50003 SET collation_connection  = @saved_col_connection */ ;
/*!50003 SET @saved_cs_client      = @@character_set_client */ ;
/*!50003 SET @saved_cs_results     = @@character_set_results */ ;
/*!50003 SET @saved_col_connection = @@collation_connection */ ;
/*!50003 SET character_set_client  = utf8mb4 */ ;
/*!50003 SET character_set_results = utf8mb4 */ ;
/*!50003 SET collation_connection  = utf8mb4_general_ci */ ;
/*!50003 SET @saved_sql_mode       = @@sql_mode */ ;
/*!50003 SET sql_mode              = 'NO_ENGINE_SUBSTITUTION' */ ;
DELIMITER ;;
/*!50003 CREATE*/ /*!50017 DEFINER=`docker`@`%`*/ /*!50003 TRIGGER `user_fields_groups_after_delete` AFTER DELETE ON `user_fields_groups` FOR EACH ROW DELETE FROM `user_fields_objects`
            WHERE
                model = OLD.model
                AND foreign_key = OLD.foreign_key
                AND field = OLD.field
                AND object_id = OLD.group_id
                AND object_model LIKE 'Group' */;;
DELIMITER ;
/*!50003 SET sql_mode              = @saved_sql_mode */ ;
/*!50003 SET character_set_client  = @saved_cs_client */ ;
/*!50003 SET character_set_results = @saved_cs_results */ ;
/*!50003 SET collation_connection  = @saved_col_connection */ ;

--
-- Table structure for table `user_fields_objects`
--

DROP TABLE IF EXISTS `user_fields_objects`;
/*!40101 SET @saved_cs_client     = @@character_set_client */;
/*!50503 SET character_set_client = utf8mb4 */;
CREATE TABLE `user_fields_objects` (
  `id` int NOT NULL AUTO_INCREMENT,
  `model` varchar(255) COLLATE utf8mb4_unicode_ci NOT NULL DEFAULT '',
  `foreign_key` int NOT NULL,
  `field` varchar(255) COLLATE utf8mb4_unicode_ci NOT NULL DEFAULT '',
  `object_id` int NOT NULL,
  `object_key` varchar(255) COLLATE utf8mb4_unicode_ci NOT NULL DEFAULT '',
  `object_model` varchar(255) COLLATE utf8mb4_unicode_ci NOT NULL,
  `created` datetime NOT NULL,
  `modified` datetime NOT NULL,
  PRIMARY KEY (`id`)
) ENGINE=InnoDB AUTO_INCREMENT=6 DEFAULT CHARSET=utf8mb4 COLLATE=utf8mb4_unicode_ci;
/*!40101 SET character_set_client = @saved_cs_client */;

--
-- Dumping data for table `user_fields_objects`
--

LOCK TABLES `user_fields_objects` WRITE;
/*!40000 ALTER TABLE `user_fields_objects` DISABLE KEYS */;
INSERT INTO `user_fields_objects` VALUES (1,'VisualisationShare',1,'SharedUser',1,'User-1','User','2019-11-26 15:39:03','2019-11-26 15:39:03'),(2,'VisualisationShare',1,'SharedUser',1,'User-1','User','2019-11-26 15:39:03','2019-11-26 15:39:03'),(3,'VisualisationShare',1,'SharedUser',1,'User-1','User','2019-11-26 15:39:03','2019-11-26 15:39:03'),(4,'VisualisationShare',1,'SharedUser',1,'User-1','User','2019-11-26 15:39:03','2019-11-26 15:39:03'),(5,'VisualisationShare',1,'SharedUser',1,'User-1','User','2019-11-26 15:39:03','2019-11-26 15:39:03');
/*!40000 ALTER TABLE `user_fields_objects` ENABLE KEYS */;
UNLOCK TABLES;

--
-- Table structure for table `user_fields_users`
--

DROP TABLE IF EXISTS `user_fields_users`;
/*!40101 SET @saved_cs_client     = @@character_set_client */;
/*!50503 SET character_set_client = utf8mb4 */;
CREATE TABLE `user_fields_users` (
  `id` int NOT NULL AUTO_INCREMENT,
  `model` varchar(255) COLLATE utf8mb4_unicode_ci NOT NULL,
  `foreign_key` int NOT NULL,
  `field` varchar(255) COLLATE utf8mb4_unicode_ci NOT NULL,
  `user_id` int NOT NULL,
  `created` datetime NOT NULL,
  `modified` datetime NOT NULL,
  PRIMARY KEY (`id`),
  KEY `user_id` (`user_id`),
  CONSTRAINT `user_fields_users_ibfk_1` FOREIGN KEY (`user_id`) REFERENCES `users` (`id`) ON DELETE CASCADE ON UPDATE CASCADE
) ENGINE=InnoDB AUTO_INCREMENT=2 DEFAULT CHARSET=utf8mb4 COLLATE=utf8mb4_unicode_ci;
/*!40101 SET character_set_client = @saved_cs_client */;

--
-- Dumping data for table `user_fields_users`
--

LOCK TABLES `user_fields_users` WRITE;
/*!40000 ALTER TABLE `user_fields_users` DISABLE KEYS */;
INSERT INTO `user_fields_users` VALUES (1,'VisualisationShare',1,'SharedUser',1,'2019-11-26 15:39:03','2019-11-26 15:39:03');
/*!40000 ALTER TABLE `user_fields_users` ENABLE KEYS */;
UNLOCK TABLES;
/*!50003 SET @saved_cs_client      = @@character_set_client */ ;
/*!50003 SET @saved_cs_results     = @@character_set_results */ ;
/*!50003 SET @saved_col_connection = @@collation_connection */ ;
/*!50003 SET character_set_client  = utf8mb4 */ ;
/*!50003 SET character_set_results = utf8mb4 */ ;
/*!50003 SET collation_connection  = utf8mb4_general_ci */ ;
/*!50003 SET @saved_sql_mode       = @@sql_mode */ ;
/*!50003 SET sql_mode              = 'NO_ENGINE_SUBSTITUTION' */ ;
DELIMITER ;;
/*!50003 CREATE*/ /*!50017 DEFINER=`docker`@`%`*/ /*!50003 TRIGGER `user_fields_users_after_insert` AFTER INSERT ON `user_fields_users` FOR EACH ROW INSERT INTO `user_fields_objects`
            SET
                model = NEW.model,
                foreign_key = NEW.foreign_key,
                field = NEW.field,
                object_id = NEW.user_id,
                object_key = concat('User-', NEW.user_id),
                object_model = 'User',
                created = NEW.created,
                modified = NEW.modified */;;
DELIMITER ;
/*!50003 SET sql_mode              = @saved_sql_mode */ ;
/*!50003 SET character_set_client  = @saved_cs_client */ ;
/*!50003 SET character_set_results = @saved_cs_results */ ;
/*!50003 SET collation_connection  = @saved_col_connection */ ;
/*!50003 SET @saved_cs_client      = @@character_set_client */ ;
/*!50003 SET @saved_cs_results     = @@character_set_results */ ;
/*!50003 SET @saved_col_connection = @@collation_connection */ ;
/*!50003 SET character_set_client  = utf8mb4 */ ;
/*!50003 SET character_set_results = utf8mb4 */ ;
/*!50003 SET collation_connection  = utf8mb4_general_ci */ ;
/*!50003 SET @saved_sql_mode       = @@sql_mode */ ;
/*!50003 SET sql_mode              = 'NO_ENGINE_SUBSTITUTION' */ ;
DELIMITER ;;
/*!50003 CREATE*/ /*!50017 DEFINER=`docker`@`%`*/ /*!50003 TRIGGER `user_fields_users_after_delete` AFTER DELETE ON `user_fields_users` FOR EACH ROW DELETE FROM `user_fields_objects`
            WHERE
                model = OLD.model
                AND foreign_key = OLD.foreign_key
                AND field = OLD.field
                AND object_id = OLD.user_id
                AND object_model LIKE 'User' */;;
DELIMITER ;
/*!50003 SET sql_mode              = @saved_sql_mode */ ;
/*!50003 SET character_set_client  = @saved_cs_client */ ;
/*!50003 SET character_set_results = @saved_cs_results */ ;
/*!50003 SET collation_connection  = @saved_col_connection */ ;

--
-- Table structure for table `users`
--

DROP TABLE IF EXISTS `users`;
/*!40101 SET @saved_cs_client     = @@character_set_client */;
/*!50503 SET character_set_client = utf8mb4 */;
CREATE TABLE `users` (
  `id` int NOT NULL AUTO_INCREMENT,
  `name` varchar(255) COLLATE utf8mb4_unicode_ci NOT NULL DEFAULT '',
  `surname` varchar(255) COLLATE utf8mb4_unicode_ci DEFAULT NULL,
  `email` varchar(255) COLLATE utf8mb4_unicode_ci NOT NULL DEFAULT '',
  `login` varchar(255) COLLATE utf8mb4_unicode_ci NOT NULL DEFAULT '',
  `password` varchar(255) COLLATE utf8mb4_unicode_ci NOT NULL DEFAULT '',
  `language` varchar(10) COLLATE utf8mb4_unicode_ci DEFAULT NULL,
  `status` int NOT NULL DEFAULT '1' COMMENT '0-non active, 1-active',
  `blocked` int NOT NULL DEFAULT '0',
  `local_account` int DEFAULT '1',
  `api_allow` int NOT NULL DEFAULT '0',
  `default_password` int NOT NULL DEFAULT '1',
  `account_ready` int NOT NULL DEFAULT '0',
  `ldap_sync` int NOT NULL DEFAULT '0',
  `ldap_synchronization_id` int DEFAULT NULL,
  `created` datetime NOT NULL,
  `modified` datetime NOT NULL,
  `edited` datetime DEFAULT NULL,
  PRIMARY KEY (`id`),
  UNIQUE KEY `login` (`login`),
  UNIQUE KEY `email` (`email`),
  KEY `ldap_synchronization_id` (`ldap_synchronization_id`),
  FULLTEXT KEY `users_login_fulltext_index` (`login`)
) ENGINE=InnoDB AUTO_INCREMENT=2 DEFAULT CHARSET=utf8mb4 COLLATE=utf8mb4_unicode_ci;
/*!40101 SET character_set_client = @saved_cs_client */;

--
-- Dumping data for table `users`
--

LOCK TABLES `users` WRITE;
/*!40000 ALTER TABLE `users` DISABLE KEYS */;
INSERT INTO `users` VALUES (1,'Admin_test','Admin','admin@eramba.org','admin','$2y$10$UTTHvRaPFWpcUAY7hdT5yuiWbsSawPHZlom.wz8o2/fsRGIHFBCUK','eng',1,0,1,0,0,1,0,NULL,'2023-01-17 19:26:05','2023-01-18 10:51:28',NULL);
/*!40000 ALTER TABLE `users` ENABLE KEYS */;
UNLOCK TABLES;

--
-- Table structure for table `users_groups`
--

DROP TABLE IF EXISTS `users_groups`;
/*!40101 SET @saved_cs_client     = @@character_set_client */;
/*!50503 SET character_set_client = utf8mb4 */;
CREATE TABLE `users_groups` (
  `id` int NOT NULL AUTO_INCREMENT,
  `user_id` int NOT NULL,
  `group_id` int NOT NULL,
  PRIMARY KEY (`id`)
) ENGINE=InnoDB AUTO_INCREMENT=2 DEFAULT CHARSET=utf8mb4 COLLATE=utf8mb4_unicode_ci;
/*!40101 SET character_set_client = @saved_cs_client */;

--
-- Dumping data for table `users_groups`
--

LOCK TABLES `users_groups` WRITE;
/*!40000 ALTER TABLE `users_groups` DISABLE KEYS */;
INSERT INTO `users_groups` VALUES (1,1,10);
/*!40000 ALTER TABLE `users_groups` ENABLE KEYS */;
UNLOCK TABLES;

--
-- Table structure for table `users_ldap_synchronizations`
--

DROP TABLE IF EXISTS `users_ldap_synchronizations`;
/*!40101 SET @saved_cs_client     = @@character_set_client */;
/*!50503 SET character_set_client = utf8mb4 */;
CREATE TABLE `users_ldap_synchronizations` (
  `id` int NOT NULL AUTO_INCREMENT,
  `user_id` int NOT NULL,
  `ldap_synchronization_id` int NOT NULL,
  PRIMARY KEY (`id`),
  KEY `ldap_synchronization_id` (`ldap_synchronization_id`),
  KEY `user_id` (`user_id`),
  CONSTRAINT `users_ldap_synchronizations_ibfk_1` FOREIGN KEY (`ldap_synchronization_id`) REFERENCES `ldap_synchronizations` (`id`) ON DELETE CASCADE ON UPDATE CASCADE,
  CONSTRAINT `users_ldap_synchronizations_ibfk_2` FOREIGN KEY (`user_id`) REFERENCES `users` (`id`) ON DELETE CASCADE ON UPDATE CASCADE
) ENGINE=InnoDB DEFAULT CHARSET=utf8mb4 COLLATE=utf8mb4_unicode_ci;
/*!40101 SET character_set_client = @saved_cs_client */;

--
-- Dumping data for table `users_ldap_synchronizations`
--

LOCK TABLES `users_ldap_synchronizations` WRITE;
/*!40000 ALTER TABLE `users_ldap_synchronizations` DISABLE KEYS */;
/*!40000 ALTER TABLE `users_ldap_synchronizations` ENABLE KEYS */;
UNLOCK TABLES;

--
-- Table structure for table `users_portals`
--

DROP TABLE IF EXISTS `users_portals`;
/*!40101 SET @saved_cs_client     = @@character_set_client */;
/*!50503 SET character_set_client = utf8mb4 */;
CREATE TABLE `users_portals` (
  `id` int NOT NULL AUTO_INCREMENT,
  `user_id` int NOT NULL,
  `portal_id` int NOT NULL,
  `created` datetime NOT NULL,
  `modified` datetime NOT NULL,
  PRIMARY KEY (`id`),
  KEY `user_id` (`user_id`),
  KEY `portal_id` (`portal_id`),
  CONSTRAINT `users_portals_ibfk_1` FOREIGN KEY (`user_id`) REFERENCES `users` (`id`) ON DELETE RESTRICT ON UPDATE RESTRICT,
  CONSTRAINT `users_portals_ibfk_2` FOREIGN KEY (`portal_id`) REFERENCES `portals` (`id`) ON DELETE RESTRICT ON UPDATE RESTRICT
) ENGINE=InnoDB AUTO_INCREMENT=4 DEFAULT CHARSET=utf8mb4 COLLATE=utf8mb4_unicode_ci;
/*!40101 SET character_set_client = @saved_cs_client */;

--
-- Dumping data for table `users_portals`
--

LOCK TABLES `users_portals` WRITE;
/*!40000 ALTER TABLE `users_portals` DISABLE KEYS */;
INSERT INTO `users_portals` VALUES (1,1,1,'2019-05-21 12:35:33','2019-05-21 12:35:33'),(2,1,2,'2022-01-01 12:34:56','2022-01-01 12:34:56'),(3,1,3,'2022-01-01 12:34:56','2022-01-01 12:34:56');
/*!40000 ALTER TABLE `users_portals` ENABLE KEYS */;
UNLOCK TABLES;

--
-- Table structure for table `v3_upgrade_pending_changes`
--

DROP TABLE IF EXISTS `v3_upgrade_pending_changes`;
/*!40101 SET @saved_cs_client     = @@character_set_client */;
/*!50503 SET character_set_client = utf8mb4 */;
CREATE TABLE `v3_upgrade_pending_changes` (
  `id` int NOT NULL AUTO_INCREMENT,
  `table_name` varchar(255) COLLATE utf8mb4_unicode_ci DEFAULT NULL,
  `column` varchar(128) COLLATE utf8mb4_unicode_ci DEFAULT NULL,
  `foreign_key` int NOT NULL,
  `pending_value` varchar(255) COLLATE utf8mb4_unicode_ci DEFAULT NULL,
  PRIMARY KEY (`id`)
) ENGINE=InnoDB DEFAULT CHARSET=utf8mb4 COLLATE=utf8mb4_unicode_ci;
/*!40101 SET character_set_client = @saved_cs_client */;

--
-- Dumping data for table `v3_upgrade_pending_changes`
--

LOCK TABLES `v3_upgrade_pending_changes` WRITE;
/*!40000 ALTER TABLE `v3_upgrade_pending_changes` DISABLE KEYS */;
/*!40000 ALTER TABLE `v3_upgrade_pending_changes` ENABLE KEYS */;
UNLOCK TABLES;

--
-- Table structure for table `vendor_assessment_feedbacks`
--

DROP TABLE IF EXISTS `vendor_assessment_feedbacks`;
/*!40101 SET @saved_cs_client     = @@character_set_client */;
/*!50503 SET character_set_client = utf8mb4 */;
CREATE TABLE `vendor_assessment_feedbacks` (
  `id` int NOT NULL AUTO_INCREMENT,
  `vendor_assessment_id` int NOT NULL,
  `vendor_assessment_question_id` int NOT NULL,
  `vendor_assessment_option_id` int DEFAULT NULL,
  `answer` text COLLATE utf8mb4_unicode_ci NOT NULL,
  `completed` int NOT NULL DEFAULT '0',
  `score` decimal(11,4) NOT NULL DEFAULT '0.0000',
  `locked` int NOT NULL DEFAULT '0',
  `hidden` int NOT NULL DEFAULT '0',
  `created` datetime NOT NULL,
  `modified` datetime NOT NULL,
  `edited` datetime DEFAULT NULL,
  `deleted` int NOT NULL DEFAULT '0',
  `deleted_date` datetime DEFAULT NULL,
  PRIMARY KEY (`id`),
  KEY `vendor_assessment_option_id` (`vendor_assessment_option_id`),
  KEY `vendor_assessment_id` (`vendor_assessment_id`),
  KEY `vendor_assessment_question_id` (`vendor_assessment_question_id`),
  CONSTRAINT `vendor_assessment_feedbacks_ibfk_1` FOREIGN KEY (`vendor_assessment_option_id`) REFERENCES `vendor_assessment_options` (`id`) ON DELETE CASCADE ON UPDATE CASCADE,
  CONSTRAINT `vendor_assessment_feedbacks_ibfk_2` FOREIGN KEY (`vendor_assessment_id`) REFERENCES `vendor_assessments` (`id`) ON DELETE CASCADE ON UPDATE CASCADE,
  CONSTRAINT `vendor_assessment_feedbacks_ibfk_3` FOREIGN KEY (`vendor_assessment_question_id`) REFERENCES `vendor_assessment_questions` (`id`) ON DELETE CASCADE ON UPDATE CASCADE
) ENGINE=InnoDB DEFAULT CHARSET=utf8mb4 COLLATE=utf8mb4_unicode_ci;
/*!40101 SET character_set_client = @saved_cs_client */;

--
-- Dumping data for table `vendor_assessment_feedbacks`
--

LOCK TABLES `vendor_assessment_feedbacks` WRITE;
/*!40000 ALTER TABLE `vendor_assessment_feedbacks` DISABLE KEYS */;
/*!40000 ALTER TABLE `vendor_assessment_feedbacks` ENABLE KEYS */;
UNLOCK TABLES;

--
-- Table structure for table `vendor_assessment_files`
--

DROP TABLE IF EXISTS `vendor_assessment_files`;
/*!40101 SET @saved_cs_client     = @@character_set_client */;
/*!50503 SET character_set_client = utf8mb4 */;
CREATE TABLE `vendor_assessment_files` (
  `id` int NOT NULL AUTO_INCREMENT,
  `filename` varchar(255) COLLATE utf8mb4_unicode_ci NOT NULL DEFAULT '',
  `created` datetime NOT NULL,
  `modified` datetime NOT NULL,
  PRIMARY KEY (`id`)
) ENGINE=InnoDB DEFAULT CHARSET=utf8mb4 COLLATE=utf8mb4_unicode_ci;
/*!40101 SET character_set_client = @saved_cs_client */;

--
-- Dumping data for table `vendor_assessment_files`
--

LOCK TABLES `vendor_assessment_files` WRITE;
/*!40000 ALTER TABLE `vendor_assessment_files` DISABLE KEYS */;
/*!40000 ALTER TABLE `vendor_assessment_files` ENABLE KEYS */;
UNLOCK TABLES;

--
-- Table structure for table `vendor_assessment_findings`
--

DROP TABLE IF EXISTS `vendor_assessment_findings`;
/*!40101 SET @saved_cs_client     = @@character_set_client */;
/*!50503 SET character_set_client = utf8mb4 */;
CREATE TABLE `vendor_assessment_findings` (
  `id` int NOT NULL AUTO_INCREMENT,
  `vendor_assessment_id` int NOT NULL,
  `title` varchar(255) COLLATE utf8mb4_unicode_ci NOT NULL DEFAULT '',
  `description` text COLLATE utf8mb4_unicode_ci NOT NULL,
  `deadline` date NOT NULL,
  `close_date` date DEFAULT NULL,
  `auto_close_date` int NOT NULL DEFAULT '1',
  `status` int NOT NULL,
  `expired` int NOT NULL DEFAULT '0',
  `created` datetime NOT NULL,
  `modified` datetime NOT NULL,
  `edited` datetime DEFAULT NULL,
  `deleted` int NOT NULL DEFAULT '0',
  `deleted_date` datetime DEFAULT NULL,
  PRIMARY KEY (`id`),
  KEY `vendor_assessment_id` (`vendor_assessment_id`),
  CONSTRAINT `vendor_assessment_findings_ibfk_1` FOREIGN KEY (`vendor_assessment_id`) REFERENCES `vendor_assessments` (`id`) ON DELETE CASCADE ON UPDATE CASCADE
) ENGINE=InnoDB DEFAULT CHARSET=utf8mb4 COLLATE=utf8mb4_unicode_ci;
/*!40101 SET character_set_client = @saved_cs_client */;

--
-- Dumping data for table `vendor_assessment_findings`
--

LOCK TABLES `vendor_assessment_findings` WRITE;
/*!40000 ALTER TABLE `vendor_assessment_findings` DISABLE KEYS */;
/*!40000 ALTER TABLE `vendor_assessment_findings` ENABLE KEYS */;
UNLOCK TABLES;

--
-- Table structure for table `vendor_assessment_findings_questions`
--

DROP TABLE IF EXISTS `vendor_assessment_findings_questions`;
/*!40101 SET @saved_cs_client     = @@character_set_client */;
/*!50503 SET character_set_client = utf8mb4 */;
CREATE TABLE `vendor_assessment_findings_questions` (
  `id` int NOT NULL AUTO_INCREMENT,
  `vendor_assessment_finding_id` int NOT NULL,
  `vendor_assessment_question_id` int NOT NULL,
  PRIMARY KEY (`id`),
  KEY `vendor_assessment_question_id` (`vendor_assessment_question_id`),
  KEY `vendor_assessment_finding_id` (`vendor_assessment_finding_id`),
  CONSTRAINT `vendor_assessment_findings_questions_ibfk_1` FOREIGN KEY (`vendor_assessment_question_id`) REFERENCES `vendor_assessment_questions` (`id`) ON DELETE CASCADE ON UPDATE CASCADE,
  CONSTRAINT `vendor_assessment_findings_questions_ibfk_2` FOREIGN KEY (`vendor_assessment_finding_id`) REFERENCES `vendor_assessment_findings` (`id`) ON DELETE CASCADE ON UPDATE CASCADE
) ENGINE=InnoDB DEFAULT CHARSET=utf8mb4 COLLATE=utf8mb4_unicode_ci;
/*!40101 SET character_set_client = @saved_cs_client */;

--
-- Dumping data for table `vendor_assessment_findings_questions`
--

LOCK TABLES `vendor_assessment_findings_questions` WRITE;
/*!40000 ALTER TABLE `vendor_assessment_findings_questions` DISABLE KEYS */;
/*!40000 ALTER TABLE `vendor_assessment_findings_questions` ENABLE KEYS */;
UNLOCK TABLES;

--
-- Table structure for table `vendor_assessment_option_triggers`
--

DROP TABLE IF EXISTS `vendor_assessment_option_triggers`;
/*!40101 SET @saved_cs_client     = @@character_set_client */;
/*!50503 SET character_set_client = utf8mb4 */;
CREATE TABLE `vendor_assessment_option_triggers` (
  `id` int NOT NULL AUTO_INCREMENT,
  `type` int NOT NULL DEFAULT '1',
  `vendor_assessment_option_id` int NOT NULL,
  `vendor_assessment_question_id` int NOT NULL,
  PRIMARY KEY (`id`),
  KEY `vendor_assessment_question_id` (`vendor_assessment_question_id`),
  KEY `vendor_assessment_option_id` (`vendor_assessment_option_id`),
  CONSTRAINT `vendor_assessment_option_triggers_ibfk_1` FOREIGN KEY (`vendor_assessment_question_id`) REFERENCES `vendor_assessment_questions` (`id`) ON DELETE CASCADE ON UPDATE CASCADE,
  CONSTRAINT `vendor_assessment_option_triggers_ibfk_2` FOREIGN KEY (`vendor_assessment_option_id`) REFERENCES `vendor_assessment_options` (`id`) ON DELETE CASCADE ON UPDATE CASCADE
) ENGINE=InnoDB DEFAULT CHARSET=utf8mb4 COLLATE=utf8mb4_unicode_ci;
/*!40101 SET character_set_client = @saved_cs_client */;

--
-- Dumping data for table `vendor_assessment_option_triggers`
--

LOCK TABLES `vendor_assessment_option_triggers` WRITE;
/*!40000 ALTER TABLE `vendor_assessment_option_triggers` DISABLE KEYS */;
/*!40000 ALTER TABLE `vendor_assessment_option_triggers` ENABLE KEYS */;
UNLOCK TABLES;

--
-- Table structure for table `vendor_assessment_options`
--

DROP TABLE IF EXISTS `vendor_assessment_options`;
/*!40101 SET @saved_cs_client     = @@character_set_client */;
/*!50503 SET character_set_client = utf8mb4 */;
CREATE TABLE `vendor_assessment_options` (
  `id` int NOT NULL AUTO_INCREMENT,
  `vendor_assessment_question_id` int NOT NULL,
  `title` varchar(255) COLLATE utf8mb4_unicode_ci NOT NULL DEFAULT '',
  `warning` text COLLATE utf8mb4_unicode_ci NOT NULL,
  `weight` decimal(11,4) NOT NULL DEFAULT '1.0000',
  `created` datetime NOT NULL,
  `modified` datetime NOT NULL,
  PRIMARY KEY (`id`),
  KEY `vendor_assessment_question_id` (`vendor_assessment_question_id`),
  CONSTRAINT `vendor_assessment_options_ibfk_1` FOREIGN KEY (`vendor_assessment_question_id`) REFERENCES `vendor_assessment_questions` (`id`) ON DELETE CASCADE ON UPDATE CASCADE
) ENGINE=InnoDB DEFAULT CHARSET=utf8mb4 COLLATE=utf8mb4_unicode_ci;
/*!40101 SET character_set_client = @saved_cs_client */;

--
-- Dumping data for table `vendor_assessment_options`
--

LOCK TABLES `vendor_assessment_options` WRITE;
/*!40000 ALTER TABLE `vendor_assessment_options` DISABLE KEYS */;
/*!40000 ALTER TABLE `vendor_assessment_options` ENABLE KEYS */;
UNLOCK TABLES;

--
-- Table structure for table `vendor_assessment_questionnaires`
--

DROP TABLE IF EXISTS `vendor_assessment_questionnaires`;
/*!40101 SET @saved_cs_client     = @@character_set_client */;
/*!50503 SET character_set_client = utf8mb4 */;
CREATE TABLE `vendor_assessment_questionnaires` (
  `id` int NOT NULL AUTO_INCREMENT,
  `name` varchar(255) COLLATE utf8mb4_unicode_ci NOT NULL DEFAULT '',
  `description` text COLLATE utf8mb4_unicode_ci NOT NULL,
  `vendor_assessment_file_id` int DEFAULT NULL,
  `created` datetime NOT NULL,
  `modified` datetime NOT NULL,
  `deleted` int NOT NULL DEFAULT '0',
  `deleted_date` datetime DEFAULT NULL,
  PRIMARY KEY (`id`),
  KEY `vendor_assessment_file_id` (`vendor_assessment_file_id`),
  FULLTEXT KEY `name` (`name`),
  CONSTRAINT `vendor_assessment_questionnaires_ibfk_1` FOREIGN KEY (`vendor_assessment_file_id`) REFERENCES `vendor_assessment_files` (`id`) ON DELETE RESTRICT ON UPDATE CASCADE
) ENGINE=InnoDB DEFAULT CHARSET=utf8mb4 COLLATE=utf8mb4_unicode_ci;
/*!40101 SET character_set_client = @saved_cs_client */;

--
-- Dumping data for table `vendor_assessment_questionnaires`
--

LOCK TABLES `vendor_assessment_questionnaires` WRITE;
/*!40000 ALTER TABLE `vendor_assessment_questionnaires` DISABLE KEYS */;
/*!40000 ALTER TABLE `vendor_assessment_questionnaires` ENABLE KEYS */;
UNLOCK TABLES;

--
-- Table structure for table `vendor_assessment_questions`
--

DROP TABLE IF EXISTS `vendor_assessment_questions`;
/*!40101 SET @saved_cs_client     = @@character_set_client */;
/*!50503 SET character_set_client = utf8mb4 */;
CREATE TABLE `vendor_assessment_questions` (
  `id` int NOT NULL AUTO_INCREMENT,
  `vendor_assessment_questionnaire_id` int NOT NULL,
  `chapter_number` varchar(255) COLLATE utf8mb4_unicode_ci NOT NULL DEFAULT '',
  `chapter_title` varchar(255) COLLATE utf8mb4_unicode_ci NOT NULL DEFAULT '',
  `chapter_description` text COLLATE utf8mb4_unicode_ci NOT NULL,
  `number` varchar(255) COLLATE utf8mb4_unicode_ci NOT NULL DEFAULT '',
  `title` varchar(255) COLLATE utf8mb4_unicode_ci NOT NULL DEFAULT '',
  `description` text COLLATE utf8mb4_unicode_ci NOT NULL,
  `answer_type` int NOT NULL,
  `score` decimal(11,4) NOT NULL,
  `widget_type` int NOT NULL DEFAULT '0',
  `hidden` int NOT NULL DEFAULT '0',
  `created` datetime NOT NULL,
  `modified` datetime NOT NULL,
  PRIMARY KEY (`id`),
  KEY `vendor_assessment_questionnaire_id` (`vendor_assessment_questionnaire_id`),
  CONSTRAINT `vendor_assessment_questions_ibfk_1` FOREIGN KEY (`vendor_assessment_questionnaire_id`) REFERENCES `vendor_assessment_questionnaires` (`id`) ON DELETE CASCADE ON UPDATE CASCADE
) ENGINE=InnoDB DEFAULT CHARSET=utf8mb4 COLLATE=utf8mb4_unicode_ci;
/*!40101 SET character_set_client = @saved_cs_client */;

--
-- Dumping data for table `vendor_assessment_questions`
--

LOCK TABLES `vendor_assessment_questions` WRITE;
/*!40000 ALTER TABLE `vendor_assessment_questions` DISABLE KEYS */;
/*!40000 ALTER TABLE `vendor_assessment_questions` ENABLE KEYS */;
UNLOCK TABLES;

--
-- Table structure for table `vendor_assessments`
--

DROP TABLE IF EXISTS `vendor_assessments`;
/*!40101 SET @saved_cs_client     = @@character_set_client */;
/*!50503 SET character_set_client = utf8mb4 */;
CREATE TABLE `vendor_assessments` (
  `id` int NOT NULL AUTO_INCREMENT,
  `parent_id` int DEFAULT NULL,
  `hash` varchar(255) COLLATE utf8mb4_unicode_ci NOT NULL DEFAULT '',
  `title` varchar(255) COLLATE utf8mb4_unicode_ci NOT NULL DEFAULT '',
  `description` text COLLATE utf8mb4_unicode_ci NOT NULL,
  `vendor_assessment_questionnaire_id` int NOT NULL,
  `portal_title` varchar(255) COLLATE utf8mb4_unicode_ci NOT NULL DEFAULT '',
  `portal_description` text COLLATE utf8mb4_unicode_ci NOT NULL,
  `finding_download` int NOT NULL,
  `questions_download` int NOT NULL,
  `incomplete_submit` int NOT NULL,
  `scheduling` int NOT NULL,
  `start_date` date DEFAULT NULL,
  `end_date` date DEFAULT NULL,
  `auto_close` int NOT NULL DEFAULT '0',
  `recurrence` int NOT NULL,
  `recurrence_period` int NOT NULL,
  `recurrence_auto_load` int NOT NULL,
  `status` int NOT NULL DEFAULT '0',
  `submited` int NOT NULL DEFAULT '0',
  `submit_date` datetime DEFAULT NULL,
  `first_activity` datetime DEFAULT NULL,
  `last_activity` datetime DEFAULT NULL,
  `completed_feedbacks_percentage` int NOT NULL DEFAULT '0',
  `uncompleted_feedbacks_percentage` int NOT NULL DEFAULT '0',
  `locked_feedbacks_percentage` int NOT NULL DEFAULT '0',
  `unlocked_feedbacks_percentage` int NOT NULL DEFAULT '0',
  `open_findings_percentage` int NOT NULL DEFAULT '0',
  `expired_findings_percentage` int NOT NULL DEFAULT '0',
  `total_score` decimal(11,4) NOT NULL DEFAULT '0.0000',
  `max_total_score` decimal(11,4) NOT NULL DEFAULT '0.0000',
  `created` datetime NOT NULL,
  `modified` datetime NOT NULL,
  `edited` datetime DEFAULT NULL,
  `deleted` int NOT NULL DEFAULT '0',
  `deleted_date` datetime DEFAULT NULL,
  PRIMARY KEY (`id`),
  KEY `parent_id` (`parent_id`),
  KEY `vendor_assessment_questionnaire_id` (`vendor_assessment_questionnaire_id`),
  CONSTRAINT `vendor_assessments_ibfk_1` FOREIGN KEY (`parent_id`) REFERENCES `vendor_assessments` (`id`) ON DELETE SET NULL ON UPDATE CASCADE,
  CONSTRAINT `vendor_assessments_ibfk_2` FOREIGN KEY (`vendor_assessment_questionnaire_id`) REFERENCES `vendor_assessment_questionnaires` (`id`) ON DELETE RESTRICT ON UPDATE CASCADE
) ENGINE=InnoDB DEFAULT CHARSET=utf8mb4 COLLATE=utf8mb4_unicode_ci;
/*!40101 SET character_set_client = @saved_cs_client */;

--
-- Dumping data for table `vendor_assessments`
--

LOCK TABLES `vendor_assessments` WRITE;
/*!40000 ALTER TABLE `vendor_assessments` DISABLE KEYS */;
/*!40000 ALTER TABLE `vendor_assessments` ENABLE KEYS */;
UNLOCK TABLES;

--
-- Table structure for table `visualisation_settings`
--

DROP TABLE IF EXISTS `visualisation_settings`;
/*!40101 SET @saved_cs_client     = @@character_set_client */;
/*!50503 SET character_set_client = utf8mb4 */;
CREATE TABLE `visualisation_settings` (
  `id` int NOT NULL AUTO_INCREMENT,
  `model` varchar(155) COLLATE utf8mb4_unicode_ci NOT NULL,
  `status` int NOT NULL DEFAULT '0',
  `order` int NOT NULL DEFAULT '999',
  PRIMARY KEY (`id`)
) ENGINE=InnoDB AUTO_INCREMENT=70 DEFAULT CHARSET=utf8mb4 COLLATE=utf8mb4_unicode_ci;
/*!40101 SET character_set_client = @saved_cs_client */;

--
-- Dumping data for table `visualisation_settings`
--

LOCK TABLES `visualisation_settings` WRITE;
/*!40000 ALTER TABLE `visualisation_settings` DISABLE KEYS */;
INSERT INTO `visualisation_settings` VALUES (1,'Assets',1,1),(2,'AssetReviews',1,2),(3,'Risks',1,10),(4,'ThirdPartyRisks',1,17),(5,'BusinessContinuities',1,3),(6,'RiskReviews',1,11),(7,'ThirdPartyRiskReviews',1,18),(8,'BusinessContinuityReviews',1,4),(9,'SecurityPolicies',1,12),(10,'SecurityPolicyReviews',1,13),(11,'SecurityServices',1,14),(12,'SecurityServiceAudits',1,15),(13,'SecurityServiceMaintenances',1,16),(14,'ComplianceExceptions',1,8),(16,'ComplianceAudits',1,6),(17,'ComplianceAnalysisFindings',1,5),(18,'ComplianceAuditSettings',1,7),(19,'ComplianceFindings',1,9),(20,'BusinessUnits',1,999),(21,'AwarenessPrograms.AwarenessPrograms',1,999),(22,'BusinessContinuityPlans',1,999),(23,'BusinessContinuityPlanAudits',1,999),(24,'DataAssetInstances',1,999),(25,'DataAssets',1,999),(26,'Goals',1,999),(27,'Legals',1,999),(28,'PolicyExceptions',1,999),(29,'Processes',1,999),(30,'ProgramIssues',1,999),(31,'ProgramScopes',1,999),(32,'Projects',1,999),(33,'ProjectAchievements',1,999),(34,'ProjectExpenses',1,999),(35,'RiskExceptions',1,999),(36,'SecurityIncidents',1,999),(37,'ThirdParties',1,999),(38,'VendorAssessments.VendorAssessments',1,999),(39,'VendorAssessments.VendorAssessmentFindings',1,999),(40,'AccountReviews.AccountReviews',1,999),(41,'AccountReviews.AccountReviewPulls',1,999),(42,'AccountReviews.AccountReviewFeedbacks',1,999),(43,'AccountReviews.AccountReviewFindings',1,999),(44,'ComplianceManagements',1,999),(45,'ServiceContracts',1,999),(46,'TeamRoles',1,999),(47,'SecurityServiceIssues',1,999),(48,'CompliancePackages',1,999),(49,'DataAssetSettings',1,999),(50,'GoalAudits',1,999),(52,'BusinessContinuityTasks',1,999),(53,'CompliancePackageItems',1,999),(54,'VendorAssessments.VendorAssessmentFeedbacks',1,999),(55,'AppNotifications',1,999),(56,'DashboardCalendarEvents',1,999),(57,'CompliancePackageRegulators',1,999),(58,'Users',1,999),(59,'Dashboard.DashboardCalendarEvents',0,999),(60,'AppNotification.AppNotifications',0,999),(61,'SecurityIncidentStagesSecurityIncidents',0,999),(62,'AwarenessPrograms.AwarenessProgramRecurrences',0,999),(63,'AwarenessPrograms.AwarenessProgramActiveUsers',0,999),(64,'AwarenessPrograms.AwarenessProgramCompliantUsers',0,999),(65,'AwarenessPrograms.AwarenessProgramNotCompliantUsers',0,999),(66,'AwarenessPrograms.AwarenessProgramRecurrenceReminders',0,999),(67,'AwarenessPrograms.AwarenessProgramRecurrenceTrainings',0,999),(68,'AwarenessPrograms.AwarenessProgramDemos',0,999),(69,'RiskClassifications',0,999);
/*!40000 ALTER TABLE `visualisation_settings` ENABLE KEYS */;
UNLOCK TABLES;

--
-- Table structure for table `visualisation_settings_groups`
--

DROP TABLE IF EXISTS `visualisation_settings_groups`;
/*!40101 SET @saved_cs_client     = @@character_set_client */;
/*!50503 SET character_set_client = utf8mb4 */;
CREATE TABLE `visualisation_settings_groups` (
  `id` int NOT NULL AUTO_INCREMENT,
  `visualisation_setting_id` int NOT NULL,
  `aros_acos_id` int DEFAULT NULL,
  `user_fields_group_id` int DEFAULT NULL,
  `created` datetime NOT NULL,
  PRIMARY KEY (`id`),
  KEY `user_fields_group_id` (`user_fields_group_id`),
  KEY `aros_acos_id` (`aros_acos_id`),
  KEY `visualisation_setting_id` (`visualisation_setting_id`),
  CONSTRAINT `visualisation_settings_groups_ibfk_1` FOREIGN KEY (`user_fields_group_id`) REFERENCES `user_fields_groups` (`id`) ON DELETE CASCADE ON UPDATE CASCADE,
  CONSTRAINT `visualisation_settings_groups_ibfk_2` FOREIGN KEY (`aros_acos_id`) REFERENCES `aros_acos` (`id`) ON DELETE CASCADE ON UPDATE CASCADE,
  CONSTRAINT `visualisation_settings_groups_ibfk_3` FOREIGN KEY (`visualisation_setting_id`) REFERENCES `visualisation_settings` (`id`) ON DELETE CASCADE ON UPDATE CASCADE
) ENGINE=InnoDB DEFAULT CHARSET=utf8mb4 COLLATE=utf8mb4_unicode_ci;
/*!40101 SET character_set_client = @saved_cs_client */;

--
-- Dumping data for table `visualisation_settings_groups`
--

LOCK TABLES `visualisation_settings_groups` WRITE;
/*!40000 ALTER TABLE `visualisation_settings_groups` DISABLE KEYS */;
/*!40000 ALTER TABLE `visualisation_settings_groups` ENABLE KEYS */;
UNLOCK TABLES;

--
-- Table structure for table `visualisation_settings_users`
--

DROP TABLE IF EXISTS `visualisation_settings_users`;
/*!40101 SET @saved_cs_client     = @@character_set_client */;
/*!50503 SET character_set_client = utf8mb4 */;
CREATE TABLE `visualisation_settings_users` (
  `id` int NOT NULL AUTO_INCREMENT,
  `visualisation_setting_id` int NOT NULL,
  `aros_acos_id` int DEFAULT NULL,
  `user_fields_user_id` int DEFAULT NULL,
  `created` datetime NOT NULL,
  PRIMARY KEY (`id`),
  KEY `aros_acos_id` (`aros_acos_id`),
  KEY `visualisation_setting_id` (`visualisation_setting_id`),
  KEY `user_fields_user_id` (`user_fields_user_id`),
  CONSTRAINT `visualisation_settings_users_ibfk_1` FOREIGN KEY (`aros_acos_id`) REFERENCES `aros_acos` (`id`) ON DELETE CASCADE ON UPDATE CASCADE,
  CONSTRAINT `visualisation_settings_users_ibfk_2` FOREIGN KEY (`visualisation_setting_id`) REFERENCES `visualisation_settings` (`id`) ON DELETE CASCADE ON UPDATE CASCADE,
  CONSTRAINT `visualisation_settings_users_ibfk_3` FOREIGN KEY (`user_fields_user_id`) REFERENCES `user_fields_users` (`id`) ON DELETE CASCADE ON UPDATE CASCADE
) ENGINE=InnoDB DEFAULT CHARSET=utf8mb4 COLLATE=utf8mb4_unicode_ci;
/*!40101 SET character_set_client = @saved_cs_client */;

--
-- Dumping data for table `visualisation_settings_users`
--

LOCK TABLES `visualisation_settings_users` WRITE;
/*!40000 ALTER TABLE `visualisation_settings_users` DISABLE KEYS */;
/*!40000 ALTER TABLE `visualisation_settings_users` ENABLE KEYS */;
UNLOCK TABLES;

--
-- Table structure for table `visualisation_share`
--

DROP TABLE IF EXISTS `visualisation_share`;
/*!40101 SET @saved_cs_client     = @@character_set_client */;
/*!50503 SET character_set_client = utf8mb4 */;
CREATE TABLE `visualisation_share` (
  `id` int NOT NULL AUTO_INCREMENT,
  `model` varchar(128) COLLATE utf8mb4_unicode_ci NOT NULL,
  `foreign_key` int NOT NULL,
  PRIMARY KEY (`id`)
) ENGINE=InnoDB AUTO_INCREMENT=2 DEFAULT CHARSET=utf8mb4 COLLATE=utf8mb4_unicode_ci;
/*!40101 SET character_set_client = @saved_cs_client */;

--
-- Dumping data for table `visualisation_share`
--

LOCK TABLES `visualisation_share` WRITE;
/*!40000 ALTER TABLE `visualisation_share` DISABLE KEYS */;
INSERT INTO `visualisation_share` VALUES (1,'Users',1);
/*!40000 ALTER TABLE `visualisation_share` ENABLE KEYS */;
UNLOCK TABLES;

--
-- Table structure for table `visualisation_share_groups`
--

DROP TABLE IF EXISTS `visualisation_share_groups`;
/*!40101 SET @saved_cs_client     = @@character_set_client */;
/*!50503 SET character_set_client = utf8mb4 */;
CREATE TABLE `visualisation_share_groups` (
  `id` int NOT NULL AUTO_INCREMENT,
  `visualisation_share_id` int NOT NULL,
  `aros_acos_id` int DEFAULT NULL,
  `user_fields_group_id` int DEFAULT NULL,
  `created` datetime NOT NULL,
  PRIMARY KEY (`id`),
  KEY `user_fields_group_id` (`user_fields_group_id`),
  KEY `aros_acos_id` (`aros_acos_id`),
  KEY `visualisation_share_id` (`visualisation_share_id`),
  CONSTRAINT `visualisation_share_groups_ibfk_1` FOREIGN KEY (`user_fields_group_id`) REFERENCES `user_fields_groups` (`id`) ON DELETE CASCADE ON UPDATE CASCADE,
  CONSTRAINT `visualisation_share_groups_ibfk_2` FOREIGN KEY (`aros_acos_id`) REFERENCES `aros_acos` (`id`) ON DELETE CASCADE ON UPDATE CASCADE,
  CONSTRAINT `visualisation_share_groups_ibfk_3` FOREIGN KEY (`visualisation_share_id`) REFERENCES `visualisation_share` (`id`) ON DELETE CASCADE ON UPDATE CASCADE
) ENGINE=InnoDB DEFAULT CHARSET=utf8mb4 COLLATE=utf8mb4_unicode_ci;
/*!40101 SET character_set_client = @saved_cs_client */;

--
-- Dumping data for table `visualisation_share_groups`
--

LOCK TABLES `visualisation_share_groups` WRITE;
/*!40000 ALTER TABLE `visualisation_share_groups` DISABLE KEYS */;
/*!40000 ALTER TABLE `visualisation_share_groups` ENABLE KEYS */;
UNLOCK TABLES;

--
-- Table structure for table `visualisation_share_users`
--

DROP TABLE IF EXISTS `visualisation_share_users`;
/*!40101 SET @saved_cs_client     = @@character_set_client */;
/*!50503 SET character_set_client = utf8mb4 */;
CREATE TABLE `visualisation_share_users` (
  `id` int NOT NULL AUTO_INCREMENT,
  `visualisation_share_id` int NOT NULL,
  `aros_acos_id` int DEFAULT NULL,
  `user_fields_user_id` int DEFAULT NULL,
  `created` datetime NOT NULL,
  PRIMARY KEY (`id`),
  KEY `user_fields_user_id` (`user_fields_user_id`),
  KEY `aros_acos_id` (`aros_acos_id`),
  KEY `visualisation_share_id` (`visualisation_share_id`),
  CONSTRAINT `visualisation_share_users_ibfk_1` FOREIGN KEY (`user_fields_user_id`) REFERENCES `user_fields_users` (`id`) ON DELETE CASCADE ON UPDATE CASCADE,
  CONSTRAINT `visualisation_share_users_ibfk_2` FOREIGN KEY (`aros_acos_id`) REFERENCES `aros_acos` (`id`) ON DELETE CASCADE ON UPDATE CASCADE,
  CONSTRAINT `visualisation_share_users_ibfk_3` FOREIGN KEY (`visualisation_share_id`) REFERENCES `visualisation_share` (`id`) ON DELETE CASCADE ON UPDATE CASCADE
) ENGINE=InnoDB DEFAULT CHARSET=utf8mb4 COLLATE=utf8mb4_unicode_ci;
/*!40101 SET character_set_client = @saved_cs_client */;

--
-- Dumping data for table `visualisation_share_users`
--

LOCK TABLES `visualisation_share_users` WRITE;
/*!40000 ALTER TABLE `visualisation_share_users` DISABLE KEYS */;
/*!40000 ALTER TABLE `visualisation_share_users` ENABLE KEYS */;
UNLOCK TABLES;

--
-- Table structure for table `vulnerabilities`
--

DROP TABLE IF EXISTS `vulnerabilities`;
/*!40101 SET @saved_cs_client     = @@character_set_client */;
/*!50503 SET character_set_client = utf8mb4 */;
CREATE TABLE `vulnerabilities` (
  `id` int NOT NULL AUTO_INCREMENT,
  `name` varchar(255) COLLATE utf8mb4_unicode_ci NOT NULL DEFAULT '',
  PRIMARY KEY (`id`),
  FULLTEXT KEY `name` (`name`)
) ENGINE=InnoDB AUTO_INCREMENT=35 DEFAULT CHARSET=utf8mb4 COLLATE=utf8mb4_unicode_ci;
/*!40101 SET character_set_client = @saved_cs_client */;

--
-- Dumping data for table `vulnerabilities`
--

LOCK TABLES `vulnerabilities` WRITE;
/*!40000 ALTER TABLE `vulnerabilities` DISABLE KEYS */;
INSERT INTO `vulnerabilities` VALUES (1,'Lack of Information'),(2,'Lack of Integrity Checks'),(3,'Lack of Logs'),(4,'No Change Management'),(5,'Weak CheckOut Procedures'),(6,'Supplier Failure'),(7,'Lack of alternative Power Sources'),(8,'Lack of Physical Guards'),(9,'Lack of Patching'),(10,'Web Application Vulnerabilities'),(11,'Lack of CCTV'),(12,'Lack of Movement Sensors'),(13,'Lack of Procedures'),(14,'Lack of Network Controls'),(15,'Lack of Strong Authentication'),(16,'Lack of Encryption in Motion'),(17,'Lack of Encryption at Rest'),(18,'Creeping Accounts'),(19,'Hardware Malfunction'),(20,'Software Malfunction'),(21,'Lack of Fire Extinguishers'),(22,'Lack of alternative exit doors'),(23,'Weak Passwords'),(24,'Weak Awareness'),(25,'Missing Configuration Standards'),(26,'Open Network Ports'),(27,'Reputational Issues'),(28,'Seismic Areas'),(29,'Prone to Natural Disasters Area'),(30,'Flood Prone Areas'),(31,'Other'),(32,'Unprotected Network'),(33,'Cabling Unsecured'),(34,'Weak Software Development Procedures');
/*!40000 ALTER TABLE `vulnerabilities` ENABLE KEYS */;
UNLOCK TABLES;

--
-- Table structure for table `webhook_requests`
--

DROP TABLE IF EXISTS `webhook_requests`;
/*!40101 SET @saved_cs_client     = @@character_set_client */;
/*!50503 SET character_set_client = utf8mb4 */;
CREATE TABLE `webhook_requests` (
  `id` int NOT NULL AUTO_INCREMENT,
  `webhook_id` int NOT NULL,
  `status` int NOT NULL,
  `url` text COLLATE utf8mb4_unicode_ci NOT NULL,
  `method` int NOT NULL,
  `timeout` int NOT NULL,
  `headers` text COLLATE utf8mb4_unicode_ci,
  `content` text COLLATE utf8mb4_unicode_ci,
  `response_code` int DEFAULT NULL,
  `response_headers` text COLLATE utf8mb4_unicode_ci,
  `response_content` text COLLATE utf8mb4_unicode_ci,
  `execution_time` int DEFAULT NULL,
  `error` text COLLATE utf8mb4_unicode_ci,
  `created` datetime NOT NULL,
  PRIMARY KEY (`id`),
  KEY `webhook_id` (`webhook_id`),
  CONSTRAINT `webhook_requests_ibfk_1` FOREIGN KEY (`webhook_id`) REFERENCES `webhooks` (`id`) ON DELETE CASCADE ON UPDATE CASCADE
) ENGINE=InnoDB DEFAULT CHARSET=utf8mb4 COLLATE=utf8mb4_unicode_ci;
/*!40101 SET character_set_client = @saved_cs_client */;

--
-- Dumping data for table `webhook_requests`
--

LOCK TABLES `webhook_requests` WRITE;
/*!40000 ALTER TABLE `webhook_requests` DISABLE KEYS */;
/*!40000 ALTER TABLE `webhook_requests` ENABLE KEYS */;
UNLOCK TABLES;

--
-- Table structure for table `webhooks`
--

DROP TABLE IF EXISTS `webhooks`;
/*!40101 SET @saved_cs_client     = @@character_set_client */;
/*!50503 SET character_set_client = utf8mb4 */;
CREATE TABLE `webhooks` (
  `id` int NOT NULL AUTO_INCREMENT,
  `class` varchar(255) COLLATE utf8mb4_unicode_ci NOT NULL DEFAULT '',
  `model` varchar(255) COLLATE utf8mb4_unicode_ci DEFAULT NULL,
  `foreign_key` int DEFAULT NULL,
  `url` text COLLATE utf8mb4_unicode_ci,
  `method` int NOT NULL,
  `headers` text COLLATE utf8mb4_unicode_ci NOT NULL,
  `content` text COLLATE utf8mb4_unicode_ci NOT NULL,
  `created` datetime NOT NULL,
  `modified` datetime NOT NULL,
  PRIMARY KEY (`id`)
) ENGINE=InnoDB DEFAULT CHARSET=utf8mb4 COLLATE=utf8mb4_unicode_ci;
/*!40101 SET character_set_client = @saved_cs_client */;

--
-- Dumping data for table `webhooks`
--

LOCK TABLES `webhooks` WRITE;
/*!40000 ALTER TABLE `webhooks` DISABLE KEYS */;
/*!40000 ALTER TABLE `webhooks` ENABLE KEYS */;
UNLOCK TABLES;

--
-- Table structure for table `wf_access_models`
--

DROP TABLE IF EXISTS `wf_access_models`;
/*!40101 SET @saved_cs_client     = @@character_set_client */;
/*!50503 SET character_set_client = utf8mb4 */;
CREATE TABLE `wf_access_models` (
  `id` int NOT NULL AUTO_INCREMENT,
  `plugin` varchar(155) COLLATE utf8mb4_unicode_ci DEFAULT NULL,
  `name` varchar(155) COLLATE utf8mb4_unicode_ci NOT NULL DEFAULT '',
  PRIMARY KEY (`id`),
  KEY `name` (`name`)
) ENGINE=InnoDB DEFAULT CHARSET=utf8mb4 COLLATE=utf8mb4_unicode_ci;
/*!40101 SET character_set_client = @saved_cs_client */;

--
-- Dumping data for table `wf_access_models`
--

LOCK TABLES `wf_access_models` WRITE;
/*!40000 ALTER TABLE `wf_access_models` DISABLE KEYS */;
/*!40000 ALTER TABLE `wf_access_models` ENABLE KEYS */;
UNLOCK TABLES;

--
-- Table structure for table `wf_access_types`
--

DROP TABLE IF EXISTS `wf_access_types`;
/*!40101 SET @saved_cs_client     = @@character_set_client */;
/*!50503 SET character_set_client = utf8mb4 */;
CREATE TABLE `wf_access_types` (
  `id` int NOT NULL AUTO_INCREMENT,
  `slug` varchar(155) COLLATE utf8mb4_unicode_ci NOT NULL,
  `model` varchar(155) COLLATE utf8mb4_unicode_ci DEFAULT NULL,
  PRIMARY KEY (`id`),
  KEY `model` (`model`),
  KEY `slug` (`slug`)
) ENGINE=InnoDB DEFAULT CHARSET=utf8mb4 COLLATE=utf8mb4_unicode_ci;
/*!40101 SET character_set_client = @saved_cs_client */;

--
-- Dumping data for table `wf_access_types`
--

LOCK TABLES `wf_access_types` WRITE;
/*!40000 ALTER TABLE `wf_access_types` DISABLE KEYS */;
/*!40000 ALTER TABLE `wf_access_types` ENABLE KEYS */;
UNLOCK TABLES;

--
-- Table structure for table `wf_accesses`
--

DROP TABLE IF EXISTS `wf_accesses`;
/*!40101 SET @saved_cs_client     = @@character_set_client */;
/*!50503 SET character_set_client = utf8mb4 */;
CREATE TABLE `wf_accesses` (
  `id` int NOT NULL AUTO_INCREMENT,
  `wf_access_model` varchar(155) COLLATE utf8mb4_unicode_ci NOT NULL DEFAULT '',
  `wf_access_foreign_key` int NOT NULL DEFAULT '0',
  `wf_access_type` varchar(155) COLLATE utf8mb4_unicode_ci NOT NULL DEFAULT '',
  `foreign_key` varchar(155) COLLATE utf8mb4_unicode_ci NOT NULL,
  `access` int NOT NULL DEFAULT '0',
  PRIMARY KEY (`id`),
  KEY `wf_access_type` (`wf_access_type`),
  KEY `wf_access_model` (`wf_access_model`),
  CONSTRAINT `wf_accesses_ibfk_1` FOREIGN KEY (`wf_access_type`) REFERENCES `wf_access_types` (`slug`) ON DELETE CASCADE ON UPDATE CASCADE,
  CONSTRAINT `wf_accesses_ibfk_2` FOREIGN KEY (`wf_access_model`) REFERENCES `wf_access_models` (`name`) ON DELETE RESTRICT ON UPDATE CASCADE
) ENGINE=InnoDB DEFAULT CHARSET=utf8mb4 COLLATE=utf8mb4_unicode_ci;
/*!40101 SET character_set_client = @saved_cs_client */;

--
-- Dumping data for table `wf_accesses`
--

LOCK TABLES `wf_accesses` WRITE;
/*!40000 ALTER TABLE `wf_accesses` DISABLE KEYS */;
/*!40000 ALTER TABLE `wf_accesses` ENABLE KEYS */;
UNLOCK TABLES;

--
-- Table structure for table `wf_instance_approvals`
--

DROP TABLE IF EXISTS `wf_instance_approvals`;
/*!40101 SET @saved_cs_client     = @@character_set_client */;
/*!50503 SET character_set_client = utf8mb4 */;
CREATE TABLE `wf_instance_approvals` (
  `id` int NOT NULL AUTO_INCREMENT,
  `wf_instance_request_id` int NOT NULL,
  `wf_stage_id` int NOT NULL,
  `user_id` int NOT NULL,
  `created` datetime NOT NULL,
  PRIMARY KEY (`id`),
  KEY `wf_stage_id` (`wf_stage_id`),
  KEY `wf_instance_request_id` (`wf_instance_request_id`),
  CONSTRAINT `wf_instance_approvals_ibfk_1` FOREIGN KEY (`wf_stage_id`) REFERENCES `wf_stages` (`id`) ON DELETE CASCADE ON UPDATE CASCADE,
  CONSTRAINT `wf_instance_approvals_ibfk_2` FOREIGN KEY (`wf_instance_request_id`) REFERENCES `wf_instance_requests` (`id`) ON DELETE CASCADE ON UPDATE CASCADE
) ENGINE=InnoDB DEFAULT CHARSET=utf8mb4 COLLATE=utf8mb4_unicode_ci;
/*!40101 SET character_set_client = @saved_cs_client */;

--
-- Dumping data for table `wf_instance_approvals`
--

LOCK TABLES `wf_instance_approvals` WRITE;
/*!40000 ALTER TABLE `wf_instance_approvals` DISABLE KEYS */;
/*!40000 ALTER TABLE `wf_instance_approvals` ENABLE KEYS */;
UNLOCK TABLES;

--
-- Table structure for table `wf_instance_logs`
--

DROP TABLE IF EXISTS `wf_instance_logs`;
/*!40101 SET @saved_cs_client     = @@character_set_client */;
/*!50503 SET character_set_client = utf8mb4 */;
CREATE TABLE `wf_instance_logs` (
  `id` int NOT NULL AUTO_INCREMENT,
  `wf_instance_id` int NOT NULL,
  `wf_stage_id` int DEFAULT NULL,
  `type` int NOT NULL,
  `message` text COLLATE utf8mb4_unicode_ci,
  `user_id` int NOT NULL,
  `created` datetime NOT NULL,
  PRIMARY KEY (`id`),
  KEY `wf_instance_id` (`wf_instance_id`),
  KEY `user_id` (`user_id`),
  CONSTRAINT `wf_instance_logs_ibfk_1` FOREIGN KEY (`wf_instance_id`) REFERENCES `wf_instances` (`id`) ON DELETE CASCADE ON UPDATE CASCADE,
  CONSTRAINT `wf_instance_logs_ibfk_2` FOREIGN KEY (`user_id`) REFERENCES `users` (`id`) ON DELETE CASCADE ON UPDATE CASCADE
) ENGINE=InnoDB DEFAULT CHARSET=utf8mb4 COLLATE=utf8mb4_unicode_ci;
/*!40101 SET character_set_client = @saved_cs_client */;

--
-- Dumping data for table `wf_instance_logs`
--

LOCK TABLES `wf_instance_logs` WRITE;
/*!40000 ALTER TABLE `wf_instance_logs` DISABLE KEYS */;
/*!40000 ALTER TABLE `wf_instance_logs` ENABLE KEYS */;
UNLOCK TABLES;

--
-- Table structure for table `wf_instance_requests`
--

DROP TABLE IF EXISTS `wf_instance_requests`;
/*!40101 SET @saved_cs_client     = @@character_set_client */;
/*!50503 SET character_set_client = utf8mb4 */;
CREATE TABLE `wf_instance_requests` (
  `id` int NOT NULL AUTO_INCREMENT,
  `wf_instance_id` int NOT NULL,
  `wf_stage_id` int NOT NULL,
  `wf_stage_step_id` int NOT NULL,
  `user_id` int DEFAULT NULL,
  `status` int NOT NULL DEFAULT '1',
  `approvals_count` int NOT NULL DEFAULT '0',
  `created` datetime NOT NULL,
  `modified` datetime NOT NULL,
  PRIMARY KEY (`id`),
  KEY `wf_instance_id` (`wf_instance_id`),
  KEY `user_id` (`user_id`),
  KEY `wf_stage_step_id` (`wf_stage_step_id`),
  KEY `wf_stage_id` (`wf_stage_id`),
  CONSTRAINT `wf_instance_requests_ibfk_1` FOREIGN KEY (`wf_instance_id`) REFERENCES `wf_instances` (`id`) ON DELETE CASCADE ON UPDATE CASCADE,
  CONSTRAINT `wf_instance_requests_ibfk_2` FOREIGN KEY (`user_id`) REFERENCES `users` (`id`) ON DELETE SET NULL ON UPDATE CASCADE,
  CONSTRAINT `wf_instance_requests_ibfk_3` FOREIGN KEY (`wf_stage_step_id`) REFERENCES `wf_stage_steps` (`id`) ON DELETE CASCADE ON UPDATE CASCADE,
  CONSTRAINT `wf_instance_requests_ibfk_4` FOREIGN KEY (`wf_stage_id`) REFERENCES `wf_stages` (`id`) ON DELETE CASCADE ON UPDATE CASCADE
) ENGINE=InnoDB DEFAULT CHARSET=utf8mb4 COLLATE=utf8mb4_unicode_ci;
/*!40101 SET character_set_client = @saved_cs_client */;

--
-- Dumping data for table `wf_instance_requests`
--

LOCK TABLES `wf_instance_requests` WRITE;
/*!40000 ALTER TABLE `wf_instance_requests` DISABLE KEYS */;
/*!40000 ALTER TABLE `wf_instance_requests` ENABLE KEYS */;
UNLOCK TABLES;

--
-- Table structure for table `wf_instances`
--

DROP TABLE IF EXISTS `wf_instances`;
/*!40101 SET @saved_cs_client     = @@character_set_client */;
/*!50503 SET character_set_client = utf8mb4 */;
CREATE TABLE `wf_instances` (
  `id` int NOT NULL AUTO_INCREMENT,
  `model` varchar(155) COLLATE utf8mb4_unicode_ci NOT NULL,
  `foreign_key` int NOT NULL,
  `wf_stage_id` int NOT NULL,
  `wf_stage_step_id` int NOT NULL DEFAULT '0',
  `stage_init_date` datetime NOT NULL,
  `status` int NOT NULL DEFAULT '1',
  `pending_requests` int NOT NULL DEFAULT '0',
  `created` datetime NOT NULL,
  `modified` datetime NOT NULL,
  PRIMARY KEY (`id`),
  KEY `wf_stage_id` (`wf_stage_id`),
  KEY `model` (`model`),
  CONSTRAINT `wf_instances_ibfk_1` FOREIGN KEY (`wf_stage_id`) REFERENCES `wf_stages` (`id`) ON DELETE CASCADE ON UPDATE CASCADE,
  CONSTRAINT `wf_instances_ibfk_2` FOREIGN KEY (`model`) REFERENCES `wf_settings` (`model`) ON DELETE CASCADE ON UPDATE CASCADE
) ENGINE=InnoDB DEFAULT CHARSET=utf8mb4 COLLATE=utf8mb4_unicode_ci;
/*!40101 SET character_set_client = @saved_cs_client */;

--
-- Dumping data for table `wf_instances`
--

LOCK TABLES `wf_instances` WRITE;
/*!40000 ALTER TABLE `wf_instances` DISABLE KEYS */;
/*!40000 ALTER TABLE `wf_instances` ENABLE KEYS */;
UNLOCK TABLES;

--
-- Table structure for table `wf_settings`
--

DROP TABLE IF EXISTS `wf_settings`;
/*!40101 SET @saved_cs_client     = @@character_set_client */;
/*!50503 SET character_set_client = utf8mb4 */;
CREATE TABLE `wf_settings` (
  `id` int NOT NULL AUTO_INCREMENT,
  `model` varchar(155) COLLATE utf8mb4_unicode_ci NOT NULL,
  `name` varchar(155) COLLATE utf8mb4_unicode_ci NOT NULL,
  `description` text COLLATE utf8mb4_unicode_ci,
  `status` int NOT NULL DEFAULT '0',
  `created` datetime DEFAULT NULL,
  PRIMARY KEY (`id`),
  KEY `model` (`model`)
) ENGINE=InnoDB DEFAULT CHARSET=utf8mb4 COLLATE=utf8mb4_unicode_ci;
/*!40101 SET character_set_client = @saved_cs_client */;

--
-- Dumping data for table `wf_settings`
--

LOCK TABLES `wf_settings` WRITE;
/*!40000 ALTER TABLE `wf_settings` DISABLE KEYS */;
/*!40000 ALTER TABLE `wf_settings` ENABLE KEYS */;
UNLOCK TABLES;

--
-- Table structure for table `wf_stage_step_conditions`
--

DROP TABLE IF EXISTS `wf_stage_step_conditions`;
/*!40101 SET @saved_cs_client     = @@character_set_client */;
/*!50503 SET character_set_client = utf8mb4 */;
CREATE TABLE `wf_stage_step_conditions` (
  `id` int NOT NULL AUTO_INCREMENT,
  `wf_stage_step_id` int NOT NULL,
  `field` varchar(155) COLLATE utf8mb4_unicode_ci NOT NULL,
  `comparison_type` varchar(55) COLLATE utf8mb4_unicode_ci NOT NULL,
  `value` varchar(155) COLLATE utf8mb4_unicode_ci DEFAULT NULL,
  `created` datetime NOT NULL,
  `modified` datetime NOT NULL,
  PRIMARY KEY (`id`),
  KEY `wf_stage_step_id` (`wf_stage_step_id`),
  CONSTRAINT `wf_stage_step_conditions_ibfk_1` FOREIGN KEY (`wf_stage_step_id`) REFERENCES `wf_stage_steps` (`id`) ON DELETE CASCADE ON UPDATE CASCADE
) ENGINE=InnoDB DEFAULT CHARSET=utf8mb4 COLLATE=utf8mb4_unicode_ci;
/*!40101 SET character_set_client = @saved_cs_client */;

--
-- Dumping data for table `wf_stage_step_conditions`
--

LOCK TABLES `wf_stage_step_conditions` WRITE;
/*!40000 ALTER TABLE `wf_stage_step_conditions` DISABLE KEYS */;
/*!40000 ALTER TABLE `wf_stage_step_conditions` ENABLE KEYS */;
UNLOCK TABLES;

--
-- Table structure for table `wf_stage_steps`
--

DROP TABLE IF EXISTS `wf_stage_steps`;
/*!40101 SET @saved_cs_client     = @@character_set_client */;
/*!50503 SET character_set_client = utf8mb4 */;
CREATE TABLE `wf_stage_steps` (
  `id` int NOT NULL AUTO_INCREMENT,
  `wf_stage_id` int NOT NULL,
  `wf_next_stage_id` int NOT NULL,
  `step_type` int NOT NULL,
  `notification_message` text COLLATE utf8mb4_unicode_ci,
  `timeout` int DEFAULT NULL,
  `created` datetime NOT NULL,
  `modified` datetime NOT NULL,
  PRIMARY KEY (`id`),
  KEY `wf_stage_id` (`wf_stage_id`),
  KEY `wf_next_stage_id` (`wf_next_stage_id`),
  CONSTRAINT `wf_stage_steps_ibfk_1` FOREIGN KEY (`wf_stage_id`) REFERENCES `wf_stages` (`id`) ON DELETE CASCADE ON UPDATE CASCADE,
  CONSTRAINT `wf_stage_steps_ibfk_2` FOREIGN KEY (`wf_next_stage_id`) REFERENCES `wf_stages` (`id`) ON DELETE CASCADE ON UPDATE CASCADE
) ENGINE=InnoDB DEFAULT CHARSET=utf8mb4 COLLATE=utf8mb4_unicode_ci;
/*!40101 SET character_set_client = @saved_cs_client */;

--
-- Dumping data for table `wf_stage_steps`
--

LOCK TABLES `wf_stage_steps` WRITE;
/*!40000 ALTER TABLE `wf_stage_steps` DISABLE KEYS */;
/*!40000 ALTER TABLE `wf_stage_steps` ENABLE KEYS */;
UNLOCK TABLES;

--
-- Table structure for table `wf_stages`
--

DROP TABLE IF EXISTS `wf_stages`;
/*!40101 SET @saved_cs_client     = @@character_set_client */;
/*!50503 SET character_set_client = utf8mb4 */;
CREATE TABLE `wf_stages` (
  `id` int NOT NULL AUTO_INCREMENT,
  `model` varchar(155) COLLATE utf8mb4_unicode_ci NOT NULL DEFAULT '',
  `wf_setting_id` int NOT NULL,
  `name` varchar(155) COLLATE utf8mb4_unicode_ci NOT NULL DEFAULT '',
  `description` text COLLATE utf8mb4_unicode_ci NOT NULL,
  `stage_type` int NOT NULL,
  `approval_method` int NOT NULL,
  `timeout` int DEFAULT NULL,
  `parent_id` int DEFAULT NULL,
  `created` datetime NOT NULL,
  `modified` datetime NOT NULL,
  PRIMARY KEY (`id`),
  KEY `wf_setting_id` (`wf_setting_id`),
  KEY `model` (`model`),
  CONSTRAINT `wf_stages_ibfk_1` FOREIGN KEY (`wf_setting_id`) REFERENCES `wf_settings` (`id`) ON DELETE CASCADE ON UPDATE CASCADE,
  CONSTRAINT `wf_stages_ibfk_2` FOREIGN KEY (`model`) REFERENCES `wf_settings` (`model`) ON DELETE CASCADE ON UPDATE CASCADE
) ENGINE=InnoDB DEFAULT CHARSET=utf8mb4 COLLATE=utf8mb4_unicode_ci;
/*!40101 SET character_set_client = @saved_cs_client */;

--
-- Dumping data for table `wf_stages`
--

LOCK TABLES `wf_stages` WRITE;
/*!40000 ALTER TABLE `wf_stages` DISABLE KEYS */;
/*!40000 ALTER TABLE `wf_stages` ENABLE KEYS */;
UNLOCK TABLES;

--
-- Table structure for table `widget_views`
--

DROP TABLE IF EXISTS `widget_views`;
/*!40101 SET @saved_cs_client     = @@character_set_client */;
/*!50503 SET character_set_client = utf8mb4 */;
CREATE TABLE `widget_views` (
  `id` int NOT NULL AUTO_INCREMENT,
  `model` varchar(255) COLLATE utf8mb4_unicode_ci NOT NULL,
  `foreign_key` int NOT NULL,
  `user_id` int NOT NULL,
  `widget_view` datetime NOT NULL,
  `comments_view` datetime NOT NULL,
  `attachments_view` datetime NOT NULL,
  PRIMARY KEY (`id`),
  KEY `user_id` (`user_id`),
  CONSTRAINT `widget_views_ibfk_1` FOREIGN KEY (`user_id`) REFERENCES `users` (`id`) ON DELETE CASCADE ON UPDATE CASCADE
) ENGINE=InnoDB AUTO_INCREMENT=2 DEFAULT CHARSET=utf8mb4 COLLATE=utf8mb4_unicode_ci;
/*!40101 SET character_set_client = @saved_cs_client */;

--
-- Dumping data for table `widget_views`
--

LOCK TABLES `widget_views` WRITE;
/*!40000 ALTER TABLE `widget_views` DISABLE KEYS */;
INSERT INTO `widget_views` VALUES (1,'CompliancePackageRegulators',1,1,'2023-01-18 10:59:02','2023-01-18 10:59:02','2023-01-18 10:59:02');
/*!40000 ALTER TABLE `widget_views` ENABLE KEYS */;
UNLOCK TABLES;

--
-- Table structure for table `workflow_acknowledgements`
--

DROP TABLE IF EXISTS `workflow_acknowledgements`;
/*!40101 SET @saved_cs_client     = @@character_set_client */;
/*!50503 SET character_set_client = utf8mb4 */;
CREATE TABLE `workflow_acknowledgements` (
  `id` int NOT NULL AUTO_INCREMENT,
  `user_id` int NOT NULL,
  `type` varchar(255) COLLATE utf8mb4_unicode_ci NOT NULL,
  `model` varchar(255) COLLATE utf8mb4_unicode_ci NOT NULL,
  `foreign_key` int NOT NULL,
  `resolved` int NOT NULL DEFAULT '0',
  `created` datetime NOT NULL,
  `modified` datetime NOT NULL,
  PRIMARY KEY (`id`),
  KEY `user_id` (`user_id`),
  CONSTRAINT `workflow_acknowledgements_ibfk_1` FOREIGN KEY (`user_id`) REFERENCES `users` (`id`) ON DELETE CASCADE ON UPDATE CASCADE
) ENGINE=InnoDB DEFAULT CHARSET=utf8mb4 COLLATE=utf8mb4_unicode_ci;
/*!40101 SET character_set_client = @saved_cs_client */;

--
-- Dumping data for table `workflow_acknowledgements`
--

LOCK TABLES `workflow_acknowledgements` WRITE;
/*!40000 ALTER TABLE `workflow_acknowledgements` DISABLE KEYS */;
/*!40000 ALTER TABLE `workflow_acknowledgements` ENABLE KEYS */;
UNLOCK TABLES;

--
-- Table structure for table `workflow_items`
--

DROP TABLE IF EXISTS `workflow_items`;
/*!40101 SET @saved_cs_client     = @@character_set_client */;
/*!50503 SET character_set_client = utf8mb4 */;
CREATE TABLE `workflow_items` (
  `id` int NOT NULL AUTO_INCREMENT,
  `model` varchar(255) COLLATE utf8mb4_unicode_ci NOT NULL,
  `foreign_key` int NOT NULL,
  `owner_id` int NOT NULL,
  `status` int NOT NULL,
  `created` datetime NOT NULL,
  `modified` datetime NOT NULL,
  PRIMARY KEY (`id`)
) ENGINE=InnoDB DEFAULT CHARSET=utf8mb4 COLLATE=utf8mb4_unicode_ci;
/*!40101 SET character_set_client = @saved_cs_client */;

--
-- Dumping data for table `workflow_items`
--

LOCK TABLES `workflow_items` WRITE;
/*!40000 ALTER TABLE `workflow_items` DISABLE KEYS */;
/*!40000 ALTER TABLE `workflow_items` ENABLE KEYS */;
UNLOCK TABLES;

--
-- Table structure for table `workflow_logs`
--

DROP TABLE IF EXISTS `workflow_logs`;
/*!40101 SET @saved_cs_client     = @@character_set_client */;
/*!50503 SET character_set_client = utf8mb4 */;
CREATE TABLE `workflow_logs` (
  `id` int NOT NULL AUTO_INCREMENT,
  `model` varchar(255) COLLATE utf8mb4_unicode_ci NOT NULL,
  `foreign_key` int NOT NULL,
  `user_id` int NOT NULL,
  `status` int NOT NULL,
  `ip` varchar(45) COLLATE utf8mb4_unicode_ci NOT NULL,
  `created` datetime NOT NULL,
  `modified` datetime NOT NULL,
  PRIMARY KEY (`id`),
  KEY `user_id` (`user_id`),
  CONSTRAINT `workflow_logs_ibfk_1` FOREIGN KEY (`user_id`) REFERENCES `users` (`id`) ON DELETE CASCADE ON UPDATE CASCADE
) ENGINE=InnoDB DEFAULT CHARSET=utf8mb4 COLLATE=utf8mb4_unicode_ci;
/*!40101 SET character_set_client = @saved_cs_client */;

--
-- Dumping data for table `workflow_logs`
--

LOCK TABLES `workflow_logs` WRITE;
/*!40000 ALTER TABLE `workflow_logs` DISABLE KEYS */;
/*!40000 ALTER TABLE `workflow_logs` ENABLE KEYS */;
UNLOCK TABLES;

--
-- Table structure for table `workflows`
--

DROP TABLE IF EXISTS `workflows`;
/*!40101 SET @saved_cs_client     = @@character_set_client */;
/*!50503 SET character_set_client = utf8mb4 */;
CREATE TABLE `workflows` (
  `id` int NOT NULL AUTO_INCREMENT,
  `model` varchar(255) COLLATE utf8mb4_unicode_ci NOT NULL,
  `name` varchar(255) COLLATE utf8mb4_unicode_ci NOT NULL,
  `notifications` int NOT NULL DEFAULT '1',
  `parent_id` int DEFAULT NULL,
  `created` datetime NOT NULL,
  `modified` datetime NOT NULL,
  PRIMARY KEY (`id`),
  KEY `parent_id` (`parent_id`),
  CONSTRAINT `workflows_ibfk_1` FOREIGN KEY (`parent_id`) REFERENCES `workflows` (`id`) ON DELETE CASCADE ON UPDATE CASCADE
) ENGINE=InnoDB DEFAULT CHARSET=utf8mb4 COLLATE=utf8mb4_unicode_ci;
/*!40101 SET character_set_client = @saved_cs_client */;

--
-- Dumping data for table `workflows`
--

LOCK TABLES `workflows` WRITE;
/*!40000 ALTER TABLE `workflows` DISABLE KEYS */;
/*!40000 ALTER TABLE `workflows` ENABLE KEYS */;
UNLOCK TABLES;

--
-- Table structure for table `workflows_all_approver_items`
--

DROP TABLE IF EXISTS `workflows_all_approver_items`;
/*!40101 SET @saved_cs_client     = @@character_set_client */;
/*!50503 SET character_set_client = utf8mb4 */;
CREATE TABLE `workflows_all_approver_items` (
  `id` int NOT NULL AUTO_INCREMENT,
  `workflow_id` int NOT NULL,
  `foreign_key` int DEFAULT NULL,
  `user_id` int NOT NULL,
  `created` datetime NOT NULL,
  PRIMARY KEY (`id`),
  KEY `user_id` (`user_id`),
  KEY `workflow_id` (`workflow_id`),
  CONSTRAINT `workflows_all_approver_items_ibfk_1` FOREIGN KEY (`user_id`) REFERENCES `users` (`id`) ON DELETE CASCADE ON UPDATE CASCADE,
  CONSTRAINT `workflows_all_approver_items_ibfk_2` FOREIGN KEY (`workflow_id`) REFERENCES `workflows` (`id`) ON DELETE CASCADE ON UPDATE CASCADE
) ENGINE=InnoDB DEFAULT CHARSET=utf8mb4 COLLATE=utf8mb4_unicode_ci;
/*!40101 SET character_set_client = @saved_cs_client */;

--
-- Dumping data for table `workflows_all_approver_items`
--

LOCK TABLES `workflows_all_approver_items` WRITE;
/*!40000 ALTER TABLE `workflows_all_approver_items` DISABLE KEYS */;
/*!40000 ALTER TABLE `workflows_all_approver_items` ENABLE KEYS */;
UNLOCK TABLES;

--
-- Table structure for table `workflows_all_validator_items`
--

DROP TABLE IF EXISTS `workflows_all_validator_items`;
/*!40101 SET @saved_cs_client     = @@character_set_client */;
/*!50503 SET character_set_client = utf8mb4 */;
CREATE TABLE `workflows_all_validator_items` (
  `id` int NOT NULL AUTO_INCREMENT,
  `workflow_id` int NOT NULL,
  `foreign_key` int DEFAULT NULL,
  `user_id` int NOT NULL,
  `created` datetime NOT NULL,
  PRIMARY KEY (`id`),
  KEY `user_id` (`user_id`),
  KEY `workflow_id` (`workflow_id`),
  CONSTRAINT `workflows_all_validator_items_ibfk_1` FOREIGN KEY (`user_id`) REFERENCES `users` (`id`) ON DELETE CASCADE ON UPDATE CASCADE,
  CONSTRAINT `workflows_all_validator_items_ibfk_2` FOREIGN KEY (`workflow_id`) REFERENCES `workflows` (`id`) ON DELETE CASCADE ON UPDATE CASCADE
) ENGINE=InnoDB DEFAULT CHARSET=utf8mb4 COLLATE=utf8mb4_unicode_ci;
/*!40101 SET character_set_client = @saved_cs_client */;

--
-- Dumping data for table `workflows_all_validator_items`
--

LOCK TABLES `workflows_all_validator_items` WRITE;
/*!40000 ALTER TABLE `workflows_all_validator_items` DISABLE KEYS */;
/*!40000 ALTER TABLE `workflows_all_validator_items` ENABLE KEYS */;
UNLOCK TABLES;

--
-- Table structure for table `workflows_approver_scopes`
--

DROP TABLE IF EXISTS `workflows_approver_scopes`;
/*!40101 SET @saved_cs_client     = @@character_set_client */;
/*!50503 SET character_set_client = utf8mb4 */;
CREATE TABLE `workflows_approver_scopes` (
  `id` int NOT NULL AUTO_INCREMENT,
  `workflow_id` int NOT NULL,
  `user_id` int NOT NULL,
  `custom_identifier` varchar(255) COLLATE utf8mb4_unicode_ci NOT NULL,
  `created` datetime NOT NULL,
  `modified` datetime NOT NULL,
  PRIMARY KEY (`id`),
  KEY `user_id` (`user_id`),
  KEY `workflow_id` (`workflow_id`),
  CONSTRAINT `workflows_approver_scopes_ibfk_1` FOREIGN KEY (`user_id`) REFERENCES `users` (`id`) ON DELETE CASCADE ON UPDATE CASCADE,
  CONSTRAINT `workflows_approver_scopes_ibfk_2` FOREIGN KEY (`workflow_id`) REFERENCES `workflows` (`id`) ON DELETE CASCADE ON UPDATE CASCADE
) ENGINE=InnoDB DEFAULT CHARSET=utf8mb4 COLLATE=utf8mb4_unicode_ci;
/*!40101 SET character_set_client = @saved_cs_client */;

--
-- Dumping data for table `workflows_approver_scopes`
--

LOCK TABLES `workflows_approver_scopes` WRITE;
/*!40000 ALTER TABLE `workflows_approver_scopes` DISABLE KEYS */;
/*!40000 ALTER TABLE `workflows_approver_scopes` ENABLE KEYS */;
UNLOCK TABLES;

--
-- Table structure for table `workflows_approvers`
--

DROP TABLE IF EXISTS `workflows_approvers`;
/*!40101 SET @saved_cs_client     = @@character_set_client */;
/*!50503 SET character_set_client = utf8mb4 */;
CREATE TABLE `workflows_approvers` (
  `id` int NOT NULL AUTO_INCREMENT,
  `user_id` int NOT NULL,
  `workflow_id` int NOT NULL,
  `created` datetime NOT NULL,
  `modified` datetime NOT NULL,
  PRIMARY KEY (`id`),
  KEY `workflow_id` (`workflow_id`),
  KEY `user_id` (`user_id`),
  CONSTRAINT `workflows_approvers_ibfk_1` FOREIGN KEY (`workflow_id`) REFERENCES `workflows` (`id`) ON DELETE CASCADE ON UPDATE CASCADE,
  CONSTRAINT `workflows_approvers_ibfk_2` FOREIGN KEY (`user_id`) REFERENCES `users` (`id`) ON DELETE CASCADE ON UPDATE CASCADE
) ENGINE=InnoDB DEFAULT CHARSET=utf8mb4 COLLATE=utf8mb4_unicode_ci;
/*!40101 SET character_set_client = @saved_cs_client */;

--
-- Dumping data for table `workflows_approvers`
--

LOCK TABLES `workflows_approvers` WRITE;
/*!40000 ALTER TABLE `workflows_approvers` DISABLE KEYS */;
/*!40000 ALTER TABLE `workflows_approvers` ENABLE KEYS */;
UNLOCK TABLES;

--
-- Table structure for table `workflows_custom_approvers`
--

DROP TABLE IF EXISTS `workflows_custom_approvers`;
/*!40101 SET @saved_cs_client     = @@character_set_client */;
/*!50503 SET character_set_client = utf8mb4 */;
CREATE TABLE `workflows_custom_approvers` (
  `id` int NOT NULL AUTO_INCREMENT,
  `workflow_id` int NOT NULL,
  `custom_identifier` varchar(255) COLLATE utf8mb4_unicode_ci NOT NULL,
  `created` datetime NOT NULL,
  PRIMARY KEY (`id`)
) ENGINE=InnoDB DEFAULT CHARSET=utf8mb4 COLLATE=utf8mb4_unicode_ci;
/*!40101 SET character_set_client = @saved_cs_client */;

--
-- Dumping data for table `workflows_custom_approvers`
--

LOCK TABLES `workflows_custom_approvers` WRITE;
/*!40000 ALTER TABLE `workflows_custom_approvers` DISABLE KEYS */;
/*!40000 ALTER TABLE `workflows_custom_approvers` ENABLE KEYS */;
UNLOCK TABLES;

--
-- Table structure for table `workflows_custom_validators`
--

DROP TABLE IF EXISTS `workflows_custom_validators`;
/*!40101 SET @saved_cs_client     = @@character_set_client */;
/*!50503 SET character_set_client = utf8mb4 */;
CREATE TABLE `workflows_custom_validators` (
  `id` int NOT NULL AUTO_INCREMENT,
  `workflow_id` int NOT NULL,
  `custom_identifier` varchar(255) COLLATE utf8mb4_unicode_ci NOT NULL,
  `created` datetime NOT NULL,
  PRIMARY KEY (`id`)
) ENGINE=InnoDB DEFAULT CHARSET=utf8mb4 COLLATE=utf8mb4_unicode_ci;
/*!40101 SET character_set_client = @saved_cs_client */;

--
-- Dumping data for table `workflows_custom_validators`
--

LOCK TABLES `workflows_custom_validators` WRITE;
/*!40000 ALTER TABLE `workflows_custom_validators` DISABLE KEYS */;
/*!40000 ALTER TABLE `workflows_custom_validators` ENABLE KEYS */;
UNLOCK TABLES;

--
-- Table structure for table `workflows_validator_scopes`
--

DROP TABLE IF EXISTS `workflows_validator_scopes`;
/*!40101 SET @saved_cs_client     = @@character_set_client */;
/*!50503 SET character_set_client = utf8mb4 */;
CREATE TABLE `workflows_validator_scopes` (
  `id` int NOT NULL AUTO_INCREMENT,
  `workflow_id` int NOT NULL,
  `user_id` int NOT NULL,
  `custom_identifier` varchar(255) COLLATE utf8mb4_unicode_ci NOT NULL,
  `created` datetime NOT NULL,
  `modified` datetime NOT NULL,
  PRIMARY KEY (`id`),
  KEY `user_id` (`user_id`),
  KEY `workflow_id` (`workflow_id`),
  CONSTRAINT `workflows_validator_scopes_ibfk_1` FOREIGN KEY (`user_id`) REFERENCES `users` (`id`) ON DELETE CASCADE ON UPDATE CASCADE,
  CONSTRAINT `workflows_validator_scopes_ibfk_2` FOREIGN KEY (`workflow_id`) REFERENCES `workflows` (`id`) ON DELETE CASCADE ON UPDATE CASCADE
) ENGINE=InnoDB DEFAULT CHARSET=utf8mb4 COLLATE=utf8mb4_unicode_ci;
/*!40101 SET character_set_client = @saved_cs_client */;

--
-- Dumping data for table `workflows_validator_scopes`
--

LOCK TABLES `workflows_validator_scopes` WRITE;
/*!40000 ALTER TABLE `workflows_validator_scopes` DISABLE KEYS */;
/*!40000 ALTER TABLE `workflows_validator_scopes` ENABLE KEYS */;
UNLOCK TABLES;

--
-- Table structure for table `workflows_validators`
--

DROP TABLE IF EXISTS `workflows_validators`;
/*!40101 SET @saved_cs_client     = @@character_set_client */;
/*!50503 SET character_set_client = utf8mb4 */;
CREATE TABLE `workflows_validators` (
  `id` int NOT NULL AUTO_INCREMENT,
  `user_id` int NOT NULL,
  `workflow_id` int NOT NULL,
  `created` datetime NOT NULL,
  `modified` datetime NOT NULL,
  PRIMARY KEY (`id`),
  KEY `workflow_id` (`workflow_id`),
  KEY `user_id` (`user_id`),
  CONSTRAINT `workflows_validators_ibfk_1` FOREIGN KEY (`workflow_id`) REFERENCES `workflows` (`id`) ON DELETE CASCADE ON UPDATE CASCADE,
  CONSTRAINT `workflows_validators_ibfk_2` FOREIGN KEY (`user_id`) REFERENCES `users` (`id`) ON DELETE CASCADE ON UPDATE CASCADE
) ENGINE=InnoDB DEFAULT CHARSET=utf8mb4 COLLATE=utf8mb4_unicode_ci;
/*!40101 SET character_set_client = @saved_cs_client */;

--
-- Dumping data for table `workflows_validators`
--

LOCK TABLES `workflows_validators` WRITE;
/*!40000 ALTER TABLE `workflows_validators` DISABLE KEYS */;
/*!40000 ALTER TABLE `workflows_validators` ENABLE KEYS */;
UNLOCK TABLES;
/*!40103 SET TIME_ZONE=@OLD_TIME_ZONE */;

/*!40101 SET SQL_MODE=@OLD_SQL_MODE */;
/*!40014 SET FOREIGN_KEY_CHECKS=@OLD_FOREIGN_KEY_CHECKS */;
/*!40014 SET UNIQUE_CHECKS=@OLD_UNIQUE_CHECKS */;
/*!40101 SET CHARACTER_SET_CLIENT=@OLD_CHARACTER_SET_CLIENT */;
/*!40101 SET CHARACTER_SET_RESULTS=@OLD_CHARACTER_SET_RESULTS */;
/*!40101 SET COLLATION_CONNECTION=@OLD_COLLATION_CONNECTION */;
/*!40111 SET SQL_NOTES=@OLD_SQL_NOTES */;

-- Dump completed on 2023-01-18 11:10:55
